file,scene,split,kind,density_bucket,boxes,copies_in_export,split_in_export
opencv_frame_10820_png_jpg.jpg,opencv_frame,train,indoor,d0-2,2,15,train
opencv_frame_10820_png_jpg__2.jpg,opencv_frame,train,indoor,d0-2,2,5,test
SeieeDept-023_00469_jpg.jpg,SeieeDept-023,val,outdoor,d3-5,4,4,train
output_mp4-50_jpg.jpg,output_mp4-50,test,indoor,d0-2,2,1,train
Day_202102191756_P_Right_Back_Cut1_00635_jpg.jpg,Day_202102191756_P_Right_Back_Cut1,val,outdoor,d6-10,5,1,train
SJTU_SEIEE-182_330-02083_jpg.jpg,SJTU_SEIEE-182_330,train,unknown,d3-5,5,2,train
SJTU_SEIEE-182_330-02083_jpg__2.jpg,SJTU_SEIEE-182_330,train,unknown,d3-5,5,1,test
Day_2102191726_P_Right_Back_Cut1_00286_jpg.jpg,Day_2102191726_P_Right_Back_Cut1,train,outdoor,d3-5,7,2,train
image_541_jpg.jpg,image,train,indoor,d3-5,3,3,train
image_541_jpg__2.jpg,image,train,indoor,d3-5,3,2,train
image_87_jpg.jpg,image_87,test,indoor,d6-10,9,1,train
01-08-2022__03-32-39PM_jpg.jpg,01-08-2022__03-32-39PM,test,indoor,d3-5,3,2,train
img973602167702_jpg.jpg,img973602167702,train,unknown,d0-2,1,1,train
img973602167702_jpg__2.jpg,img973602167702,train,unknown,d0-2,1,1,test
01-08-2022__10-31-40AM_jpg.jpg,01-08-2022__10-31-40AM,train,indoor,d0-2,2,4,train
SeieeDept-024_00052_jpg.jpg,SeieeDept-024,train,outdoor,d3-5,1,1,train
SeieeDept-024_00052_jpg__2.jpg,SeieeDept-024,train,outdoor,d3-5,1,1,train
Day_202102191756_P_Right_Back_Cut1_00075_jpg.jpg,Day_202102191756_P_Right_Back_Cut1,val,outdoor,d6-10,8,3,test
Day_202102191756_P_Right_Back_Cut1_00075_jpg__2.jpg,Day_202102191756_P_Right_Back_Cut1,val,outdoor,d6-10,8,2,valid
CAM31-23-08-2022__03-32-09PMgt_jpg.jpg,CAM31-23-08-2022__03-32-09PMgt,train,unknown,d0-2,1,4,test
CAM31-23-08-2022__03-32-09PMgt_jpg__2.jpg,CAM31-23-08-2022__03-32-09PMgt,train,unknown,d0-2,1,3,train
Day_2102191726_P_Right_Back_Cut1_00206_jpg.jpg,Day_2102191726_P_Right_Back_Cut1,train,outdoor,d3-5,3,2,train
Day_2102191726_P_Right_Back_Cut1_00206_jpg__2.jpg,Day_2102191726_P_Right_Back_Cut1,train,outdoor,d3-5,3,3,train
Day_06101541_Right_Back_2_Cut1_00340_jpg.jpg,Day_06101541_Right_Back_2_Cut1,train,outdoor,d6-10,6,2,train
Day_06101541_Right_Back_2_Cut1_00340_jpg__2.jpg,Day_06101541_Right_Back_2_Cut1,train,outdoor,d6-10,6,2,valid
01-08-2022__10-31-40AM_jpg__2.jpg,01-08-2022__10-31-40AM,train,indoor,d0-2,2,2,train
25920_jpg.jpg,25920,test,unknown,d10+,11,4,train
25920_jpg__2.jpg,25920,test,unknown,d10+,11,2,train
040843_17_792729_jpg.jpg,040843_17,train,semi,d0-2,1,3,train
SJTU_SEIEE-182_330-02818_jpg.jpg,SJTU_SEIEE-182_330,train,unknown,d3-5,2,3,train
SJTU_SEIEE-182_330-02818_jpg__2.jpg,SJTU_SEIEE-182_330,train,unknown,d3-5,2,4,train
Day_2102191625_N_Right_Back_Cut1_00114_jpg.jpg,Day_2102191625_N_Right_Back_Cut1,train,outdoor,d0-2,3,1,train
BridgeEntrance-006_00413_jpg.jpg,BridgeEntrance-006,test,outdoor,d3-5,3,2,train
01-08-2022__03-06-09PM_jpg.jpg,01-08-2022__03-06-09PM,train,indoor,d3-5,3,2,train
Day_2102191625_N_Right_Back_Cut1_00314_jpg.jpg,Day_2102191625_N_Right_Back_Cut1,train,outdoor,d0-2,2,2,train
Day_02191732_Right_Back_Cut1_00071_jpg.jpg,Day_02191732_Right_Back_Cut1,train,outdoor,d6-10,7,1,train
Day_02191732_Right_Back_Cut1_00261_jpg.jpg,Day_02191732_Right_Back_Cut1,train,outdoor,d6-10,8,1,train
image_595_jpg.jpg,image,train,indoor,d3-5,5,3,train
BridgeEntrance-006_00413_jpg__2.jpg,BridgeEntrance-006,test,outdoor,d3-5,3,1,train
image_595_jpg__2.jpg,image,train,indoor,d3-5,5,1,train
img965796412810_jpg.jpg,img965796412810,train,unknown,d0-2,1,2,train
img965796412810_jpg__2.jpg,img965796412810,train,unknown,d0-2,1,2,valid
img965796412810_jpg__3.jpg,img965796412810,train,unknown,d0-2,1,1,valid
image_567_jpg.jpg,image,train,indoor,d3-5,4,2,test
image_567_jpg__2.jpg,image,train,indoor,d3-5,4,2,train
image_165_jpg.jpg,image,train,indoor,d3-5,7,4,train
img965796299420_jpg.jpg,img965796299420,test,unknown,d0-2,2,1,train
img965796299420_jpg__2.jpg,img965796299420,test,unknown,d0-2,2,1,train
01-08-2022__09-45-16AM_jpg.jpg,01-08-2022__09-45-16AM,val,indoor,d3-5,4,2,valid
Day_07141436_Right_Back_Cut1_00958_jpg.jpg,Day_07141436_Right_Back_Cut1,train,outdoor,d6-10,11,2,train
01-08-2022__09-45-16AM_jpg__2.jpg,01-08-2022__09-45-16AM,val,indoor,d3-5,4,1,valid
Day_06101541_Right_Back_2_Cut1_00570_jpg.jpg,Day_06101541_Right_Back_2_Cut1,train,outdoor,d6-10,9,2,valid
SeieeDept-037_00624_jpg.jpg,SeieeDept-037,train,outdoor,d0-2,1,2,train
SeieeDept-037_00624_jpg__2.jpg,SeieeDept-037,train,outdoor,d0-2,1,1,valid
image_454_jpg.jpg,image,train,indoor,d3-5,7,2,train
image_454_jpg__2.jpg,image,train,indoor,d3-5,7,1,train
CAM23-24-08-2022__09-16-11PMgt_jpg.jpg,CAM23-24-08-2022__09-16-11PMgt,train,unknown,d0-2,1,2,train
01-08-2022__11-50-53AM_jpg.jpg,01-08-2022__11-50-53AM,train,indoor,d0-2,1,3,train
01-08-2022__11-50-53AM_jpg__2.jpg,01-08-2022__11-50-53AM,train,indoor,d0-2,1,2,train
opencv_frame_13835_png_jpg.jpg,opencv_frame,train,indoor,d0-2,1,13,valid
Day_07141436_Right_Back_Cut1_00958_jpg__2.jpg,Day_07141436_Right_Back_Cut1,train,outdoor,d6-10,11,2,train
opencv_frame_13835_png_jpg__2.jpg,opencv_frame,train,indoor,d0-2,1,8,train
opencv_frame_13835_png_jpg__3.jpg,opencv_frame,train,indoor,d0-2,1,1,train
opencv_frame_13835_png_jpg__4.jpg,opencv_frame,train,indoor,d0-2,1,2,valid
Day_2102191726_P_Right_Back_Cut1_00096_jpg.jpg,Day_2102191726_P_Right_Back_Cut1,train,outdoor,d3-5,2,4,test
Day_2102191726_P_Right_Back_Cut1_00096_jpg__2.jpg,Day_2102191726_P_Right_Back_Cut1,train,outdoor,d3-5,2,1,valid
S1-T1-C-03020_jpeg_jpg.jpg,S1-T1-C-03020_jpeg,train,unknown,d3-5,3,4,test
S1-T1-C-03020_jpeg_jpg__2.jpg,S1-T1-C-03020_jpeg,train,unknown,d3-5,3,2,train
image_550_jpg.jpg,image,train,indoor,d3-5,5,5,train
image_550_jpg__2.jpg,image,train,indoor,d3-5,4,1,train
Day_07141436_Right_Back_Cut1_00128_jpg.jpg,Day_07141436_Right_Back_Cut1,train,outdoor,d6-10,3,3,valid
01-08-2022__12-25-43PM_jpg.jpg,01-08-2022__12-25-43PM,test,indoor,d3-5,4,1,train
Day_07141436_Right_Back_Cut1_00128_jpg__2.jpg,Day_07141436_Right_Back_Cut1,train,outdoor,d6-10,3,3,test
Day_07141436_Right_Back_Cut1_00758_jpg.jpg,Day_07141436_Right_Back_Cut1,train,outdoor,d6-10,10,2,train
Day_07141436_Right_Back_Cut1_00758_jpg__2.jpg,Day_07141436_Right_Back_Cut1,train,outdoor,d6-10,10,1,train
01-08-2022__12-53-27PM_jpg.jpg,01-08-2022__12-53-27PM,train,indoor,d0-2,1,3,test
01-08-2022__12-53-27PM_jpg__2.jpg,01-08-2022__12-53-27PM,train,indoor,d0-2,1,1,train
040841_01_715972_jpg.jpg,040841_01,train,semi,d0-2,1,4,train
040841_01_715972_jpg__2.jpg,040841_01,train,semi,d0-2,1,2,train
CrossRoad-001_00028_jpg.jpg,CrossRoad-001,val,outdoor,d0-2,4,1,train
CrossRoad-001_00028_jpg__2.jpg,CrossRoad-001,val,outdoor,d0-2,4,1,train
CAM36-23-08-2022__03-32-09PMgt_jpg.jpg,CAM36-23-08-2022__03-32-09PMgt,train,unknown,d0-2,2,4,train
01-08-2022__12-25-43PM_jpg__2.jpg,01-08-2022__12-25-43PM,test,indoor,d3-5,4,1,test
01-08-2022__10-25-55AM_jpg.jpg,01-08-2022__10-25-55AM,train,indoor,d3-5,5,4,test
SeieeDept-023_00844_jpg.jpg,SeieeDept-023,val,outdoor,d3-5,7,3,train
SeieeDept-023_00844_jpg__2.jpg,SeieeDept-023,val,outdoor,d3-5,7,4,valid
SeieeDept-036_00584_jpg.jpg,SeieeDept-036,train,outdoor,d0-2,1,1,train
01-08-2022__10-59-31AM_jpg.jpg,01-08-2022__10-59-31AM,test,indoor,d3-5,4,1,train
01-08-2022__10-59-31AM_jpg__2.jpg,01-08-2022__10-59-31AM,test,indoor,d3-5,4,2,train
Day_07141436_Right_Back_Cut1_00928_jpg.jpg,Day_07141436_Right_Back_Cut1,train,outdoor,d6-10,10,3,train
Day_07141436_Right_Back_Cut1_00928_jpg__2.jpg,Day_07141436_Right_Back_Cut1,train,outdoor,d6-10,10,3,train
01-08-2022__11-01-43AM_jpg.jpg,01-08-2022__11-01-43AM,train,indoor,d0-2,1,5,test
01-08-2022__11-01-43AM_jpg__2.jpg,01-08-2022__11-01-43AM,train,indoor,d0-2,1,2,train
00502_jpg.jpg,00502,test,unknown,d0-2,2,2,train
img965796327968_jpg.jpg,img965796327968,train,unknown,d6-10,8,3,train
img965796327968_jpg__2.jpg,img965796327968,train,unknown,d6-10,8,1,train
Day_2102191625_N_Right_Back_Cut1_00384_jpg.jpg,Day_2102191625_N_Right_Back_Cut1,train,outdoor,d0-2,1,3,train
Day_2102191709_N_Right_Back_2_Cut1_00641_jpg.jpg,Day_2102191709_N_Right_Back_2_Cut1,test,outdoor,d6-10,5,1,train
Day_2102191709_N_Right_Back_2_Cut1_00641_jpg__2.jpg,Day_2102191709_N_Right_Back_2_Cut1,test,outdoor,d6-10,5,2,train
01-08-2022__03-23-00PM_jpg.jpg,01-08-2022__03-23-00PM,train,indoor,d3-5,3,2,train
Day_202102191756_P_Right_Back_Cut1_00685_jpg.jpg,Day_202102191756_P_Right_Back_Cut1,val,outdoor,d6-10,6,2,train
Day_202102191756_P_Right_Back_Cut1_00685_jpg__2.jpg,Day_202102191756_P_Right_Back_Cut1,val,outdoor,d6-10,6,1,train
Day_2102191709_N_Right_Back_Cut1_00269_jpg.jpg,Day_2102191709_N_Right_Back_Cut1,train,outdoor,d6-10,8,4,train
Day_2102191709_N_Right_Back_Cut1_00269_jpg__2.jpg,Day_2102191709_N_Right_Back_Cut1,train,outdoor,d6-10,8,1,train
Day_2102191709_N_Right_Back_2_Cut2_00210_jpg.jpg,Day_2102191709_N_Right_Back_2_Cut2,train,outdoor,d6-10,4,2,valid
00499_jpg.jpg,00499,train,unknown,d0-2,2,2,train
Day_202102191756_P_Right_Back_Cut1_00545_jpg.jpg,Day_202102191756_P_Right_Back_Cut1,val,outdoor,d6-10,10,4,valid
Day_202102191756_P_Right_Back_Cut1_00545_jpg__2.jpg,Day_202102191756_P_Right_Back_Cut1,val,outdoor,d6-10,10,1,test
Day_2102191709_N_Right_Back_2_Cut2_00090_jpg.jpg,Day_2102191709_N_Right_Back_2_Cut2,train,outdoor,d6-10,6,3,valid
CAM35-23-08-2022__06-33-28PMgt_jpg.jpg,CAM35-23-08-2022__06-33-28PMgt,train,unknown,d0-2,2,1,train
CAM35-23-08-2022__06-33-28PMgt_jpg__2.jpg,CAM35-23-08-2022__06-33-28PMgt,train,unknown,d0-2,2,3,train
image_700_jpg.jpg,image,train,indoor,d3-5,4,3,train
image_700_jpg__2.jpg,image,train,indoor,d3-5,4,3,train
Day_07141436_Right_Back_Cut1_01248_jpg.jpg,Day_07141436_Right_Back_Cut1,train,outdoor,d6-10,9,2,train
SeieeDept-023_00524_jpg.jpg,SeieeDept-023,val,outdoor,d3-5,4,2,train
SeieeDept-023_00524_jpg__2.jpg,SeieeDept-023,val,outdoor,d3-5,4,1,train
opencv_frame_13750_png_jpg.jpg,opencv_frame,train,indoor,d0-2,1,4,test
SeieeDept-023_00467_jpg.jpg,SeieeDept-023,val,outdoor,d3-5,2,3,train
CrossRoad-001_00116_jpg.jpg,CrossRoad-001,val,outdoor,d0-2,1,3,train
01-08-2022__09-29-45AM_jpg.jpg,01-08-2022__09-29-45AM,train,indoor,d3-5,4,3,train
01899_jpg.jpg,01899,train,unknown,d0-2,1,2,train
output_mp4-178_jpg.jpg,output_mp4,val,indoor,d0-2,2,3,train
output_mp4-178_jpg__2.jpg,output_mp4,val,indoor,d0-2,2,7,train
opencv_frame_13750_png_jpg__2.jpg,opencv_frame,train,indoor,d0-2,1,2,train
output_mp4-178_jpg__3.jpg,output_mp4,val,indoor,d0-2,2,2,train
output_mp4-178_jpg__4.jpg,output_mp4,val,indoor,d0-2,2,2,test
image_428_jpg.jpg,image,train,indoor,d3-5,5,2,train
image_428_jpg__2.jpg,image,train,indoor,d3-5,5,1,test
01981_jpg.jpg,01981,train,unknown,d0-2,1,4,train
01981_jpg__2.jpg,01981,train,unknown,d0-2,1,1,valid
BridgeEntrance-004_00468_jpg.jpg,BridgeEntrance-004,train,outdoor,d0-2,1,2,train
SeieeDept-015_00003_jpg.jpg,SeieeDept-015,train,outdoor,d0-2,6,3,train
SeieeDept-015_00003_jpg__2.jpg,SeieeDept-015,train,outdoor,d0-2,6,3,valid
Day_07141436_Right_Back_Cut1_00078_jpg.jpg,Day_07141436_Right_Back_Cut1,train,outdoor,d6-10,2,1,train
opencv_frame_13750_png_jpg__3.jpg,opencv_frame,train,indoor,d0-2,1,3,train
Day_07141436_Right_Back_Cut1_00078_jpg__2.jpg,Day_07141436_Right_Back_Cut1,train,outdoor,d6-10,3,1,train
00979_jpg.jpg,00979,train,unknown,d0-2,1,2,valid
00979_jpg__2.jpg,00979,train,unknown,d0-2,1,1,train
01-08-2022__10-50-15AM_jpg.jpg,01-08-2022__10-50-15AM,train,indoor,d3-5,5,5,train
SJTU_SEIEE-182_330-02794_jpg.jpg,SJTU_SEIEE-182_330,train,unknown,d3-5,2,3,train
SJTU_SEIEE-182_330-02794_jpg__2.jpg,SJTU_SEIEE-182_330,train,unknown,d3-5,2,2,valid
image_60_jpg.jpg,image_60,train,indoor,d3-5,4,1,train
Day_202102191756_P_Right_Back_Cut1_00045_jpg.jpg,Day_202102191756_P_Right_Back_Cut1,val,outdoor,d6-10,6,1,train
image_445_jpg.jpg,image,train,indoor,d3-5,2,2,train
image_445_jpg__2.jpg,image,train,indoor,d3-5,2,1,valid
opencv_frame_13750_png_jpg__4.jpg,opencv_frame,train,indoor,d0-2,1,2,train
Day_2102191726_P_Right_Back_Cut1_00046_jpg.jpg,Day_2102191726_P_Right_Back_Cut1,train,outdoor,d3-5,2,2,train
Day_2102191726_P_Right_Back_Cut1_00046_jpg__2.jpg,Day_2102191726_P_Right_Back_Cut1,train,outdoor,d3-5,2,3,train
040843_16_605313_jpg.jpg,040843_16,train,semi,d0-2,1,2,train
6_png_jpg.jpg,6,train,unknown,d3-5,1,6,train
6_png_jpg__2.jpg,6,train,unknown,d3-5,5,5,train
CAM43-15-09-2022__09-53-14AMgt_jpg.jpg,CAM43-15-09-2022__09-53-14AMgt,val,unknown,d3-5,3,5,train
Day_2102191625_N_Right_Back_Cut1_00554_jpg.jpg,Day_2102191625_N_Right_Back_Cut1,train,outdoor,d0-2,3,2,valid
img97360213180_jpg.jpg,img97360213180,train,unknown,d3-5,3,2,valid
img97360213180_jpg__2.jpg,img97360213180,train,unknown,d3-5,3,2,test
Day_2102191709_N_Right_Back_2_Cut1_00151_jpg.jpg,Day_2102191709_N_Right_Back_2_Cut1,test,outdoor,d6-10,7,3,train
img96579671192_jpg.jpg,img96579671192,train,unknown,d3-5,3,3,train
Day_2102191709_N_Right_Back_2_Cut1_00151_jpg__2.jpg,Day_2102191709_N_Right_Back_2_Cut1,test,outdoor,d6-10,7,2,valid
01822_jpg.jpg,01822,train,unknown,d0-2,2,4,train
01822_jpg__2.jpg,01822,train,unknown,d0-2,2,2,valid
image_48_jpg.jpg,image_48,train,indoor,d3-5,3,2,train
image_48_jpg__2.jpg,image_48,train,indoor,d3-5,3,1,train
00298_jpg.jpg,00298,train,unknown,d0-2,2,2,train
image_781_jpg.jpg,image,train,indoor,d3-5,7,2,valid
image_781_jpg__2.jpg,image,train,indoor,d3-5,7,2,train
output1_mp4-164_jpg.jpg,output1_mp4,train,unknown,d0-2,1,5,train
output1_mp4-164_jpg__2.jpg,output1_mp4,train,unknown,d0-2,1,1,train
img96579671192_jpg__2.jpg,img96579671192,train,unknown,d3-5,3,1,train
output1_mp4-164_jpg__3.jpg,output1_mp4,train,unknown,d0-2,1,1,train
output1_mp4-164_jpg__4.jpg,output1_mp4,train,unknown,d0-2,1,3,train
image_147_jpg.jpg,image,train,indoor,d3-5,5,1,train
image_751_jpg.jpg,image,train,indoor,d3-5,3,1,train
Day_202102191756_P_Right_Back_Cut1_00805_jpg.jpg,Day_202102191756_P_Right_Back_Cut1,val,outdoor,d6-10,6,3,train
Day_202102191756_P_Right_Back_Cut1_00805_jpg__2.jpg,Day_202102191756_P_Right_Back_Cut1,val,outdoor,d6-10,6,2,valid
00398_jpg.jpg,00398,train,unknown,d0-2,1,2,test
image_54_jpg.jpg,image_54,train,indoor,d3-5,4,2,train
image_54_jpg__2.jpg,image_54,train,indoor,d3-5,4,2,valid
image_478_jpg.jpg,image,train,indoor,d3-5,4,3,train
SJTU_SEIEE-182_330-02914_jpg.jpg,SJTU_SEIEE-182_330,train,unknown,d3-5,3,5,train
01-08-2022__09-37-29AM_jpg.jpg,01-08-2022__09-37-29AM,train,indoor,d3-5,3,3,train
opencv_frame_10800_png_jpg.jpg,opencv_frame,train,indoor,d0-2,2,4,test
opencv_frame_10800_png_jpg__2.jpg,opencv_frame,train,indoor,d0-2,2,2,train
opencv_frame_10800_png_jpg__3.jpg,opencv_frame,train,indoor,d0-2,2,2,valid
00847_jpg.jpg,00847,train,unknown,d0-2,1,3,train
00847_jpg__2.jpg,00847,train,unknown,d0-2,1,1,train
01-08-2022__08-31-08AM_jpg.jpg,01-08-2022__08-31-08AM,test,indoor,d3-5,4,1,train
01-08-2022__08-31-08AM_jpg__2.jpg,01-08-2022__08-31-08AM,test,indoor,d3-5,4,2,valid
img965796344777_jpg.jpg,img965796344777,val,unknown,d6-10,7,2,train
Day_06101541_Right_Back_2_Cut1_00260_jpg.jpg,Day_06101541_Right_Back_2_Cut1,train,outdoor,d6-10,4,4,train
img97360296372_jpg.jpg,img97360296372,train,unknown,d0-2,1,2,train
Day_06101541_Right_Back_2_Cut1_00260_jpg__2.jpg,Day_06101541_Right_Back_2_Cut1,train,outdoor,d6-10,4,2,train
01-08-2022__12-22-53PM_jpg.jpg,01-08-2022__12-22-53PM,train,indoor,d0-2,2,4,train
01-08-2022__12-22-53PM_jpg__2.jpg,01-08-2022__12-22-53PM,train,indoor,d0-2,2,2,train
Day_2102191709_N_Right_Back_2_Cut1_00721_jpg.jpg,Day_2102191709_N_Right_Back_2_Cut1,test,outdoor,d6-10,6,3,train
Day_2102191709_N_Right_Back_2_Cut1_00721_jpg__2.jpg,Day_2102191709_N_Right_Back_2_Cut1,test,outdoor,d6-10,6,3,train
01785_jpg.jpg,01785,train,unknown,d0-2,1,3,valid
Day_2102191726_P_Right_Back_Cut1_00056_jpg.jpg,Day_2102191726_P_Right_Back_Cut1,train,outdoor,d3-5,3,3,train
Day_2102191726_P_Right_Back_Cut1_00056_jpg__2.jpg,Day_2102191726_P_Right_Back_Cut1,train,outdoor,d3-5,3,1,train
01-08-2022__12-53-28PM_jpg.jpg,01-08-2022__12-53-28PM,train,indoor,d0-2,1,3,train
01-08-2022__12-53-28PM_jpg__2.jpg,01-08-2022__12-53-28PM,train,indoor,d0-2,1,2,train
img97360296372_jpg__2.jpg,img97360296372,train,unknown,d0-2,1,3,valid
Day_08051212_Right_Back_Cut1_00053_jpg.jpg,Day_08051212_Right_Back_Cut1,test,outdoor,d0-2,1,4,train
img97360219548_jpg.jpg,img97360219548,train,unknown,d3-5,4,5,train
img97360219548_jpg__2.jpg,img97360219548,train,unknown,d3-5,4,2,test
SeieeDept-037_00382_jpg.jpg,SeieeDept-037,train,outdoor,d0-2,1,3,train
SeieeDept-022_00659_jpg.jpg,SeieeDept-022,train,outdoor,d0-2,2,3,train
SeieeDept-022_00659_jpg__2.jpg,SeieeDept-022,train,outdoor,d0-2,2,2,train
opencv_frame_19420_png_jpg.jpg,opencv_frame,train,indoor,d0-2,1,3,train
opencv_frame_19420_png_jpg__2.jpg,opencv_frame,train,indoor,d0-2,1,2,valid
opencv_frame_19420_png_jpg__3.jpg,opencv_frame,train,indoor,d0-2,1,1,train
Day_202102191756_P_Right_Back_Cut1_00265_jpg.jpg,Day_202102191756_P_Right_Back_Cut1,val,outdoor,d6-10,5,3,train
Day_2102191709_N_Right_Back_2_Cut2_00210_jpg__2.jpg,Day_2102191709_N_Right_Back_2_Cut2,train,outdoor,d6-10,4,1,train
01-08-2022__12-04-51PM_jpg.jpg,01-08-2022__12-04-51PM,train,indoor,d0-2,2,4,test
Day_202102191756_P_Right_Back_Cut1_00265_jpg__2.jpg,Day_202102191756_P_Right_Back_Cut1,val,outdoor,d6-10,5,1,train
01299_jpg.jpg,01299,train,unknown,d0-2,1,4,train
img973602181894_jpg.jpg,img973602181894,train,unknown,d3-5,3,2,train
img973602181894_jpg__2.jpg,img973602181894,train,unknown,d3-5,3,2,train
Day_07141436_Right_Back_Cut1_00618_jpg.jpg,Day_07141436_Right_Back_Cut1,train,outdoor,d6-10,7,3,train
Day_07141436_Right_Back_Cut1_00618_jpg__2.jpg,Day_07141436_Right_Back_Cut1,train,outdoor,d6-10,6,1,valid
Day_07141436_Right_Back_Cut1_01088_jpg.jpg,Day_07141436_Right_Back_Cut1,train,outdoor,d6-10,10,1,train
Day_07141436_Right_Back_Cut1_01088_jpg__2.jpg,Day_07141436_Right_Back_Cut1,train,outdoor,d6-10,8,1,train
image_576_jpg.jpg,image,train,indoor,d3-5,4,3,train
image_576_jpg__2.jpg,image,train,indoor,d3-5,4,3,train
01-08-2022__12-15-06PM_jpg.jpg,01-08-2022__12-15-06PM,train,indoor,d0-2,2,1,train
01-08-2022__08-38-49AM_jpg.jpg,01-08-2022__08-38-49AM,train,indoor,d0-2,2,5,train
040840_50_599205_jpg.jpg,040840_50,train,semi,d0-2,1,3,train
Day_202102191756_P_Right_Back_Cut1_00835_jpg.jpg,Day_202102191756_P_Right_Back_Cut1,val,outdoor,d6-10,4,3,valid
Day_202102191756_P_Right_Back_Cut1_00835_jpg__2.jpg,Day_202102191756_P_Right_Back_Cut1,val,outdoor,d6-10,4,1,test
opencv_frame_20075_png_jpg.jpg,opencv_frame,train,indoor,d0-2,1,7,train
opencv_frame_20075_png_jpg__2.jpg,opencv_frame,train,indoor,d0-2,1,3,train
image_413_jpg.jpg,image,train,indoor,d3-5,6,3,train
image_770_jpg.jpg,image,train,indoor,d3-5,4,3,valid
image_770_jpg__2.jpg,image,train,indoor,d3-5,4,1,test
CAM35-26-08-2022__05-14-47PMgt_jpg.jpg,CAM35-26-08-2022__05-14-47PMgt,train,unknown,d0-2,1,4,train
01-08-2022__12-15-06PM_jpg__2.jpg,01-08-2022__12-15-06PM,train,indoor,d0-2,2,1,train
image_408_jpg.jpg,image,train,indoor,d3-5,1,3,train
040840_51_770998_jpg.jpg,040840_51,train,semi,d0-2,1,2,train
040840_51_770998_jpg__2.jpg,040840_51,train,semi,d0-2,1,1,train
01-08-2022__08-45-01AM_jpg.jpg,01-08-2022__08-45-01AM,train,indoor,d0-2,1,2,valid
SeieeDept-051_00532_jpg.jpg,SeieeDept-051,train,outdoor,d0-2,1,2,train
img965796218462_jpg.jpg,img965796218462,val,unknown,d3-5,5,3,train
img965796218462_jpg__2.jpg,img965796218462,val,unknown,d3-5,5,2,valid
Day_07141436_Right_Back_Cut1_00238_jpg.jpg,Day_07141436_Right_Back_Cut1,train,outdoor,d6-10,3,1,train
opencv_frame_19410_png_jpg.jpg,opencv_frame,train,indoor,d0-2,1,3,train
opencv_frame_19410_png_jpg__2.jpg,opencv_frame,train,indoor,d0-2,1,1,train
01-08-2022__02-33-36PM_jpg.jpg,01-08-2022__02-33-36PM,train,indoor,d6-10,6,3,train
opencv_frame_19410_png_jpg__3.jpg,opencv_frame,train,indoor,d0-2,1,1,train
CAM46-15-09-2022__09-53-14AMgt_jpg.jpg,CAM46-15-09-2022__09-53-14AMgt,test,unknown,d0-2,2,1,train
CAM46-15-09-2022__09-53-14AMgt_jpg__2.jpg,CAM46-15-09-2022__09-53-14AMgt,test,unknown,d0-2,1,1,train
img965796435740_jpg.jpg,img965796435740,train,unknown,d3-5,5,3,test
img965796435740_jpg__2.jpg,img965796435740,train,unknown,d3-5,5,2,train
Day_2102191625_N_Right_Back_Cut1_00224_jpg.jpg,Day_2102191625_N_Right_Back_Cut1,train,outdoor,d0-2,2,2,train
Day_2102191625_N_Right_Back_Cut1_00224_jpg__2.jpg,Day_2102191625_N_Right_Back_Cut1,train,outdoor,d0-2,2,4,train
img97032436589_jpg.jpg,img97032436589,train,unknown,d0-2,2,2,train
img97032436589_jpg__2.jpg,img97032436589,train,unknown,d0-2,2,3,train
img97032436589_jpg__3.jpg,img97032436589,train,unknown,d0-2,2,3,test
BridgeEntrance-001_00260_jpg.jpg,BridgeEntrance-001,train,outdoor,d0-2,1,3,train
output_mp4-83_jpg.jpg,output_mp4-83,test,indoor,d0-2,2,9,train
output_mp4-83_jpg__2.jpg,output_mp4-83,test,indoor,d0-2,2,3,valid
output_mp4-83_jpg__3.jpg,output_mp4-83,test,indoor,d0-2,2,3,train
output_mp4-83_jpg__4.jpg,output_mp4-83,test,indoor,d0-2,2,1,test
01-08-2022__11-20-03AM_jpg.jpg,01-08-2022__11-20-03AM,val,indoor,d3-5,3,5,train
01-08-2022__11-20-03AM_jpg__2.jpg,01-08-2022__11-20-03AM,val,indoor,d3-5,3,1,test
img970324151024_jpg.jpg,img970324151024,train,unknown,d3-5,4,3,train
image_795_jpg.jpg,image,train,indoor,d3-5,6,2,train
image_795_jpg__2.jpg,image,train,indoor,d3-5,6,3,valid
SeieeDept-030_00922_jpg.jpg,SeieeDept-030,train,outdoor,d0-2,1,2,train
BridgeEntrance-001_00260_jpg__2.jpg,BridgeEntrance-001,train,outdoor,d0-2,1,1,valid
image_765_jpg.jpg,image,train,indoor,d3-5,5,2,train
Day_2102191625_N_Right_Back_Cut1_00144_jpg.jpg,Day_2102191625_N_Right_Back_Cut1,train,outdoor,d0-2,3,3,test
CAM15-15-09-2022__09-51-42AMgt_jpg.jpg,CAM15-15-09-2022__09-51-42AMgt,train,unknown,d0-2,1,5,valid
CAM15-15-09-2022__09-51-42AMgt_jpg__2.jpg,CAM15-15-09-2022__09-51-42AMgt,train,unknown,d0-2,1,1,train
output1_mp4-0_jpg.jpg,output1_mp4-0,test,unknown,d0-2,1,2,train
output1_mp4-0_jpg__2.jpg,output1_mp4-0,test,unknown,d0-2,1,1,train
01-08-2022__12-41-05PM_jpg.jpg,01-08-2022__12-41-05PM,train,indoor,d6-10,7,2,train
Day_07141436_Right_Back_Cut1_00888_jpg.jpg,Day_07141436_Right_Back_Cut1,train,outdoor,d6-10,8,1,train
image_330_jpg.jpg,image,train,indoor,d3-5,3,1,train
01-08-2022__03-56-43PM_jpg.jpg,01-08-2022__03-56-43PM,train,indoor,d0-2,2,4,train
img965796290537_jpg.jpg,img965796290537,train,unknown,d3-5,4,3,valid
Day_02191732_Right_Back_Cut1_00451_jpg.jpg,Day_02191732_Right_Back_Cut1,train,outdoor,d6-10,7,3,train
Day_02191732_Right_Back_Cut1_00451_jpg__2.jpg,Day_02191732_Right_Back_Cut1,train,outdoor,d6-10,7,2,train
Day_2102191709_N_Right_Back_2_Cut2_00200_jpg.jpg,Day_2102191709_N_Right_Back_2_Cut2,train,outdoor,d6-10,3,5,train
SeieeDept-027_00853_jpg.jpg,SeieeDept-027,train,outdoor,d0-2,1,2,valid
SeieeDept-027_00853_jpg__2.jpg,SeieeDept-027,train,outdoor,d0-2,1,3,train
image_704_jpg.jpg,image,train,indoor,d3-5,5,4,train
image_704_jpg__2.jpg,image,train,indoor,d3-5,5,2,test
image_150_jpg.jpg,image,train,indoor,d3-5,6,3,train
image_150_jpg__2.jpg,image,train,indoor,d3-5,6,1,valid
01-08-2022__03-56-43PM_jpg__2.jpg,01-08-2022__03-56-43PM,train,indoor,d0-2,2,2,train
image_68_jpg.jpg,image_68,test,indoor,d3-5,4,2,train
image_68_jpg__2.jpg,image_68,test,indoor,d3-5,4,3,test
040843_17_199023_jpg.jpg,040843_17,train,semi,d0-2,1,3,valid
040843_17_199023_jpg__2.jpg,040843_17,train,semi,d0-2,1,1,train
01-08-2022__01-40-10PM_jpg.jpg,01-08-2022__01-40-10PM,train,indoor,d0-2,2,3,train
01-08-2022__01-40-10PM_jpg__2.jpg,01-08-2022__01-40-10PM,train,indoor,d0-2,2,2,train
image_16_jpg.jpg,image_16,val,indoor,d3-5,5,4,valid
040843_12_824329_jpg.jpg,040843_12,train,semi,d0-2,1,1,train
image_251_jpg.jpg,image,train,indoor,d3-5,5,2,train
Day_2102191625_N_Right_Back_Cut1_00864_jpg.jpg,Day_2102191625_N_Right_Back_Cut1,train,outdoor,d0-2,3,3,valid
Day_2102191625_N_Right_Back_Cut1_00864_jpg__2.jpg,Day_2102191625_N_Right_Back_Cut1,train,outdoor,d0-2,3,3,train
image_633_jpg.jpg,image,train,indoor,d3-5,3,1,train
image_633_jpg__2.jpg,image,train,indoor,d3-5,3,1,test
image_528_jpg.jpg,image,train,indoor,d3-5,3,2,train
image_736_jpg.jpg,image,train,indoor,d3-5,3,4,train
image_736_jpg__2.jpg,image,train,indoor,d3-5,3,4,train
01-08-2022__03-51-25PM_jpg.jpg,01-08-2022__03-51-25PM,test,indoor,d3-5,3,2,train
01-08-2022__10-38-58AM_jpg.jpg,01-08-2022__10-38-58AM,train,indoor,d0-2,2,2,valid
01961_jpg.jpg,01961,train,unknown,d0-2,1,1,train
01-08-2022__03-51-25PM_jpg__2.jpg,01-08-2022__03-51-25PM,test,indoor,d3-5,3,2,train
CrossRoad-001_00137_jpg.jpg,CrossRoad-001,val,outdoor,d0-2,4,3,train
CrossRoad-001_00137_jpg__2.jpg,CrossRoad-001,val,outdoor,d0-2,4,1,train
Day_2102191709_N_Right_Back_2_Cut2_00020_jpg.jpg,Day_2102191709_N_Right_Back_2_Cut2,train,outdoor,d6-10,6,2,train
Day_2102191709_N_Right_Back_2_Cut2_00020_jpg__2.jpg,Day_2102191709_N_Right_Back_2_Cut2,train,outdoor,d6-10,6,1,valid
040840_46_630737_jpg.jpg,040840_46,train,semi,d0-2,1,1,train
040840_46_630737_jpg__2.jpg,040840_46,train,semi,d0-2,1,2,train
SeieeDept-032_00917_jpg.jpg,SeieeDept-032,train,outdoor,d0-2,1,2,train
img965796166654_jpg.jpg,img965796166654,train,unknown,d0-2,1,2,train
040841_01_903459_jpg.jpg,040841_01,train,semi,d0-2,1,3,train
img97032491425_jpg.jpg,img97032491425,train,unknown,d0-2,2,3,train
CAM11-15-09-2022__05-50-10PMgt_jpg.jpg,CAM11-15-09-2022__05-50-10PMgt,val,unknown,d3-5,4,1,train
CrossRoad-001_00143_jpg.jpg,CrossRoad-001,val,outdoor,d0-2,5,4,train
CrossRoad-001_00143_jpg__2.jpg,CrossRoad-001,val,outdoor,d0-2,5,3,valid
image00500_jpg.jpg,image00500,test,indoor,d10+,33,3,train
image00500_jpg__2.jpg,image00500,test,indoor,d10+,35,1,train
img973602148988_jpg.jpg,img973602148988,train,unknown,d0-2,1,1,train
img973602148988_jpg__2.jpg,img973602148988,train,unknown,d0-2,1,2,valid
Day_07141436_Right_Back_Cut1_00458_jpg.jpg,Day_07141436_Right_Back_Cut1,train,outdoor,d6-10,4,5,train
Day_2102191709_N_Right_Back_2_Cut1_00311_jpg.jpg,Day_2102191709_N_Right_Back_2_Cut1,test,outdoor,d6-10,5,1,train
Day_2102191709_N_Right_Back_2_Cut1_00311_jpg__2.jpg,Day_2102191709_N_Right_Back_2_Cut1,test,outdoor,d6-10,5,2,train
BridgeEntrance-006_00180_jpg.jpg,BridgeEntrance-006,test,outdoor,d3-5,3,1,train
output1_mp4-152_jpg.jpg,output1_mp4,train,unknown,d0-2,2,3,train
output1_mp4-152_jpg__2.jpg,output1_mp4,train,unknown,d0-2,2,2,train
output1_mp4-152_jpg__3.jpg,output1_mp4,train,unknown,d0-2,2,1,train
01-08-2022__11-13-11AM_jpg.jpg,01-08-2022__11-13-11AM,train,indoor,d3-5,4,2,train
1ade0da997ae4adc9f4512ea9e503d7f_jpg.jpg,1ade0da997ae4adc9f4512ea9e503d7f,train,unknown,d0-2,2,4,train
Day_07141436_Right_Back_Cut1_00318_jpg.jpg,Day_07141436_Right_Back_Cut1,train,outdoor,d6-10,3,3,train
Day_07141436_Right_Back_Cut1_00318_jpg__2.jpg,Day_07141436_Right_Back_Cut1,train,outdoor,d6-10,3,3,train
Day_08051212_Right_Back_Cut1_00123_jpg.jpg,Day_08051212_Right_Back_Cut1,test,outdoor,d0-2,1,3,train
Day_08051212_Right_Back_Cut1_00123_jpg__2.jpg,Day_08051212_Right_Back_Cut1,test,outdoor,d0-2,1,3,test
2e906246-7e1c-4131-9b27-a6fbe0cd6d91_jpg.jpg,2e906246-7e1c-4131-9b27-a6fbe0cd6d91,train,unknown,d0-2,1,1,train
BridgeEntrance-006_00180_jpg__2.jpg,BridgeEntrance-006,test,outdoor,d3-5,3,2,valid
2e906246-7e1c-4131-9b27-a6fbe0cd6d91_jpg__2.jpg,2e906246-7e1c-4131-9b27-a6fbe0cd6d91,train,unknown,d0-2,1,2,valid
CrossRoad-001_00012_jpg.jpg,CrossRoad-001,val,outdoor,d0-2,2,2,valid
Day_06101541_Right_Back_2_Cut1_00560_jpg.jpg,Day_06101541_Right_Back_2_Cut1,train,outdoor,d6-10,8,2,valid
Day_06101541_Right_Back_2_Cut1_00560_jpg__2.jpg,Day_06101541_Right_Back_2_Cut1,train,outdoor,d6-10,8,1,train
Day_2102191709_N_Right_Back_2_Cut1_00301_jpg.jpg,Day_2102191709_N_Right_Back_2_Cut1,test,outdoor,d6-10,4,1,train
S1-T1-C-01039_jpeg_jpg.jpg,S1-T1-C-01039_jpeg,train,unknown,d3-5,5,2,train
Day_2102191709_N_Right_Back_2_Cut1_00181_jpg.jpg,Day_2102191709_N_Right_Back_2_Cut1,test,outdoor,d6-10,7,2,test
Day_2102191709_N_Right_Back_2_Cut1_00181_jpg__2.jpg,Day_2102191709_N_Right_Back_2_Cut1,test,outdoor,d6-10,7,1,train
01-08-2022__10-26-48AM_jpg.jpg,01-08-2022__10-26-48AM,train,indoor,d0-2,2,2,train
01-08-2022__10-26-48AM_jpg__2.jpg,01-08-2022__10-26-48AM,train,indoor,d0-2,2,3,train
Day_2102191625_N_Right_Back_Cut1_00504_jpg.jpg,Day_2102191625_N_Right_Back_Cut1,train,outdoor,d0-2,1,2,train
Day_202102191756_P_Right_Back_Cut1_00735_jpg.jpg,Day_202102191756_P_Right_Back_Cut1,val,outdoor,d6-10,9,2,train
image_190_jpg.jpg,image,train,indoor,d3-5,2,4,train
4107db7a-0580-4ab9-b5c1-8031ad53dd92_jpg.jpg,4107db7a-0580-4ab9-b5c1-8031ad53dd92,train,unknown,d6-10,6,1,train
4107db7a-0580-4ab9-b5c1-8031ad53dd92_jpg__2.jpg,4107db7a-0580-4ab9-b5c1-8031ad53dd92,train,unknown,d6-10,6,1,test
img965796289058_jpg.jpg,img965796289058,train,unknown,d3-5,4,2,train
img965796289058_jpg__2.jpg,img965796289058,train,unknown,d3-5,4,3,valid
01-08-2022__03-27-45PM_jpg.jpg,01-08-2022__03-27-45PM,test,indoor,d3-5,3,2,train
01-08-2022__03-27-45PM_jpg__2.jpg,01-08-2022__03-27-45PM,test,indoor,d3-5,3,2,train
image_318_jpg.jpg,image,train,indoor,d3-5,6,1,train
image_318_jpg__2.jpg,image,train,indoor,d3-5,6,2,train
Day_2102191625_N_Right_Back_Cut1_00504_jpg__2.jpg,Day_2102191625_N_Right_Back_Cut1,train,outdoor,d0-2,1,2,train
Road-004_00332_jpg.jpg,Road-004,train,outdoor,d0-2,3,1,train
6b782be5-16fd-4e71-a616-7e35fd391759_jpg.jpg,6b782be5-16fd-4e71-a616-7e35fd391759,train,unknown,d3-5,3,2,valid
01-08-2022__11-14-43AM_jpg.jpg,01-08-2022__11-14-43AM,train,indoor,d3-5,4,2,train
img973602109914_jpg.jpg,img973602109914,train,unknown,d0-2,1,3,train
img973602109914_jpg__2.jpg,img973602109914,train,unknown,d0-2,1,3,valid
01-08-2022__02-27-17PM_jpg.jpg,01-08-2022__02-27-17PM,train,indoor,d0-2,1,3,valid
01-08-2022__02-27-17PM_jpg__2.jpg,01-08-2022__02-27-17PM,train,indoor,d0-2,1,1,valid
SeieeDept-024_00091_jpg.jpg,SeieeDept-024,train,outdoor,d3-5,2,2,train
SeieeDept-024_00091_jpg__2.jpg,SeieeDept-024,train,outdoor,d3-5,2,4,train
01230_jpg.jpg,01230,train,unknown,d0-2,1,3,train
1_png_jpg.jpg,1,train,unknown,d0-2,2,9,test
01230_jpg__2.jpg,01230,train,unknown,d0-2,1,3,train
img97032423713_jpg.jpg,img97032423713,val,unknown,d0-2,2,1,train
Day_08051212_Right_Back_Cut1_00183_jpg.jpg,Day_08051212_Right_Back_Cut1,test,outdoor,d0-2,1,5,train
Day_08051212_Right_Back_Cut1_00183_jpg__2.jpg,Day_08051212_Right_Back_Cut1,test,outdoor,d0-2,1,4,train
Day_202102191756_P_Right_Back_Cut1_00095_jpg.jpg,Day_202102191756_P_Right_Back_Cut1,val,outdoor,d6-10,7,1,train
CAM21-15-09-2022__05-50-10PMgt_jpg.jpg,CAM21-15-09-2022__05-50-10PMgt,train,unknown,d3-5,4,2,train
01-08-2022__02-57-22PM_jpg.jpg,01-08-2022__02-57-22PM,test,indoor,d3-5,3,1,train
01-08-2022__02-57-22PM_jpg__2.jpg,01-08-2022__02-57-22PM,test,indoor,d3-5,3,1,train
01902_jpg.jpg,01902,train,unknown,d0-2,1,2,test
01902_jpg__2.jpg,01902,train,unknown,d0-2,1,2,valid
1_png_jpg__2.jpg,1,train,unknown,d0-2,1,4,train
CAM46-15-09-2022__05-51-43PMgt_jpg.jpg,CAM46-15-09-2022__05-51-43PMgt,train,unknown,d3-5,5,1,train
image_860_jpg.jpg,image,train,indoor,d3-5,6,2,train
image_860_jpg__2.jpg,image,train,indoor,d3-5,6,1,test
Day_07141436_Right_Back_Cut1_00418_jpg.jpg,Day_07141436_Right_Back_Cut1,train,outdoor,d6-10,2,1,train
1_png_jpg__3.jpg,1,train,unknown,d0-2,1,1,train
Day_07141436_Right_Back_Cut1_00418_jpg__2.jpg,Day_07141436_Right_Back_Cut1,train,outdoor,d6-10,2,2,train
Day_2102191726_P_Right_Back_Cut1_00306_jpg.jpg,Day_2102191726_P_Right_Back_Cut1,train,outdoor,d3-5,5,2,train
Day_2102191726_P_Right_Back_Cut1_00306_jpg__2.jpg,Day_2102191726_P_Right_Back_Cut1,train,outdoor,d3-5,5,3,train
Day_202102191756_P_Right_Back_Cut1_00325_jpg.jpg,Day_202102191756_P_Right_Back_Cut1,val,outdoor,d6-10,10,2,train
01-08-2022__12-06-24PM_jpg.jpg,01-08-2022__12-06-24PM,test,indoor,d3-5,4,3,train
01-08-2022__12-06-24PM_jpg__2.jpg,01-08-2022__12-06-24PM,test,indoor,d3-5,4,2,valid
01-08-2022__04-15-01PM_jpg.jpg,01-08-2022__04-15-01PM,train,indoor,d0-2,2,4,train
opencv_frame_18845_png_jpg.jpg,opencv_frame,train,indoor,d0-2,2,5,train
opencv_frame_18845_png_jpg__2.jpg,opencv_frame,train,indoor,d0-2,2,1,valid
image_422_jpg.jpg,image,train,indoor,d3-5,7,3,valid
1_png_jpg__4.jpg,1,train,unknown,d0-2,3,1,train
image_422_jpg__2.jpg,image,train,indoor,d3-5,4,1,train
CAM38-23-08-2022__03-32-10PMgt_jpg.jpg,CAM38-23-08-2022__03-32-10PMgt,train,unknown,d0-2,2,2,train
CAM38-23-08-2022__03-32-10PMgt_jpg__2.jpg,CAM38-23-08-2022__03-32-10PMgt,train,unknown,d0-2,2,1,train
img97360282715_jpg.jpg,img97360282715,train,unknown,d3-5,3,3,test
img97360282715_jpg__2.jpg,img97360282715,train,unknown,d3-5,3,1,train
CrossRoad-001_00114_jpg.jpg,CrossRoad-001,val,outdoor,d0-2,1,1,train
1_png_jpg__5.jpg,1,train,unknown,d0-2,1,1,train
image_798_jpg.jpg,image,train,indoor,d3-5,8,2,train
040843_13_964875_jpg.jpg,040843_13,train,semi,d0-2,1,2,train
image_342_jpg.jpg,image,train,indoor,d3-5,7,2,train
01-08-2022__10-53-21AM_jpg.jpg,01-08-2022__10-53-21AM,train,indoor,d3-5,5,2,train
SeieeDept-024_00371_jpg.jpg,SeieeDept-024,train,outdoor,d3-5,6,1,train
00613_jpg.jpg,00613,train,unknown,d0-2,1,2,train
00613_jpg__2.jpg,00613,train,unknown,d0-2,1,1,valid
BridgeEntrance-006_00111_jpg.jpg,BridgeEntrance-006,test,outdoor,d3-5,7,2,train
01623_jpg.jpg,01623,train,unknown,d0-2,1,3,train
00798_jpg.jpg,00798,train,unknown,d0-2,1,1,train
ff411d87-bbd5-4a95-aebd-b2dd4aefd95f_jpg.jpg,ff411d87-bbd5-4a95-aebd-b2dd4aefd95f,train,unknown,d3-5,4,2,train
00798_jpg__2.jpg,00798,train,unknown,d0-2,1,2,valid
Road-004_00211_jpg.jpg,Road-004,train,outdoor,d0-2,1,1,train
Road-004_00211_jpg__2.jpg,Road-004,train,outdoor,d0-2,1,1,train
01-08-2022__11-26-59AM_jpg.jpg,01-08-2022__11-26-59AM,train,indoor,d0-2,1,2,valid
CAM9-25-08-2022__07-01-55PMgt_jpg.jpg,CAM9-25-08-2022__07-01-55PMgt,train,unknown,d0-2,1,5,valid
-_jpg.jpg,-,train,unknown,d10+,15,4,train
img970324103787_jpg.jpg,img970324103787,train,unknown,d0-2,1,7,test
01-08-2022__08-54-15AM_jpg.jpg,01-08-2022__08-54-15AM,val,indoor,d0-2,2,3,valid
image_366_jpg.jpg,image,train,indoor,d3-5,5,3,train
image_366_jpg__2.jpg,image,train,indoor,d3-5,5,3,train
opencv_frame_13760_png_jpg.jpg,opencv_frame,train,indoor,d0-2,1,5,train
Day_06101541_Right_Back_2_Cut1_00590_jpg.jpg,Day_06101541_Right_Back_2_Cut1,train,outdoor,d6-10,9,2,valid
Day_06101541_Right_Back_2_Cut1_00590_jpg__2.jpg,Day_06101541_Right_Back_2_Cut1,train,outdoor,d6-10,10,2,test
Day_2102191726_P_Right_Back_Cut1_00576_jpg.jpg,Day_2102191726_P_Right_Back_Cut1,train,outdoor,d3-5,3,5,train
Day_2102191726_P_Right_Back_Cut1_00576_jpg__2.jpg,Day_2102191726_P_Right_Back_Cut1,train,outdoor,d3-5,3,1,train
01-08-2022__03-00-25PM_jpg.jpg,01-08-2022__03-00-25PM,train,indoor,d3-5,3,1,train
image_219_jpg.jpg,image,train,indoor,d3-5,3,3,valid
opencv_frame_13760_png_jpg__2.jpg,opencv_frame,train,indoor,d0-2,1,8,train
image_826_jpg.jpg,image,train,indoor,d3-5,6,1,train
CAM27-15-09-2022__05-50-11PMgt_jpg.jpg,CAM27-15-09-2022__05-50-11PMgt,train,unknown,d0-2,1,3,train
SeieeDept-034_00596_jpg.jpg,SeieeDept-034,train,outdoor,d0-2,1,1,train
image_609_jpg.jpg,image,train,indoor,d3-5,2,5,train
image_609_jpg__2.jpg,image,train,indoor,d3-5,2,1,test
CAM28-21-08-2022__06-27-32PMgt_jpg.jpg,CAM28-21-08-2022__06-27-32PMgt,test,unknown,d0-2,1,3,train
CAM28-21-08-2022__06-27-32PMgt_jpg__2.jpg,CAM28-21-08-2022__06-27-32PMgt,test,unknown,d0-2,1,1,test
Day_07141436_Right_Back_Cut1_00768_jpg.jpg,Day_07141436_Right_Back_Cut1,train,outdoor,d6-10,9,3,train
Day_07141436_Right_Back_Cut1_00768_jpg__2.jpg,Day_07141436_Right_Back_Cut1,train,outdoor,d6-10,7,1,train
Day_07141436_Right_Back_Cut1_01498_jpg.jpg,Day_07141436_Right_Back_Cut1,train,outdoor,d6-10,12,3,train
opencv_frame_13760_png_jpg__3.jpg,opencv_frame,train,indoor,d0-2,1,2,train
Day_07141436_Right_Back_Cut1_01498_jpg__2.jpg,Day_07141436_Right_Back_Cut1,train,outdoor,d6-10,11,2,train
img965796305377_jpg.jpg,img965796305377,train,unknown,d0-2,1,2,train
Day_2102191726_P_Right_Back_Cut1_00436_jpg.jpg,Day_2102191726_P_Right_Back_Cut1,train,outdoor,d3-5,2,2,train
Day_2102191726_P_Right_Back_Cut1_00436_jpg__2.jpg,Day_2102191726_P_Right_Back_Cut1,train,outdoor,d3-5,2,3,train
Day_07141436_Right_Back_Cut1_00378_jpg.jpg,Day_07141436_Right_Back_Cut1,train,outdoor,d6-10,2,4,train
opencv_frame_15440_png_jpg.jpg,opencv_frame,train,indoor,d0-2,1,5,valid
opencv_frame_15440_png_jpg__2.jpg,opencv_frame,train,indoor,d0-2,1,3,train
opencv_frame_15440_png_jpg__3.jpg,opencv_frame,train,indoor,d0-2,1,6,train
opencv_frame_15440_png_jpg__4.jpg,opencv_frame,train,indoor,d0-2,1,1,valid
CrossRoad-001_00059_jpg.jpg,CrossRoad-001,val,outdoor,d0-2,1,3,train
opencv_frame_13760_png_jpg__4.jpg,opencv_frame,train,indoor,d0-2,1,1,train
CrossRoad-001_00059_jpg__2.jpg,CrossRoad-001,val,outdoor,d0-2,1,1,train
01-08-2022__03-22-59PM_jpg.jpg,01-08-2022__03-22-59PM,train,indoor,d0-2,2,3,train
01-08-2022__03-22-59PM_jpg__2.jpg,01-08-2022__03-22-59PM,train,indoor,d0-2,2,2,train
Day_07141436_Right_Back_Cut1_01168_jpg.jpg,Day_07141436_Right_Back_Cut1,train,outdoor,d6-10,10,1,train
Day_07141436_Right_Back_Cut1_01168_jpg__2.jpg,Day_07141436_Right_Back_Cut1,train,outdoor,d6-10,10,1,train
output1_mp4-151_jpg.jpg,output1_mp4,train,unknown,d0-2,2,3,valid
output1_mp4-151_jpg__2.jpg,output1_mp4,train,unknown,d0-2,2,3,train
img965796427518_jpg.jpg,img965796427518,train,unknown,d0-2,1,2,train
img965796427518_jpg__2.jpg,img965796427518,train,unknown,d0-2,1,1,valid
image_651_jpg.jpg,image,train,indoor,d3-5,4,3,train
01-08-2022__04-17-29PM_jpg.jpg,01-08-2022__04-17-29PM,train,indoor,d0-2,1,4,train
output_mp4-21_jpg.jpg,output_mp4-21,train,indoor,d0-2,1,6,valid
output_mp4-21_jpg__2.jpg,output_mp4-21,train,indoor,d0-2,1,3,valid
01-08-2022__01-21-29PM_jpg.jpg,01-08-2022__01-21-29PM,train,indoor,d0-2,1,1,train
01-08-2022__01-21-29PM_jpg__2.jpg,01-08-2022__01-21-29PM,train,indoor,d0-2,1,1,train
CrossRoad-001_00118_jpg.jpg,CrossRoad-001,val,outdoor,d0-2,2,2,train
CAM8-20-08-2022__11-51-15AMgt_jpg.jpg,CAM8-20-08-2022__11-51-15AMgt,test,unknown,d3-5,5,4,train
040840_59_223601_jpg.jpg,040840_59,train,semi,d0-2,1,2,test
040840_59_223601_jpg__2.jpg,040840_59,train,semi,d0-2,1,1,train
image_749_jpg.jpg,image,train,indoor,d3-5,5,6,train
Day_07141436_Right_Back_Cut1_00598_jpg.jpg,Day_07141436_Right_Back_Cut1,train,outdoor,d6-10,5,2,train
01-08-2022__04-17-29PM_jpg__2.jpg,01-08-2022__04-17-29PM,train,indoor,d0-2,1,6,train
Day_07141436_Right_Back_Cut1_00598_jpg__2.jpg,Day_07141436_Right_Back_Cut1,train,outdoor,d6-10,5,1,train
img96579665280_jpg.jpg,img96579665280,train,unknown,d0-2,2,2,train
img96579665280_jpg__2.jpg,img96579665280,train,unknown,d0-2,2,2,train
img96579665280_jpg__3.jpg,img96579665280,train,unknown,d0-2,2,1,valid
Day_202102191756_P_Right_Back_Cut1_00165_jpg.jpg,Day_202102191756_P_Right_Back_Cut1,val,outdoor,d6-10,5,3,train
Day_202102191756_P_Right_Back_Cut1_00165_jpg__2.jpg,Day_202102191756_P_Right_Back_Cut1,val,outdoor,d6-10,5,1,train
CAM43-15-09-2022__05-51-43PMgt_jpg.jpg,CAM43-15-09-2022__05-51-43PMgt,train,unknown,d6-10,7,2,valid
image_37_jpg.jpg,image_37,train,indoor,d3-5,5,2,train
opencv_frame_15450_png_jpg.jpg,opencv_frame,train,indoor,d0-2,1,5,train
opencv_frame_15450_png_jpg__2.jpg,opencv_frame,train,indoor,d0-2,1,2,train
01-08-2022__02-06-40PM_jpg.jpg,01-08-2022__02-06-40PM,train,indoor,d6-10,6,2,train
opencv_frame_15450_png_jpg__3.jpg,opencv_frame,train,indoor,d0-2,1,3,train
1_PNG_jpg__6.jpg,1_PNG,train,unknown,d0-2,1,1,train
1_PNG_jpg__7.jpg,1_PNG,train,unknown,d0-2,1,1,valid
00222_jpg.jpg,00222,train,unknown,d0-2,1,4,train
00222_jpg__2.jpg,00222,train,unknown,d0-2,1,2,train
01-08-2022__10-40-31AM_jpg.jpg,01-08-2022__10-40-31AM,test,indoor,d3-5,5,2,train
01-08-2022__10-40-31AM_jpg__2.jpg,01-08-2022__10-40-31AM,test,indoor,d3-5,5,2,valid
img9736023721_jpg.jpg,img9736023721,train,unknown,d3-5,3,3,train
image_274_jpg.jpg,image,train,indoor,d3-5,9,1,train
img970324104918_jpg.jpg,img970324104918,train,unknown,d0-2,2,3,train
01-08-2022__02-06-40PM_jpg__2.jpg,01-08-2022__02-06-40PM,train,indoor,d6-10,6,2,train
01901_jpg.jpg,01901,train,unknown,d0-2,1,5,train
01901_jpg__2.jpg,01901,train,unknown,d0-2,1,1,train
image03100_jpg.jpg,image03100,train,indoor,d10+,62,2,train
image03100_jpg__2.jpg,image03100,train,indoor,d10+,61,1,train
SeieeDept-034_00609_jpg.jpg,SeieeDept-034,train,outdoor,d0-2,1,2,train
01-08-2022__11-53-06AM_jpg.jpg,01-08-2022__11-53-06AM,val,indoor,d0-2,2,4,train
01-08-2022__11-53-06AM_jpg__2.jpg,01-08-2022__11-53-06AM,val,indoor,d0-2,2,1,valid
01-08-2022__10-54-33AM_jpg.jpg,01-08-2022__10-54-33AM,train,indoor,d0-2,2,2,train
01-08-2022__10-54-33AM_jpg__2.jpg,01-08-2022__10-54-33AM,train,indoor,d0-2,2,3,valid
BridgeEntrance-006_00495_jpg.jpg,BridgeEntrance-006,test,outdoor,d3-5,4,2,train
01-08-2022__10-31-41AM_jpg.jpg,01-08-2022__10-31-41AM,train,indoor,d0-2,2,3,train
img965796284643_jpg.jpg,img965796284643,train,unknown,d0-2,2,1,train
image_694_jpg.jpg,image,train,indoor,d3-5,2,1,train
image_694_jpg__2.jpg,image,train,indoor,d3-5,2,2,train
Day_2102191726_P_Right_Back_Cut1_00736_jpg.jpg,Day_2102191726_P_Right_Back_Cut1,train,outdoor,d3-5,9,4,train
Day_2102191726_P_Right_Back_Cut1_00736_jpg__2.jpg,Day_2102191726_P_Right_Back_Cut1,train,outdoor,d3-5,9,4,test
Day_202102191756_P_Right_Back_Cut1_00435_jpg.jpg,Day_202102191756_P_Right_Back_Cut1,val,outdoor,d6-10,10,3,train
Day_202102191756_P_Right_Back_Cut1_00435_jpg__2.jpg,Day_202102191756_P_Right_Back_Cut1,val,outdoor,d6-10,10,4,train
image_4_jpg.jpg,image_4,train,indoor,d0-2,2,2,train
image_4_jpg__2.jpg,image_4,train,indoor,d0-2,2,1,valid
image_65_jpg.jpg,image_65,train,indoor,d6-10,6,3,train
img965796331015_jpg.jpg,img965796331015,train,unknown,d6-10,6,2,train
img965796284643_jpg__2.jpg,img965796284643,train,unknown,d0-2,2,1,valid
img965796331015_jpg__2.jpg,img965796331015,train,unknown,d6-10,6,2,test
040843_15_308529_jpg.jpg,040843_15,train,semi,d0-2,1,3,train
040843_15_308529_jpg__2.jpg,040843_15,train,semi,d0-2,1,1,train
image_617_jpg.jpg,image,train,indoor,d3-5,5,5,train
CAM29-23-08-2022__05-28-36PMgt_jpg.jpg,CAM29-23-08-2022__05-28-36PMgt,train,unknown,d0-2,2,1,train
CAM29-23-08-2022__05-28-36PMgt_jpg__2.jpg,CAM29-23-08-2022__05-28-36PMgt,train,unknown,d0-2,2,2,train
01-08-2022__12-01-26PM_jpg.jpg,01-08-2022__12-01-26PM,train,indoor,d3-5,4,2,test
output_mp4-61_jpg.jpg,output_mp4-61,test,indoor,d0-2,1,5,train
output_mp4-61_jpg__2.jpg,output_mp4-61,test,indoor,d0-2,1,1,train
output_mp4-61_jpg__3.jpg,output_mp4-61,test,indoor,d0-2,1,2,test
img965796300906_jpg.jpg,img965796300906,train,unknown,d3-5,4,1,train
output_mp4-61_jpg__4.jpg,output_mp4-61,test,indoor,d0-2,1,1,valid
image05200_jpg.jpg,image05200,val,indoor,d10+,58,2,train
image05200_jpg__2.jpg,image05200,val,indoor,d10+,58,2,train
image_309_jpg.jpg,image,train,indoor,d3-5,6,1,train
image_309_jpg__2.jpg,image,train,indoor,d3-5,6,1,valid
img97360241011_jpg.jpg,img97360241011,train,unknown,d0-2,2,4,valid
SeieeDept-015_00710_jpg.jpg,SeieeDept-015,train,outdoor,d0-2,5,1,train
SeieeDept-015_00710_jpg__2.jpg,SeieeDept-015,train,outdoor,d0-2,5,1,train
image_585_jpg.jpg,image,train,indoor,d3-5,6,2,train
image_585_jpg__2.jpg,image,train,indoor,d3-5,6,1,train
Day_2102191726_P_Right_Back_Cut1_00586_jpg.jpg,Day_2102191726_P_Right_Back_Cut1,train,outdoor,d3-5,4,3,valid
01-08-2022__03-14-45PM_jpg.jpg,01-08-2022__03-14-45PM,val,indoor,d3-5,4,5,train
01-08-2022__03-14-45PM_jpg__2.jpg,01-08-2022__03-14-45PM,val,indoor,d3-5,4,2,train
image_128_jpg.jpg,image,train,indoor,d3-5,3,2,train
image_128_jpg__2.jpg,image,train,indoor,d3-5,3,1,train
Day_2102191709_N_Right_Back_2_Cut2_00260_jpg.jpg,Day_2102191709_N_Right_Back_2_Cut2,train,outdoor,d6-10,4,2,train
Day_2102191709_N_Right_Back_2_Cut2_00260_jpg__2.jpg,Day_2102191709_N_Right_Back_2_Cut2,train,outdoor,d6-10,4,1,train
Day_202102191756_P_Right_Back_Cut1_00555_jpg.jpg,Day_202102191756_P_Right_Back_Cut1,val,outdoor,d6-10,11,2,train
Day_202102191756_P_Right_Back_Cut1_00555_jpg__2.jpg,Day_202102191756_P_Right_Back_Cut1,val,outdoor,d6-10,11,1,valid
Day_2102191709_N_Right_Back_2_Cut1_00101_jpg.jpg,Day_2102191709_N_Right_Back_2_Cut1,test,outdoor,d6-10,8,2,train
Day_2102191709_N_Right_Back_2_Cut1_00101_jpg__2.jpg,Day_2102191709_N_Right_Back_2_Cut1,test,outdoor,d6-10,8,1,train
image_216_jpg.jpg,image,train,indoor,d3-5,3,4,train
image_574_jpg.jpg,image,train,indoor,d3-5,1,2,valid
Day_07141436_Right_Back_Cut1_00838_jpg.jpg,Day_07141436_Right_Back_Cut1,train,outdoor,d6-10,10,1,train
Day_07141436_Right_Back_Cut1_00838_jpg__2.jpg,Day_07141436_Right_Back_Cut1,train,outdoor,d6-10,10,1,train
image_416_jpg.jpg,image,train,indoor,d3-5,2,3,train
image_416_jpg__2.jpg,image,train,indoor,d3-5,2,1,train
01-08-2022__12-37-06PM_jpg.jpg,01-08-2022__12-37-06PM,val,indoor,d0-2,1,3,train
01-08-2022__12-37-06PM_jpg__2.jpg,01-08-2022__12-37-06PM,val,indoor,d0-2,1,3,train
image_120_jpg.jpg,image,train,indoor,d3-5,4,1,train
Day_202102191756_P_Right_Back_Cut1_00725_jpg.jpg,Day_202102191756_P_Right_Back_Cut1,val,outdoor,d6-10,7,3,train
image_120_jpg__2.jpg,image,train,indoor,d3-5,4,1,train
CAM43-24-08-2022__09-16-14PMgt_jpg.jpg,CAM43-24-08-2022__09-16-14PMgt,val,unknown,d0-2,2,2,valid
img973602119001_jpg.jpg,img973602119001,train,unknown,d3-5,3,3,train
01-08-2022__03-38-21PM_jpg.jpg,01-08-2022__03-38-21PM,val,indoor,d0-2,1,2,train
01-08-2022__03-38-21PM_jpg__2.jpg,01-08-2022__03-38-21PM,val,indoor,d0-2,1,1,test
img973602115596_jpg.jpg,img973602115596,train,unknown,d0-2,1,2,train
Day_2102191709_N_Right_Back_2_Cut1_00761_jpg.jpg,Day_2102191709_N_Right_Back_2_Cut1,test,outdoor,d6-10,5,4,test
img970324102660_jpg.jpg,img970324102660,train,unknown,d0-2,2,3,train
img970324102660_jpg__2.jpg,img970324102660,train,unknown,d0-2,2,3,valid
img970324102660_jpg__3.jpg,img970324102660,train,unknown,d0-2,2,2,test
Day_202102191756_P_Right_Back_Cut1_00725_jpg__2.jpg,Day_202102191756_P_Right_Back_Cut1,val,outdoor,d6-10,7,5,train
Day_07141436_Right_Back_Cut1_01608_jpg.jpg,Day_07141436_Right_Back_Cut1,train,outdoor,d6-10,11,6,train
Day_2102191625_N_Right_Back_Cut1_00704_jpg.jpg,Day_2102191625_N_Right_Back_Cut1,train,outdoor,d0-2,3,2,train
57600_jpg.jpg,57600,train,unknown,d10+,12,1,train
57600_jpg__2.jpg,57600,train,unknown,d10+,12,1,test
Day_06101541_Right_Back_2_Cut1_00630_jpg.jpg,Day_06101541_Right_Back_2_Cut1,train,outdoor,d6-10,10,2,train
01-08-2022__04-23-19PM_jpg.jpg,01-08-2022__04-23-19PM,train,indoor,d0-2,1,1,train
01-08-2022__04-23-19PM_jpg__2.jpg,01-08-2022__04-23-19PM,train,indoor,d0-2,1,3,train
BridgeEntrance-005_00178_jpg.jpg,BridgeEntrance-005,train,outdoor,d3-5,6,4,train
BridgeEntrance-005_00178_jpg__2.jpg,BridgeEntrance-005,train,outdoor,d3-5,6,3,train
CAM12-21-08-2022__06-27-45PMgt_jpg.jpg,CAM12-21-08-2022__06-27-45PMgt,train,unknown,d0-2,1,1,train
image_579_jpg.jpg,image,train,indoor,d3-5,1,3,train
image_579_jpg__2.jpg,image,train,indoor,d3-5,1,1,train
image_451_jpg.jpg,image,train,indoor,d3-5,2,4,valid
040840_57_629962_jpg.jpg,040840_57,train,semi,d0-2,1,1,train
Day_07141436_Right_Back_Cut1_00628_jpg.jpg,Day_07141436_Right_Back_Cut1,train,outdoor,d6-10,6,2,train
Day_07141436_Right_Back_Cut1_00628_jpg__2.jpg,Day_07141436_Right_Back_Cut1,train,outdoor,d6-10,5,1,train
01-08-2022__02-48-23PM_jpg.jpg,01-08-2022__02-48-23PM,train,indoor,d0-2,1,4,train
image_51_jpg.jpg,image_51,train,indoor,d3-5,5,3,train
image_51_jpg__2.jpg,image_51,train,indoor,d3-5,5,2,test
01-08-2022__11-53-08AM_jpg.jpg,01-08-2022__11-53-08AM,train,indoor,d3-5,4,3,train
CAM12-21-08-2022__06-27-45PMgt_jpg__2.jpg,CAM12-21-08-2022__06-27-45PMgt,train,unknown,d0-2,1,1,train
BridgeEntrance-008_00484_jpg.jpg,BridgeEntrance-008,train,outdoor,d3-5,5,2,train
BridgeEntrance-008_00484_jpg__2.jpg,BridgeEntrance-008,train,outdoor,d3-5,5,2,train
01-08-2022__08-43-28AM_jpg.jpg,01-08-2022__08-43-28AM,test,indoor,d3-5,4,2,train
01-08-2022__08-43-28AM_jpg__2.jpg,01-08-2022__08-43-28AM,test,indoor,d3-5,4,3,train
output1_mp4-43_jpg.jpg,output1_mp4-43,train,unknown,d0-2,2,5,train
output_mp4-177_jpg.jpg,output_mp4,val,indoor,d0-2,2,2,train
output_mp4-177_jpg__2.jpg,output_mp4,val,indoor,d0-2,2,2,train
output_mp4-177_jpg__3.jpg,output_mp4,val,indoor,d0-2,2,3,train
output_mp4-177_jpg__4.jpg,output_mp4,val,indoor,d0-2,2,1,train
image_661_jpg.jpg,image,train,indoor,d3-5,4,2,train
01-08-2022__02-50-57PM_jpg.jpg,01-08-2022__02-50-57PM,train,indoor,d0-2,2,4,train
Day_2102191709_N_Right_Back_2_Cut2_00430_jpg.jpg,Day_2102191709_N_Right_Back_2_Cut2,train,outdoor,d6-10,7,4,valid
image_661_jpg__2.jpg,image,train,indoor,d3-5,4,1,train
040840_47_208816_jpg.jpg,040840_47,train,semi,d0-2,1,2,train
Day_02191732_Right_Back_Cut1_00251_jpg.jpg,Day_02191732_Right_Back_Cut1,train,outdoor,d6-10,8,3,train
image_659_jpg.jpg,image,train,indoor,d3-5,4,6,train
image_659_jpg__2.jpg,image,train,indoor,d3-5,5,2,test
01-08-2022__04-05-37PM_jpg.jpg,01-08-2022__04-05-37PM,train,indoor,d3-5,4,2,train
01-08-2022__02-40-36PM_jpg.jpg,01-08-2022__02-40-36PM,val,indoor,d3-5,5,1,train
01-08-2022__02-40-36PM_jpg__2.jpg,01-08-2022__02-40-36PM,val,indoor,d3-5,5,2,test
1440_jpg.jpg,1440,train,unknown,d10+,12,3,train
1440_jpg__2.jpg,1440,train,unknown,d10+,12,2,train
040843_17_573997_jpg.jpg,040843_17,train,semi,d0-2,1,2,train
image_273_jpg.jpg,image,train,indoor,d3-5,1,1,train
CAM11-21-08-2022__06-27-29PMgt_jpg.jpg,CAM11-21-08-2022__06-27-29PMgt,train,unknown,d0-2,2,2,train
Day_07141436_Right_Back_Cut1_01568_jpg.jpg,Day_07141436_Right_Back_Cut1,train,outdoor,d6-10,12,4,train
Day_07141436_Right_Back_Cut1_01568_jpg__2.jpg,Day_07141436_Right_Back_Cut1,train,outdoor,d6-10,12,2,valid
01-08-2022__01-40-12PM_jpg.jpg,01-08-2022__01-40-12PM,train,indoor,d0-2,1,3,train
01-08-2022__01-40-12PM_jpg__2.jpg,01-08-2022__01-40-12PM,train,indoor,d0-2,1,2,test
00326_jpg.jpg,00326,train,unknown,d0-2,2,2,train
CrossRoad-001_00032_jpg.jpg,CrossRoad-001,val,outdoor,d0-2,3,5,train
50400_jpg.jpg,50400,val,unknown,d10+,12,2,train
image_412_jpg.jpg,image,train,indoor,d3-5,6,2,train
040843_17_573997_jpg__2.jpg,040843_17,train,semi,d0-2,1,1,valid
SJTU_SEIEE-182_330-02806_jpg.jpg,SJTU_SEIEE-182_330,train,unknown,d3-5,2,1,train
SJTU_SEIEE-182_330-02806_jpg__2.jpg,SJTU_SEIEE-182_330,train,unknown,d3-5,2,4,train
01-08-2022__10-03-49AM_jpg.jpg,01-08-2022__10-03-49AM,train,indoor,d0-2,2,4,train
image_675_jpg.jpg,image,train,indoor,d3-5,4,3,train
Day_07141436_Right_Back_Cut1_00358_jpg.jpg,Day_07141436_Right_Back_Cut1,train,outdoor,d6-10,2,2,train
Day_07141436_Right_Back_Cut1_00358_jpg__2.jpg,Day_07141436_Right_Back_Cut1,train,outdoor,d6-10,2,1,valid
image_804_jpg.jpg,image,train,indoor,d3-5,1,1,train
image_804_jpg__2.jpg,image,train,indoor,d3-5,1,2,train
Day_202102191756_P_Right_Back_Cut1_00565_jpg.jpg,Day_202102191756_P_Right_Back_Cut1,val,outdoor,d6-10,10,2,train
Day_202102191756_P_Right_Back_Cut1_00565_jpg__2.jpg,Day_202102191756_P_Right_Back_Cut1,val,outdoor,d6-10,10,2,train
Day_2102191709_N_Right_Back_2_Cut2_00170_jpg.jpg,Day_2102191709_N_Right_Back_2_Cut2,train,outdoor,d6-10,4,1,train
Day_2102191726_P_Right_Back_Cut1_00646_jpg.jpg,Day_2102191726_P_Right_Back_Cut1,train,outdoor,d3-5,5,1,train
Day_2102191726_P_Right_Back_Cut1_00646_jpg__2.jpg,Day_2102191726_P_Right_Back_Cut1,train,outdoor,d3-5,5,1,test
image_586_jpg.jpg,image,train,indoor,d3-5,3,3,valid
Day_2102191625_N_Right_Back_Cut1_00344_jpg.jpg,Day_2102191625_N_Right_Back_Cut1,train,outdoor,d0-2,2,1,train
Day_2102191726_P_Right_Back_Cut1_00676_jpg.jpg,Day_2102191726_P_Right_Back_Cut1,train,outdoor,d3-5,9,2,train
Day_2102191726_P_Right_Back_Cut1_00676_jpg__2.jpg,Day_2102191726_P_Right_Back_Cut1,train,outdoor,d3-5,9,2,train
CAM44-23-08-2022__03-32-10PMgt_jpg.jpg,CAM44-23-08-2022__03-32-10PMgt,train,unknown,d3-5,3,3,valid
CAM44-23-08-2022__03-32-10PMgt_jpg__2.jpg,CAM44-23-08-2022__03-32-10PMgt,train,unknown,d3-5,3,1,train
CAM1-15-09-2022__05-48-38PMgt_jpg.jpg,CAM1-15-09-2022__05-48-38PMgt,train,unknown,d0-2,1,4,train
CAM1-15-09-2022__05-48-38PMgt_jpg__2.jpg,CAM1-15-09-2022__05-48-38PMgt,train,unknown,d0-2,1,1,train
Day_2102191709_N_Right_Back_2_Cut2_00170_jpg__2.jpg,Day_2102191709_N_Right_Back_2_Cut2,train,outdoor,d6-10,4,3,test
Day_07141436_Right_Back_Cut1_00428_jpg.jpg,Day_07141436_Right_Back_Cut1,train,outdoor,d6-10,3,3,train
Day_07141436_Right_Back_Cut1_00428_jpg__2.jpg,Day_07141436_Right_Back_Cut1,train,outdoor,d6-10,3,2,train
040843_09_449566_jpg.jpg,040843_09,train,semi,d0-2,1,2,train
img97032490308_jpg.jpg,img97032490308,train,unknown,d0-2,1,3,train
img97032490308_jpg__2.jpg,img97032490308,train,unknown,d0-2,1,3,train
S1-T1-C-00971_jpeg_jpg.jpg,S1-T1-C-00971_jpeg,train,unknown,d0-2,2,2,train
S1-T1-C-00971_jpeg_jpg__2.jpg,S1-T1-C-00971_jpeg,train,unknown,d0-2,2,2,train
SeieeDept-024_00334_jpg.jpg,SeieeDept-024,train,outdoor,d3-5,5,5,train
SeieeDept-024_00334_jpg__2.jpg,SeieeDept-024,train,outdoor,d3-5,5,1,train
01-08-2022__09-17-25AM_jpg.jpg,01-08-2022__09-17-25AM,train,indoor,d3-5,4,3,train
Day_2102191625_N_Right_Back_Cut1_00254_jpg.jpg,Day_2102191625_N_Right_Back_Cut1,train,outdoor,d0-2,3,3,train
image_587_jpg.jpg,image,train,indoor,d3-5,3,2,train
image_587_jpg__2.jpg,image,train,indoor,d3-5,3,3,train
01-08-2022__09-43-39AM_jpg.jpg,01-08-2022__09-43-39AM,train,indoor,d0-2,2,5,train
01-08-2022__09-43-39AM_jpg__2.jpg,01-08-2022__09-43-39AM,train,indoor,d0-2,2,2,test
01-08-2022__02-31-17PM_jpg.jpg,01-08-2022__02-31-17PM,test,indoor,d6-10,6,2,train
01-08-2022__02-31-17PM_jpg__2.jpg,01-08-2022__02-31-17PM,test,indoor,d6-10,6,1,train
CaughtonCameraTheftfromshop-03-02-20-jpg-gallery_jpg.jpg,CaughtonCameraTheftfromshop-03-02-20-jpg-gallery,train,unknown,d3-5,4,1,train
CaughtonCameraTheftfromshop-03-02-20-jpg-gallery_jpg__2.jpg,CaughtonCameraTheftfromshop-03-02-20-jpg-gallery,train,unknown,d3-5,4,1,valid
image_39_jpg.jpg,image_39,test,indoor,d6-10,6,1,train
image_39_jpg__2.jpg,image_39,test,indoor,d6-10,6,1,test
Day_2102191625_N_Right_Back_Cut1_00254_jpg__2.jpg,Day_2102191625_N_Right_Back_Cut1,train,outdoor,d0-2,3,1,train
image_168_jpg.jpg,image,train,indoor,d3-5,4,2,train
image_168_jpg__2.jpg,image,train,indoor,d3-5,4,2,train
image_618_jpg.jpg,image,train,indoor,d3-5,5,2,train
Day_02191732_Right_Back_Cut1_00591_jpg.jpg,Day_02191732_Right_Back_Cut1,train,outdoor,d6-10,7,4,train
Day_02191732_Right_Back_Cut1_00591_jpg__2.jpg,Day_02191732_Right_Back_Cut1,train,outdoor,d6-10,7,2,valid
01-08-2022__02-00-13PM_jpg.jpg,01-08-2022__02-00-13PM,train,indoor,d0-2,1,3,train
01-08-2022__02-00-13PM_jpg__2.jpg,01-08-2022__02-00-13PM,train,indoor,d0-2,1,1,train
image_28_jpg.jpg,image_28,train,indoor,d6-10,6,3,train
img965796439025_jpg.jpg,img965796439025,test,unknown,d6-10,7,2,train
img965796439025_jpg__2.jpg,img965796439025,test,unknown,d6-10,7,7,train
Day_2102191709_N_Right_Back_Cut1_00159_jpg.jpg,Day_2102191709_N_Right_Back_Cut1,train,outdoor,d6-10,7,3,train
Day_2102191709_N_Right_Back_Cut1_00159_jpg__2.jpg,Day_2102191709_N_Right_Back_Cut1,train,outdoor,d6-10,7,3,train
SeieeDept-051_00556_jpg.jpg,SeieeDept-051,train,outdoor,d0-2,2,2,test
SeieeDept-051_00556_jpg__2.jpg,SeieeDept-051,train,outdoor,d0-2,2,1,train
CAM17-23-08-2022__03-30-34PMgt_jpg.jpg,CAM17-23-08-2022__03-30-34PMgt,train,unknown,d0-2,1,5,train
CAM17-23-08-2022__03-30-34PMgt_jpg__2.jpg,CAM17-23-08-2022__03-30-34PMgt,train,unknown,d0-2,1,1,train
image_191_jpg.jpg,image,train,indoor,d3-5,4,2,train
01609_jpg.jpg,01609,train,unknown,d0-2,1,4,train
01609_jpg__2.jpg,01609,train,unknown,d0-2,1,2,valid
01-08-2022__11-20-05AM_jpg.jpg,01-08-2022__11-20-05AM,train,indoor,d3-5,3,2,valid
CAM30-25-08-2022__07-03-29PMgt_jpg.jpg,CAM30-25-08-2022__07-03-29PMgt,train,unknown,d0-2,1,2,train
image_899_jpg.jpg,image,train,indoor,d3-5,2,4,train
image_899_jpg__2.jpg,image,train,indoor,d3-5,3,1,valid
img965796354017_jpg.jpg,img965796354017,train,unknown,d0-2,2,2,train
img965796354017_jpg__2.jpg,img965796354017,train,unknown,d0-2,2,1,test
image_914_jpg.jpg,image,train,indoor,d3-5,2,3,valid
image_914_jpg__2.jpg,image,train,indoor,d3-5,2,1,train
img973602177163_jpg.jpg,img973602177163,train,unknown,d0-2,1,2,train
img973602177163_jpg__2.jpg,img973602177163,train,unknown,d0-2,1,3,train
img965796312853_jpg.jpg,img965796312853,train,unknown,d6-10,7,2,train
Day_2102191726_P_Right_Back_Cut1_00546_jpg.jpg,Day_2102191726_P_Right_Back_Cut1,train,outdoor,d3-5,3,3,train
Day_2102191726_P_Right_Back_Cut1_00546_jpg__2.jpg,Day_2102191726_P_Right_Back_Cut1,train,outdoor,d3-5,2,1,train
Day_02191732_Right_Back_Cut1_00441_jpg.jpg,Day_02191732_Right_Back_Cut1,train,outdoor,d6-10,8,4,test
01563_jpg.jpg,01563,test,unknown,d0-2,1,4,train
01-08-2022__10-56-59AM_jpg.jpg,01-08-2022__10-56-59AM,train,indoor,d3-5,4,2,train
img973602104250_jpg.jpg,img973602104250,train,unknown,d0-2,1,1,train
img973602104250_jpg__2.jpg,img973602104250,train,unknown,d0-2,1,2,train
01-08-2022__12-19-11PM_jpg.jpg,01-08-2022__12-19-11PM,train,indoor,d3-5,4,6,valid
CAM42-24-08-2022__09-16-13PMgt_jpg.jpg,CAM42-24-08-2022__09-16-13PMgt,train,unknown,d0-2,1,1,train
CAM42-24-08-2022__09-16-13PMgt_jpg__2.jpg,CAM42-24-08-2022__09-16-13PMgt,train,unknown,d0-2,1,3,train
Day_06101541_Right_Back_2_Cut1_00450_jpg.jpg,Day_06101541_Right_Back_2_Cut1,train,outdoor,d6-10,6,3,train
CAM16-25-08-2022__07-01-55PMgt_jpg.jpg,CAM16-25-08-2022__07-01-55PMgt,train,unknown,d0-2,1,6,train
image_109_jpg.jpg,image,train,indoor,d3-5,4,1,train
01013_jpg.jpg,01013,train,unknown,d0-2,2,3,train
image01100_jpg.jpg,image01100,train,indoor,d10+,50,2,train
image01100_jpg__2.jpg,image01100,train,indoor,d10+,50,1,valid
image_2_jpg.jpg,image_2,train,indoor,d3-5,4,2,train
image_2_jpg__2.jpg,image_2,train,indoor,d3-5,4,1,valid
SJTU_SEIEE-182_330-02902_jpg.jpg,SJTU_SEIEE-182_330,train,unknown,d3-5,3,1,train
SJTU_SEIEE-182_330-02902_jpg__2.jpg,SJTU_SEIEE-182_330,train,unknown,d3-5,3,1,train
Day_2102191709_N_Right_Back_2_Cut2_00150_jpg.jpg,Day_2102191709_N_Right_Back_2_Cut2,train,outdoor,d6-10,6,2,train
Day_2102191709_N_Right_Back_2_Cut2_00150_jpg__2.jpg,Day_2102191709_N_Right_Back_2_Cut2,train,outdoor,d6-10,6,3,train
CAM43-23-08-2022__06-33-29PMgt_jpg.jpg,CAM43-23-08-2022__06-33-29PMgt,train,unknown,d0-2,1,1,train
opencv_frame_12435_png_jpg.jpg,opencv_frame,train,indoor,d0-2,1,2,valid
opencv_frame_12435_png_jpg__2.jpg,opencv_frame,train,indoor,d0-2,1,2,valid
01-08-2022__02-32-03PM_jpg.jpg,01-08-2022__02-32-03PM,train,indoor,d0-2,1,1,train
image_534_jpg.jpg,image,train,indoor,d3-5,4,2,train
image_534_jpg__2.jpg,image,train,indoor,d3-5,4,3,valid
CrossRoad-001_00120_jpg.jpg,CrossRoad-001,val,outdoor,d0-2,4,2,train
CrossRoad-001_00120_jpg__2.jpg,CrossRoad-001,val,outdoor,d0-2,4,2,train
image_479_jpg.jpg,image,train,indoor,d3-5,6,3,valid
Day_2102191625_N_Right_Back_Cut1_00614_jpg.jpg,Day_2102191625_N_Right_Back_Cut1,train,outdoor,d0-2,4,1,train
CrossRoad-001_00030_jpg.jpg,CrossRoad-001,val,outdoor,d0-2,3,2,train
CAM43-23-08-2022__06-33-29PMgt_jpg__2.jpg,CAM43-23-08-2022__06-33-29PMgt,train,unknown,d0-2,1,2,train
01-08-2022__11-59-26AM_jpg.jpg,01-08-2022__11-59-26AM,val,indoor,d3-5,5,2,train
01-08-2022__11-59-26AM_jpg__2.jpg,01-08-2022__11-59-26AM,val,indoor,d3-5,5,2,train
00325_jpg.jpg,00325,train,unknown,d0-2,2,3,valid
00325_jpg__2.jpg,00325,train,unknown,d0-2,2,1,valid
00581_jpg.jpg,00581,train,unknown,d0-2,1,1,train
00581_jpg__2.jpg,00581,train,unknown,d0-2,1,2,train
image_13_jpg.jpg,image_13,val,indoor,d6-10,6,1,train
image_13_jpg__2.jpg,image_13,val,indoor,d6-10,6,2,test
01-08-2022__02-18-03PM_jpg.jpg,01-08-2022__02-18-03PM,train,indoor,d0-2,1,1,train
01-08-2022__02-18-03PM_jpg__2.jpg,01-08-2022__02-18-03PM,train,indoor,d0-2,1,3,train
image_119_jpg.jpg,image,train,indoor,d3-5,5,1,train
image_399_jpg.jpg,image,train,indoor,d3-5,6,2,train
image_399_jpg__2.jpg,image,train,indoor,d3-5,6,1,train
00543_jpg.jpg,00543,train,unknown,d0-2,1,1,train
00543_jpg__2.jpg,00543,train,unknown,d0-2,1,3,valid
img965796430784_jpg.jpg,img965796430784,train,unknown,d3-5,4,1,train
img965796430784_jpg__2.jpg,img965796430784,train,unknown,d3-5,4,2,valid
Day_2102191625_N_Right_Back_Cut1_00474_jpg.jpg,Day_2102191625_N_Right_Back_Cut1,train,outdoor,d0-2,1,5,train
image_551_jpg.jpg,image,train,indoor,d3-5,2,1,train
01-08-2022__12-55-00PM_jpg.jpg,01-08-2022__12-55-00PM,train,indoor,d6-10,7,3,train
01-08-2022__12-55-00PM_jpg__2.jpg,01-08-2022__12-55-00PM,train,indoor,d6-10,7,1,train
Day_2102191726_P_Right_Back_Cut1_00346_jpg.jpg,Day_2102191726_P_Right_Back_Cut1,train,outdoor,d3-5,5,3,train
image_846_jpg.jpg,image,train,indoor,d3-5,4,4,test
Day_2102191726_P_Right_Back_Cut1_00706_jpg.jpg,Day_2102191726_P_Right_Back_Cut1,train,outdoor,d3-5,9,3,train
Day_2102191726_P_Right_Back_Cut1_00706_jpg__2.jpg,Day_2102191726_P_Right_Back_Cut1,train,outdoor,d3-5,9,2,train
01-08-2022__10-43-50AM_jpg.jpg,01-08-2022__10-43-50AM,test,indoor,d3-5,3,2,valid
01-08-2022__10-43-50AM_jpg__2.jpg,01-08-2022__10-43-50AM,test,indoor,d3-5,3,3,train
SeieeDept-015_00510_jpg.jpg,SeieeDept-015,train,outdoor,d0-2,1,2,train
SeieeDept-015_00510_jpg__2.jpg,SeieeDept-015,train,outdoor,d0-2,1,2,train
040843_12_621218_jpg.jpg,040843_12,train,semi,d0-2,1,1,train
040843_12_621218_jpg__2.jpg,040843_12,train,semi,d0-2,1,1,train
image_926_jpg.jpg,image,train,indoor,d3-5,3,2,train
image_666_jpg.jpg,image,train,indoor,d3-5,5,3,train
image_747_jpg.jpg,image,train,indoor,d3-5,4,2,train
image_747_jpg__2.jpg,image,train,indoor,d3-5,4,3,train
01-08-2022__12-12-52PM_jpg.jpg,01-08-2022__12-12-52PM,test,indoor,d3-5,4,1,train
01-08-2022__12-12-52PM_jpg__2.jpg,01-08-2022__12-12-52PM,test,indoor,d3-5,4,2,train
CAM29-21-08-2022__06-27-39PMgt_jpg.jpg,CAM29-21-08-2022__06-27-39PMgt,train,unknown,d3-5,3,4,train
CAM29-21-08-2022__06-27-39PMgt_jpg__2.jpg,CAM29-21-08-2022__06-27-39PMgt,train,unknown,d3-5,3,1,train
Day_2102191709_N_Right_Back_2_Cut1_00491_jpg.jpg,Day_2102191709_N_Right_Back_2_Cut1,test,outdoor,d6-10,7,3,train
Day_2102191709_N_Right_Back_2_Cut1_00491_jpg__2.jpg,Day_2102191709_N_Right_Back_2_Cut1,test,outdoor,d6-10,7,1,train
Day_202102191756_P_Right_Back_Cut1_00965_jpg.jpg,Day_202102191756_P_Right_Back_Cut1,val,outdoor,d6-10,7,2,train
Day_202102191756_P_Right_Back_Cut1_00965_jpg__2.jpg,Day_202102191756_P_Right_Back_Cut1,val,outdoor,d6-10,7,3,train
img97032453896_jpg.jpg,img97032453896,train,unknown,d3-5,3,5,test
Day_07141436_Right_Back_Cut1_00248_jpg.jpg,Day_07141436_Right_Back_Cut1,train,outdoor,d6-10,3,2,train
Day_07141436_Right_Back_Cut1_00248_jpg__2.jpg,Day_07141436_Right_Back_Cut1,train,outdoor,d6-10,4,1,train
img97360291875_jpg.jpg,img97360291875,train,unknown,d0-2,1,1,train
img97360291875_jpg__2.jpg,img97360291875,train,unknown,d0-2,1,3,train
img97360291875_jpg__3.jpg,img97360291875,train,unknown,d0-2,1,1,train
01-08-2022__11-42-32AM_jpg.jpg,01-08-2022__11-42-32AM,test,indoor,d3-5,4,4,train
01-08-2022__11-42-32AM_jpg__2.jpg,01-08-2022__11-42-32AM,test,indoor,d3-5,4,1,train
SeieeDept-030_00122_jpg.jpg,SeieeDept-030,train,outdoor,d0-2,3,4,train
SeieeDept-030_00122_jpg__2.jpg,SeieeDept-030,train,outdoor,d0-2,3,2,test
S1-T1-C-01079_jpeg_jpg.jpg,S1-T1-C-01079_jpeg,train,unknown,d6-10,6,1,train
img97032453896_jpg__2.jpg,img97032453896,train,unknown,d3-5,4,2,train
S1-T1-C-01079_jpeg_jpg__2.jpg,S1-T1-C-01079_jpeg,train,unknown,d6-10,6,2,train
040840_54_083336_jpg.jpg,040840_54,train,semi,d0-2,1,1,train
040840_54_083336_jpg__2.jpg,040840_54,train,semi,d0-2,1,3,train
01-08-2022__01-13-40PM_jpg.jpg,01-08-2022__01-13-40PM,train,indoor,d6-10,7,2,train
01-08-2022__01-13-40PM_jpg__2.jpg,01-08-2022__01-13-40PM,train,indoor,d6-10,7,3,train
image_784_jpg.jpg,image,train,indoor,d3-5,4,4,train
image_717_jpg.jpg,image,train,indoor,d3-5,7,2,train
image_717_jpg__2.jpg,image,train,indoor,d3-5,7,3,valid
image_578_jpg.jpg,image,train,indoor,d3-5,6,4,train
CAM4-15-09-2022__09-50-10AMgt_jpg.jpg,CAM4-15-09-2022__09-50-10AMgt,train,unknown,d0-2,1,2,train
CAM4-15-09-2022__09-50-10AMgt_jpg__2.jpg,CAM4-15-09-2022__09-50-10AMgt,train,unknown,d0-2,1,1,test
Day_2102191709_N_Right_Back_2_Cut1_00561_jpg.jpg,Day_2102191709_N_Right_Back_2_Cut1,test,outdoor,d6-10,6,2,train
01-08-2022__11-35-32AM_jpg.jpg,01-08-2022__11-35-32AM,train,indoor,d3-5,4,2,train
00539_jpg.jpg,00539,train,unknown,d0-2,1,1,train
img973602142009_jpg.jpg,img973602142009,train,unknown,d0-2,2,3,train
img973602142009_jpg__2.jpg,img973602142009,train,unknown,d0-2,2,2,train
img965796420952_jpg.jpg,img965796420952,train,unknown,d3-5,3,3,train
img965796420952_jpg__2.jpg,img965796420952,train,unknown,d3-5,3,4,train
Day_08051212_Right_Back_Cut1_00133_jpg.jpg,Day_08051212_Right_Back_Cut1,test,outdoor,d0-2,1,2,train
Day_08051212_Right_Back_Cut1_00133_jpg__2.jpg,Day_08051212_Right_Back_Cut1,test,outdoor,d0-2,1,3,train
Day_2102191625_N_Right_Back_Cut1_00674_jpg.jpg,Day_2102191625_N_Right_Back_Cut1,train,outdoor,d0-2,2,1,train
image_878_jpg.jpg,image,train,indoor,d3-5,6,2,train
image_878_jpg__2.jpg,image,train,indoor,d3-5,6,1,train
CAM8-20-08-2022__11-50-50AMgt_jpg.jpg,CAM8-20-08-2022__11-50-50AMgt,val,unknown,d3-5,5,4,train
00938_jpg.jpg,00938,train,unknown,d0-2,1,2,train
00938_jpg__2.jpg,00938,train,unknown,d0-2,1,1,train
01-08-2022__09-57-38AM_jpg.jpg,01-08-2022__09-57-38AM,train,indoor,d3-5,4,1,train
mn-subway-tracks-rescuejpg_jpg.jpg,mn-subway-tracks-rescuejpg,test,unknown,d3-5,3,2,train
Day_2102191709_N_Right_Back_2_Cut1_00191_jpg.jpg,Day_2102191709_N_Right_Back_2_Cut1,test,outdoor,d6-10,5,1,train
Day_2102191709_N_Right_Back_2_Cut1_00191_jpg__2.jpg,Day_2102191709_N_Right_Back_2_Cut1,test,outdoor,d6-10,5,2,train
Day_06101541_Right_Back_2_Cut1_00450_jpg__2.jpg,Day_06101541_Right_Back_2_Cut1,train,outdoor,d6-10,6,4,train
Day_06101541_Right_Back_2_Cut1_00320_jpg.jpg,Day_06101541_Right_Back_2_Cut1,train,outdoor,d6-10,5,2,train
Day_06101541_Right_Back_2_Cut1_00320_jpg__2.jpg,Day_06101541_Right_Back_2_Cut1,train,outdoor,d6-10,5,1,train
Day_2102191625_N_Right_Back_Cut1_00324_jpg.jpg,Day_2102191625_N_Right_Back_Cut1,train,outdoor,d0-2,1,3,train
img970324159233_jpg.jpg,img970324159233,test,unknown,d3-5,3,2,train
image_189_jpg.jpg,image,train,indoor,d3-5,5,3,train
img97032413131_jpg.jpg,img97032413131,train,unknown,d0-2,2,3,train
img97032413131_jpg__2.jpg,img97032413131,train,unknown,d0-2,2,2,test
img97032413131_jpg__3.jpg,img97032413131,train,unknown,d0-2,2,1,valid
img96579654745_jpg.jpg,img96579654745,train,unknown,d6-10,7,4,test
img96579654745_jpg__2.jpg,img96579654745,train,unknown,d6-10,7,1,test
CrossRoad-001_00047_jpg.jpg,CrossRoad-001,val,outdoor,d0-2,1,1,train
BridgeEntrance-008_00231_jpg.jpg,BridgeEntrance-008,train,outdoor,d3-5,7,2,train
01641_jpg.jpg,01641,train,unknown,d0-2,1,1,train
01641_jpg__2.jpg,01641,train,unknown,d0-2,1,2,train
image_78_jpg.jpg,image_78,train,indoor,d6-10,7,2,train
image_78_jpg__2.jpg,image_78,train,indoor,d6-10,7,3,valid
output1_mp4-2_jpg.jpg,output1_mp4-2,train,unknown,d0-2,1,3,valid
output1_mp4-2_jpg__2.jpg,output1_mp4-2,train,unknown,d0-2,1,4,test
Day_2102191625_N_Right_Back_Cut1_00444_jpg.jpg,Day_2102191625_N_Right_Back_Cut1,train,outdoor,d0-2,3,1,train
Day_2102191625_N_Right_Back_Cut1_00444_jpg__2.jpg,Day_2102191625_N_Right_Back_Cut1,train,outdoor,d0-2,3,1,train
01-08-2022__02-14-36PM_jpg.jpg,01-08-2022__02-14-36PM,train,indoor,d6-10,6,2,train
01-08-2022__02-14-36PM_jpg__2.jpg,01-08-2022__02-14-36PM,train,indoor,d6-10,6,1,train
opencv_frame_13820_png_jpg.jpg,opencv_frame,train,indoor,d0-2,1,4,train
opencv_frame_13820_png_jpg__2.jpg,opencv_frame,train,indoor,d0-2,1,8,train
opencv_frame_13820_png_jpg__3.jpg,opencv_frame,train,indoor,d0-2,1,4,test
opencv_frame_13820_png_jpg__4.jpg,opencv_frame,train,indoor,d0-2,1,1,train
01-08-2022__11-33-23AM_jpg.jpg,01-08-2022__11-33-23AM,train,indoor,d3-5,4,2,train
Day_08051212_Right_Back_Cut1_00163_jpg.jpg,Day_08051212_Right_Back_Cut1,test,outdoor,d0-2,1,2,train
00944_jpg.jpg,00944,train,unknown,d0-2,1,2,valid
00944_jpg__2.jpg,00944,train,unknown,d0-2,1,2,valid
01-08-2022__03-35-26PM_jpg.jpg,01-08-2022__03-35-26PM,val,indoor,d3-5,3,5,train
01-08-2022__03-35-26PM_jpg__2.jpg,01-08-2022__03-35-26PM,val,indoor,d3-5,3,2,train
Day_02191732_Right_Back_Cut1_00561_jpg.jpg,Day_02191732_Right_Back_Cut1,train,outdoor,d6-10,7,2,train
Day_02191732_Right_Back_Cut1_00561_jpg__2.jpg,Day_02191732_Right_Back_Cut1,train,outdoor,d6-10,7,3,train
image_635_jpg.jpg,image,train,indoor,d3-5,4,2,train
image_635_jpg__2.jpg,image,train,indoor,d3-5,4,1,train
image_431_jpg.jpg,image,train,indoor,d3-5,4,1,train
image_431_jpg__2.jpg,image,train,indoor,d3-5,4,2,train
0_JAR_BRK_170320_TVPrdg_02_jpg.jpg,0_JAR_BRK_170320_TVPrdg_02,train,unknown,d3-5,3,2,train
count-people-cctv-1280x720_jpg.jpg,count-people-cctv-1280x720,train,unknown,d0-2,2,3,train
Day_2102191709_N_Right_Back_2_Cut1_00231_jpg.jpg,Day_2102191709_N_Right_Back_2_Cut1,test,outdoor,d6-10,6,1,train
Day_2102191709_N_Right_Back_2_Cut1_00231_jpg__2.jpg,Day_2102191709_N_Right_Back_2_Cut1,test,outdoor,d6-10,6,2,train
image_552_jpg.jpg,image,train,indoor,d3-5,5,2,train
Day_02191732_Right_Back_Cut1_00401_jpg.jpg,Day_02191732_Right_Back_Cut1,train,outdoor,d6-10,7,2,train
Day_2102191726_P_Right_Back_Cut1_00156_jpg.jpg,Day_2102191726_P_Right_Back_Cut1,train,outdoor,d3-5,1,3,train
01-08-2022__10-13-19AM_jpg.jpg,01-08-2022__10-13-19AM,val,indoor,d3-5,4,1,train
01-08-2022__10-13-19AM_jpg__2.jpg,01-08-2022__10-13-19AM,val,indoor,d3-5,4,2,train
image_667_jpg.jpg,image,train,indoor,d3-5,4,2,valid
image_667_jpg__2.jpg,image,train,indoor,d3-5,4,1,train
Day_07141436_Right_Back_Cut1_00438_jpg.jpg,Day_07141436_Right_Back_Cut1,train,outdoor,d6-10,4,5,valid
image_703_jpg.jpg,image,train,indoor,d3-5,4,1,train
image_703_jpg__2.jpg,image,train,indoor,d3-5,4,1,train
image_436_jpg.jpg,image,train,indoor,d3-5,1,2,train
image_436_jpg__2.jpg,image,train,indoor,d3-5,1,1,train
01-08-2022__09-53-00AM_jpg.jpg,01-08-2022__09-53-00AM,val,indoor,d0-2,2,3,train
01-08-2022__10-39-00AM_jpg.jpg,01-08-2022__10-39-00AM,train,indoor,d0-2,2,3,valid
Day_2102191709_N_Right_Back_Cut1_00189_jpg.jpg,Day_2102191709_N_Right_Back_Cut1,train,outdoor,d6-10,5,2,train
SJTU_SEIEE-182_330-02878_jpg.jpg,SJTU_SEIEE-182_330,train,unknown,d3-5,3,3,train
SJTU_SEIEE-182_330-02878_jpg__2.jpg,SJTU_SEIEE-182_330,train,unknown,d3-5,3,1,train
01-08-2022__04-16-33PM_jpg.jpg,01-08-2022__04-16-33PM,test,indoor,d3-5,4,1,train
01-08-2022__04-16-33PM_jpg__2.jpg,01-08-2022__04-16-33PM,test,indoor,d3-5,4,1,train
BridgeEntrance-006_00301_jpg.jpg,BridgeEntrance-006,test,outdoor,d3-5,1,2,train
BridgeEntrance-006_00301_jpg__2.jpg,BridgeEntrance-006,test,outdoor,d3-5,1,1,train
image_877_jpg.jpg,image,train,indoor,d3-5,4,1,train
SeieeDept-031_00968_jpg.jpg,SeieeDept-031,test,outdoor,d0-2,1,1,train
SeieeDept-031_00968_jpg__2.jpg,SeieeDept-031,test,outdoor,d0-2,1,1,valid
image_363_jpg.jpg,image,train,indoor,d3-5,2,1,train
image_363_jpg__2.jpg,image,train,indoor,d3-5,2,1,train
01-08-2022__01-20-51PM_jpg.jpg,01-08-2022__01-20-51PM,test,indoor,d6-10,7,2,train
01-08-2022__01-20-51PM_jpg__2.jpg,01-08-2022__01-20-51PM,test,indoor,d6-10,7,3,train
img97032427966_jpg.jpg,img97032427966,train,unknown,d0-2,2,4,train
SJTU_SEIEE-182_330-02842_jpg.jpg,SJTU_SEIEE-182_330,train,unknown,d3-5,2,2,train
SJTU_SEIEE-182_330-02842_jpg__2.jpg,SJTU_SEIEE-182_330,train,unknown,d3-5,2,1,test
image_133_jpg.jpg,image,train,indoor,d3-5,2,2,train
image_133_jpg__2.jpg,image,train,indoor,d3-5,2,1,train
Day_08051212_Right_Back_Cut1_00013_jpg.jpg,Day_08051212_Right_Back_Cut1,test,outdoor,d0-2,1,4,train
Day_08051212_Right_Back_Cut1_00013_jpg__2.jpg,Day_08051212_Right_Back_Cut1,test,outdoor,d0-2,1,2,test
SeieeDept-033_00865_jpg.jpg,SeieeDept-033,train,outdoor,d0-2,1,3,train
image_418_jpg.jpg,image,train,indoor,d3-5,1,4,train
Day_06101541_Right_Back_2_Cut1_00150_jpg.jpg,Day_06101541_Right_Back_2_Cut1,train,outdoor,d6-10,1,1,train
Day_06101541_Right_Back_2_Cut1_00150_jpg__2.jpg,Day_06101541_Right_Back_2_Cut1,train,outdoor,d6-10,1,2,valid
01-08-2022__03-03-39PM_jpg.jpg,01-08-2022__03-03-39PM,val,indoor,d3-5,3,3,train
01-08-2022__03-03-39PM_jpg__2.jpg,01-08-2022__03-03-39PM,val,indoor,d3-5,3,1,valid
01-08-2022__04-31-05PM_jpg.jpg,01-08-2022__04-31-05PM,train,indoor,d0-2,1,2,test
01-08-2022__04-31-05PM_jpg__2.jpg,01-08-2022__04-31-05PM,train,indoor,d0-2,1,1,train
SeieeDept-051_00528_jpg.jpg,SeieeDept-051,train,outdoor,d0-2,1,1,train
SeieeDept-051_00528_jpg__2.jpg,SeieeDept-051,train,outdoor,d0-2,1,1,test
Day_202102191756_P_Right_Back_Cut1_00575_jpg.jpg,Day_202102191756_P_Right_Back_Cut1,val,outdoor,d6-10,9,3,valid
Day_202102191756_P_Right_Back_Cut1_00575_jpg__2.jpg,Day_202102191756_P_Right_Back_Cut1,val,outdoor,d6-10,9,1,train
Day_2102191709_N_Right_Back_2_Cut1_00361_jpg.jpg,Day_2102191709_N_Right_Back_2_Cut1,test,outdoor,d6-10,6,4,test
output_mp4-85_jpg.jpg,output_mp4-85,val,indoor,d0-2,2,1,train
Day_2102191709_N_Right_Back_2_Cut1_00361_jpg__2.jpg,Day_2102191709_N_Right_Back_2_Cut1,test,outdoor,d6-10,6,2,train
img9703248927_jpg.jpg,img9703248927,test,unknown,d0-2,2,4,train
01-08-2022__11-17-48AM_jpg.jpg,01-08-2022__11-17-48AM,test,indoor,d0-2,1,3,train
image00250_jpg.jpg,image00250,val,indoor,d10+,63,3,train
image00250_jpg__2.jpg,image00250,val,indoor,d10+,61,1,train
Day_2102191709_N_Right_Back_2_Cut1_00321_jpg.jpg,Day_2102191709_N_Right_Back_2_Cut1,test,outdoor,d6-10,4,1,train
image_354_jpg.jpg,image,train,indoor,d3-5,6,4,train
image_354_jpg__2.jpg,image,train,indoor,d3-5,6,1,train
01-08-2022__01-24-13PM_jpg.jpg,01-08-2022__01-24-13PM,train,indoor,d0-2,1,2,train
img9736025802_jpg.jpg,img9736025802,train,unknown,d0-2,1,2,train
Road-001_00511_jpg.jpg,Road-001,train,outdoor,d3-5,5,3,train
output_mp4-85_jpg__2.jpg,output_mp4-85,val,indoor,d0-2,2,4,valid
img9736025802_jpg__2.jpg,img9736025802,train,unknown,d0-2,1,1,valid
SeieeDept-021_00733_jpg.jpg,SeieeDept-021,train,outdoor,d0-2,1,3,train
image_888_jpg.jpg,image,train,indoor,d3-5,3,2,train
01-08-2022__01-31-26PM_jpg.jpg,01-08-2022__01-31-26PM,train,indoor,d3-5,3,1,train
img97360297492_jpg.jpg,img97360297492,train,unknown,d0-2,1,2,train
img97360297492_jpg__2.jpg,img97360297492,train,unknown,d0-2,1,5,train
01-08-2022__10-57-01AM_jpg.jpg,01-08-2022__10-57-01AM,train,indoor,d0-2,2,2,train
Day_2102191625_N_Right_Back_Cut1_00464_jpg.jpg,Day_2102191625_N_Right_Back_Cut1,train,outdoor,d0-2,2,1,train
opencv_frame_19405_png_jpg.jpg,opencv_frame,train,indoor,d0-2,1,1,train
img970324126543_jpg.jpg,img970324126543,train,unknown,d3-5,4,2,train
output_mp4-85_jpg__3.jpg,output_mp4-85,val,indoor,d0-2,2,1,train
img970324126543_jpg__2.jpg,img970324126543,train,unknown,d3-5,4,2,train
01-08-2022__03-59-16PM_jpg.jpg,01-08-2022__03-59-16PM,train,indoor,d0-2,2,2,train
01-08-2022__03-59-16PM_jpg__2.jpg,01-08-2022__03-59-16PM,train,indoor,d0-2,2,4,test
Road-001_00586_jpg.jpg,Road-001,train,outdoor,d3-5,6,2,train
Road-001_00586_jpg__2.jpg,Road-001,train,outdoor,d3-5,6,3,valid
CrossRoad-001_00049_jpg.jpg,CrossRoad-001,val,outdoor,d0-2,1,2,train
CrossRoad-001_00049_jpg__2.jpg,CrossRoad-001,val,outdoor,d0-2,1,1,valid
img965796398249_jpg.jpg,img965796398249,train,unknown,d0-2,2,1,train
img965796398249_jpg__2.jpg,img965796398249,train,unknown,d0-2,2,1,valid
CAM40-15-09-2022__09-53-14AMgt_jpg.jpg,CAM40-15-09-2022__09-53-14AMgt,test,unknown,d0-2,1,3,train
output_mp4-85_jpg__4.jpg,output_mp4-85,val,indoor,d0-2,2,5,valid
CAM40-15-09-2022__09-53-14AMgt_jpg__2.jpg,CAM40-15-09-2022__09-53-14AMgt,test,unknown,d0-2,1,2,train
Day_2102191625_N_Right_Back_Cut1_00484_jpg.jpg,Day_2102191625_N_Right_Back_Cut1,train,outdoor,d0-2,4,1,train
Day_2102191625_N_Right_Back_Cut1_00484_jpg__2.jpg,Day_2102191625_N_Right_Back_Cut1,train,outdoor,d0-2,4,1,train
Day_2102191726_P_Right_Back_Cut1_00366_jpg.jpg,Day_2102191726_P_Right_Back_Cut1,train,outdoor,d3-5,5,2,train
Day_2102191726_P_Right_Back_Cut1_00366_jpg__2.jpg,Day_2102191726_P_Right_Back_Cut1,train,outdoor,d3-5,5,2,train
Day_06101541_Right_Back_2_Cut1_00640_jpg.jpg,Day_06101541_Right_Back_2_Cut1,train,outdoor,d6-10,10,1,train
Day_06101541_Right_Back_2_Cut1_00640_jpg__2.jpg,Day_06101541_Right_Back_2_Cut1,train,outdoor,d6-10,10,1,valid
SeieeDept-026_00106_jpg.jpg,SeieeDept-026,test,outdoor,d0-2,1,3,train
SeieeDept-026_00106_jpg__2.jpg,SeieeDept-026,test,outdoor,d0-2,1,1,train
SeieeDept-037_00796_jpg.jpg,SeieeDept-037,train,outdoor,d0-2,1,3,valid
CAM8-25-08-2022__07-01-55PMgt_jpg.jpg,CAM8-25-08-2022__07-01-55PMgt,train,unknown,d0-2,1,4,train
img965796281699_jpg.jpg,img965796281699,train,unknown,d0-2,2,2,valid
img965796281699_jpg__2.jpg,img965796281699,train,unknown,d0-2,2,1,train
01-08-2022__10-21-58AM_jpg.jpg,01-08-2022__10-21-58AM,test,indoor,d0-2,2,3,train
01-08-2022__10-21-58AM_jpg__2.jpg,01-08-2022__10-21-58AM,test,indoor,d0-2,2,3,train
Day_02191732_Right_Back_Cut1_00081_jpg.jpg,Day_02191732_Right_Back_Cut1,train,outdoor,d6-10,6,2,valid
Day_02191732_Right_Back_Cut1_00081_jpg__2.jpg,Day_02191732_Right_Back_Cut1,train,outdoor,d6-10,6,4,test
040841_02_909687_jpg.jpg,040841_02,train,semi,d0-2,1,5,train
Day_07141436_Right_Back_Cut1_00518_jpg.jpg,Day_07141436_Right_Back_Cut1,train,outdoor,d6-10,5,2,train
Day_07141436_Right_Back_Cut1_00518_jpg__2.jpg,Day_07141436_Right_Back_Cut1,train,outdoor,d6-10,5,3,test
image_904_jpg.jpg,image,train,indoor,d3-5,5,1,train
CAM8-25-08-2022__07-01-55PMgt_jpg__2.jpg,CAM8-25-08-2022__07-01-55PMgt,train,unknown,d0-2,1,3,valid
image_904_jpg__2.jpg,image,train,indoor,d3-5,5,3,train
CAM21-25-08-2022__07-03-28PMgt_jpg.jpg,CAM21-25-08-2022__07-03-28PMgt,train,unknown,d0-2,2,3,train
SeieeDept-026_00631_jpg.jpg,SeieeDept-026,test,outdoor,d0-2,1,4,train
Day_2102191726_P_Right_Back_Cut1_00106_jpg.jpg,Day_2102191726_P_Right_Back_Cut1,train,outdoor,d3-5,2,3,train
opencv_frame_10785_png_jpg.jpg,opencv_frame,train,indoor,d0-2,2,2,train
opencv_frame_10785_png_jpg__2.jpg,opencv_frame,train,indoor,d0-2,2,3,train
SeieeDept-021_00298_jpg.jpg,SeieeDept-021,train,outdoor,d0-2,2,3,train
SeieeDept-021_00298_jpg__2.jpg,SeieeDept-021,train,outdoor,d0-2,2,6,train
040843_12_433731_jpg.jpg,040843_12,train,semi,d0-2,1,2,valid
040843_12_433731_jpg__2.jpg,040843_12,train,semi,d0-2,1,1,train
image_655_jpg.jpg,image,train,indoor,d3-5,4,2,valid
Day_2102191625_N_Right_Back_Cut1_00374_jpg.jpg,Day_2102191625_N_Right_Back_Cut1,train,outdoor,d0-2,2,3,train
Day_2102191625_N_Right_Back_Cut1_00374_jpg__2.jpg,Day_2102191625_N_Right_Back_Cut1,train,outdoor,d0-2,2,2,train
Day_2102191625_N_Right_Back_Cut1_00364_jpg.jpg,Day_2102191625_N_Right_Back_Cut1,train,outdoor,d0-2,2,2,train
CAM43-25-08-2022__07-03-31PMgt_jpg.jpg,CAM43-25-08-2022__07-03-31PMgt,test,unknown,d3-5,4,2,valid
Day_07141436_Right_Back_Cut1_00168_jpg.jpg,Day_07141436_Right_Back_Cut1,train,outdoor,d6-10,3,3,train
IMAGE-2_jpg.jpg,IMAGE-2,train,unknown,d0-2,2,4,train
34560_jpg.jpg,34560,train,unknown,d10+,13,5,valid
34560_jpg__2.jpg,34560,train,unknown,d10+,13,2,valid
7667d45d-d44a-4351-afd5-8de12e2d41d6_jpg.jpg,7667d45d-d44a-4351-afd5-8de12e2d41d6,val,unknown,d6-10,6,3,train
7667d45d-d44a-4351-afd5-8de12e2d41d6_jpg__2.jpg,7667d45d-d44a-4351-afd5-8de12e2d41d6,val,unknown,d6-10,6,3,train
image_655_jpg__2.jpg,image,train,indoor,d3-5,3,2,train
CAM46-24-08-2022__09-16-14PMgt_jpg.jpg,CAM46-24-08-2022__09-16-14PMgt,train,unknown,d0-2,2,3,train
CAM46-24-08-2022__09-16-14PMgt_jpg__2.jpg,CAM46-24-08-2022__09-16-14PMgt,train,unknown,d0-2,2,4,train
img965796181371_jpg.jpg,img965796181371,train,unknown,d0-2,1,2,train
img965796181371_jpg__2.jpg,img965796181371,train,unknown,d0-2,1,1,train
image_126_jpg.jpg,image,train,indoor,d3-5,8,2,train
SJTU_SEIEE-182_330-02974_jpg.jpg,SJTU_SEIEE-182_330,train,unknown,d3-5,3,2,train
SJTU_SEIEE-182_330-02974_jpg__2.jpg,SJTU_SEIEE-182_330,train,unknown,d3-5,3,2,train
SeieeDept-021_00155_jpg.jpg,SeieeDept-021,train,outdoor,d0-2,1,3,test
SeieeDept-021_00155_jpg__2.jpg,SeieeDept-021,train,outdoor,d0-2,1,2,valid
01-08-2022__10-13-21AM_jpg.jpg,01-08-2022__10-13-21AM,test,indoor,d0-2,2,1,train
image_8_jpg.jpg,image_8,val,indoor,d0-2,2,2,train
image_909_jpg.jpg,image,train,indoor,d3-5,5,4,train
image_909_jpg__2.jpg,image,train,indoor,d3-5,4,2,valid
opencv_frame_18770_png_jpg.jpg,opencv_frame,train,indoor,d0-2,3,2,valid
01-08-2022__10-34-06AM_jpg.jpg,01-08-2022__10-34-06AM,train,indoor,d0-2,1,2,train
01-08-2022__10-34-06AM_jpg__2.jpg,01-08-2022__10-34-06AM,train,indoor,d0-2,1,1,valid
040840_54_270822_jpg.jpg,040840_54,train,semi,d0-2,1,1,train
040840_54_270822_jpg__2.jpg,040840_54,train,semi,d0-2,1,3,train
64800_jpg.jpg,64800,train,unknown,d6-10,10,1,train
64800_jpg__2.jpg,64800,train,unknown,d6-10,10,2,train
img973602112178_jpg.jpg,img973602112178,train,unknown,d0-2,1,1,train
image_8_jpg__2.jpg,image_8,val,indoor,d0-2,2,2,valid
img973602112178_jpg__2.jpg,img973602112178,train,unknown,d0-2,1,1,test
BridgeEntrance-004_00762_jpg.jpg,BridgeEntrance-004,train,outdoor,d0-2,1,2,train
BridgeEntrance-004_00762_jpg__2.jpg,BridgeEntrance-004,train,outdoor,d0-2,1,2,train
00624_jpg.jpg,00624,train,unknown,d0-2,1,1,train
SeieeDept-036_00449_jpg.jpg,SeieeDept-036,train,outdoor,d0-2,1,2,train
Day_2102191709_N_Right_Back_Cut1_00239_jpg.jpg,Day_2102191709_N_Right_Back_Cut1,train,outdoor,d6-10,5,3,train
SeieeDept-014_00155_jpg.jpg,SeieeDept-014,train,outdoor,d3-5,4,2,train
SeieeDept-014_00155_jpg__2.jpg,SeieeDept-014,train,outdoor,d3-5,4,5,valid
image_58_jpg.jpg,image_58,train,indoor,d3-5,5,4,train
00319_jpg.jpg,00319,train,unknown,d0-2,2,2,train
01-08-2022__12-31-51PM_jpg.jpg,01-08-2022__12-31-51PM,train,indoor,d0-2,1,2,train
00319_jpg__2.jpg,00319,train,unknown,d0-2,2,3,train
CAM17-15-09-2022__05-50-10PMgt_jpg.jpg,CAM17-15-09-2022__05-50-10PMgt,train,unknown,d0-2,2,4,train
img965796419330_jpg.jpg,img965796419330,train,unknown,d0-2,2,4,valid
01-08-2022__01-57-01PM_jpg.jpg,01-08-2022__01-57-01PM,train,indoor,d6-10,6,5,valid
img97032438737_jpg.jpg,img97032438737,train,unknown,d0-2,1,1,train
img97032438737_jpg__2.jpg,img97032438737,train,unknown,d0-2,1,1,valid
Day_2102191726_P_Right_Back_Cut1_00116_jpg.jpg,Day_2102191726_P_Right_Back_Cut1,train,outdoor,d3-5,1,3,valid
image_18_jpg.jpg,image_18,test,indoor,d0-2,2,1,train
image_314_jpg.jpg,image,train,indoor,d3-5,6,5,train
image_314_jpg__2.jpg,image,train,indoor,d3-5,6,1,train
opencv_frame_10820_png_jpg__3.jpg,opencv_frame,train,indoor,d0-2,2,3,train
Road-001_00511_jpg__2.jpg,Road-001,train,outdoor,d3-5,5,1,test
01-08-2022__12-31-51PM_jpg__2.jpg,01-08-2022__12-31-51PM,train,indoor,d0-2,1,2,valid
Day_02191732_Right_Back_Cut1_00511_jpg.jpg,Day_02191732_Right_Back_Cut1,train,outdoor,d6-10,7,3,train
img96579660587_jpg.jpg,img96579660587,train,unknown,d3-5,5,3,train
img96579660587_jpg__2.jpg,img96579660587,train,unknown,d3-5,5,1,train
img96579660587_jpg__3.jpg,img96579660587,train,unknown,d3-5,5,3,train
image_712_jpg.jpg,image,train,indoor,d3-5,4,2,train
image_759_jpg.jpg,image,train,indoor,d3-5,4,3,train
image_759_jpg__2.jpg,image,train,indoor,d3-5,4,1,train
02093_jpg.jpg,02093,train,unknown,d0-2,1,4,train
02093_jpg__2.jpg,02093,train,unknown,d0-2,1,2,train
01-08-2022__08-35-45AM_jpg.jpg,01-08-2022__08-35-45AM,train,indoor,d0-2,2,3,train
output1_mp4-66_jpg.jpg,output1_mp4-66,train,unknown,d3-5,5,2,train
01-08-2022__08-35-45AM_jpg__2.jpg,01-08-2022__08-35-45AM,train,indoor,d0-2,2,1,valid
img97032430162_jpg.jpg,img97032430162,train,unknown,d0-2,1,2,train
img97032430162_jpg__2.jpg,img97032430162,train,unknown,d0-2,1,1,train
img97032446293_jpg.jpg,img97032446293,train,unknown,d0-2,1,3,valid
img97032446293_jpg__2.jpg,img97032446293,train,unknown,d0-2,1,1,train
Day_2102191709_N_Right_Back_2_Cut2_00160_jpg.jpg,Day_2102191709_N_Right_Back_2_Cut2,train,outdoor,d6-10,6,2,train
Day_2102191709_N_Right_Back_2_Cut2_00030_jpg.jpg,Day_2102191709_N_Right_Back_2_Cut2,train,outdoor,d6-10,6,2,train
1540318711-amritsar_train_accident_jpg.jpg,1540318711-amritsar_train_accident,train,semi,d10+,12,1,train
1540318711-amritsar_train_accident_jpg__2.jpg,1540318711-amritsar_train_accident,train,semi,d10+,13,2,train
output_mp4-76_jpg.jpg,output_mp4-76,test,indoor,d3-5,3,9,test
output1_mp4-66_jpg__2.jpg,output1_mp4-66,train,unknown,d3-5,5,4,train
output_mp4-76_jpg__2.jpg,output_mp4-76,test,indoor,d3-5,3,3,train
output_mp4-76_jpg__3.jpg,output_mp4-76,test,indoor,d3-5,3,2,test
Day_2102191709_N_Right_Back_2_Cut1_00441_jpg.jpg,Day_2102191709_N_Right_Back_2_Cut1,test,outdoor,d6-10,5,3,train
Day_2102191709_N_Right_Back_2_Cut1_00441_jpg__2.jpg,Day_2102191709_N_Right_Back_2_Cut1,test,outdoor,d6-10,5,2,valid
01-08-2022__12-22-13PM_jpg.jpg,01-08-2022__12-22-13PM,train,indoor,d3-5,3,1,train
image_471_jpg.jpg,image,train,indoor,d3-5,3,1,train
image_471_jpg__2.jpg,image,train,indoor,d3-5,3,3,valid
CAM24-23-08-2022__05-28-35PMgt_jpg.jpg,CAM24-23-08-2022__05-28-35PMgt,train,unknown,d0-2,1,1,train
CAM24-23-08-2022__05-28-35PMgt_jpg__2.jpg,CAM24-23-08-2022__05-28-35PMgt,train,unknown,d0-2,1,1,train
image_718_jpg.jpg,image,train,indoor,d3-5,4,3,train
output1_mp4-66_jpg__3.jpg,output1_mp4-66,train,unknown,d3-5,5,3,train
image_718_jpg__2.jpg,image,train,indoor,d3-5,4,3,valid
Day_2102191709_N_Right_Back_2_Cut1_00531_jpg.jpg,Day_2102191709_N_Right_Back_2_Cut1,test,outdoor,d6-10,6,3,train
Day_2102191709_N_Right_Back_2_Cut1_00531_jpg__2.jpg,Day_2102191709_N_Right_Back_2_Cut1,test,outdoor,d6-10,6,2,train
Day_2102191709_N_Right_Back_2_Cut2_00040_jpg.jpg,Day_2102191709_N_Right_Back_2_Cut2,train,outdoor,d6-10,6,1,train
01-08-2022__09-03-30AM_jpg.jpg,01-08-2022__09-03-30AM,train,indoor,d3-5,3,5,test
img97032437663_jpg.jpg,img97032437663,train,unknown,d0-2,1,4,valid
img97032437663_jpg__2.jpg,img97032437663,train,unknown,d0-2,1,1,train
img965796371148_jpg.jpg,img965796371148,train,unknown,d3-5,3,1,train
img965796371148_jpg__2.jpg,img965796371148,train,unknown,d3-5,3,2,train
Day_06101541_Right_Back_2_Cut1_00100_jpg.jpg,Day_06101541_Right_Back_2_Cut1,train,outdoor,d6-10,1,1,train
Day_07141436_Right_Back_Cut1_00788_jpg.jpg,Day_07141436_Right_Back_Cut1,train,outdoor,d6-10,8,1,train
Day_06101541_Right_Back_2_Cut1_00100_jpg__2.jpg,Day_06101541_Right_Back_2_Cut1,train,outdoor,d6-10,2,1,valid
00883_jpg.jpg,00883,train,unknown,d0-2,1,5,train
CAM21-21-08-2022__06-27-58PMgt_jpg.jpg,CAM21-21-08-2022__06-27-58PMgt,val,unknown,d0-2,1,3,valid
28800_jpg.jpg,28800,train,unknown,d6-10,7,3,train
01-08-2022__01-12-02PM_jpg.jpg,01-08-2022__01-12-02PM,train,indoor,d6-10,6,2,train
Day_202102191756_P_Right_Back_Cut1_00925_jpg.jpg,Day_202102191756_P_Right_Back_Cut1,val,outdoor,d6-10,4,2,train
Day_202102191756_P_Right_Back_Cut1_00925_jpg__2.jpg,Day_202102191756_P_Right_Back_Cut1,val,outdoor,d6-10,4,3,train
Day_07141436_Right_Back_Cut1_01548_jpg.jpg,Day_07141436_Right_Back_Cut1,train,outdoor,d6-10,11,2,train
Day_07141436_Right_Back_Cut1_01548_jpg__2.jpg,Day_07141436_Right_Back_Cut1,train,outdoor,d6-10,12,1,train
Day_2102191625_N_Right_Back_Cut1_00664_jpg.jpg,Day_2102191625_N_Right_Back_Cut1,train,outdoor,d0-2,2,3,train
Day_07141436_Right_Back_Cut1_00788_jpg__2.jpg,Day_07141436_Right_Back_Cut1,train,outdoor,d6-10,9,2,train
image_371_jpg.jpg,image,train,indoor,d3-5,2,1,train
image_371_jpg__2.jpg,image,train,indoor,d3-5,2,3,train
img97360288538_jpg.jpg,img97360288538,train,unknown,d0-2,1,1,train
img97360288538_jpg__2.jpg,img97360288538,train,unknown,d0-2,1,5,valid
Day_2102191709_N_Right_Back_Cut1_00119_jpg.jpg,Day_2102191709_N_Right_Back_Cut1,train,outdoor,d6-10,7,1,train
01-08-2022__03-38-20PM_jpg.jpg,01-08-2022__03-38-20PM,train,indoor,d0-2,2,4,train
01-08-2022__04-08-03PM_jpg.jpg,01-08-2022__04-08-03PM,test,indoor,d3-5,4,1,train
01-08-2022__04-08-03PM_jpg__2.jpg,01-08-2022__04-08-03PM,test,indoor,d3-5,4,1,train
CAM15-23-08-2022__03-32-07PMgt_jpg.jpg,CAM15-23-08-2022__03-32-07PMgt,test,unknown,d0-2,1,4,train
SeieeDept-016_00478_jpg.jpg,SeieeDept-016,train,outdoor,d0-2,1,3,train
image_26_jpg.jpg,image_26,train,indoor,d3-5,5,2,train
01-08-2022__11-31-52AM_jpg.jpg,01-08-2022__11-31-52AM,train,indoor,d3-5,3,3,valid
image00800_jpg.jpg,image00800,train,indoor,d10+,27,3,train
image00800_jpg__2.jpg,image00800,train,indoor,d10+,26,1,train
output_mp4-26_jpg.jpg,output_mp4-26,train,indoor,d3-5,3,2,train
output_mp4-26_jpg__2.jpg,output_mp4-26,train,indoor,d3-5,3,3,valid
img96579652431_jpg.jpg,img96579652431,train,unknown,d3-5,5,1,train
image_746_jpg.jpg,image,train,indoor,d3-5,4,3,train
image_746_jpg__2.jpg,image,train,indoor,d3-5,4,1,train
01817_jpg.jpg,01817,train,unknown,d0-2,2,2,train
CAM15-24-08-2022__09-16-10PMgt_jpg.jpg,CAM15-24-08-2022__09-16-10PMgt,train,unknown,d0-2,1,4,valid
image_26_jpg__2.jpg,image_26,train,indoor,d3-5,5,2,train
Day_08051212_Right_Back_Cut1_00023_jpg.jpg,Day_08051212_Right_Back_Cut1,test,outdoor,d0-2,1,2,train
Day_08051212_Right_Back_Cut1_00023_jpg__2.jpg,Day_08051212_Right_Back_Cut1,test,outdoor,d0-2,1,1,train
BridgeEntrance-004_00672_jpg.jpg,BridgeEntrance-004,train,outdoor,d0-2,2,3,train
BridgeEntrance-004_00672_jpg__2.jpg,BridgeEntrance-004,train,outdoor,d0-2,2,2,test
Day_2102191726_P_Right_Back_Cut1_00636_jpg.jpg,Day_2102191726_P_Right_Back_Cut1,train,outdoor,d3-5,5,2,train
21600_jpg.jpg,21600,train,unknown,d10+,16,2,train
opencv_frame_19390_png_jpg.jpg,opencv_frame,train,indoor,d0-2,2,1,train
opencv_frame_19390_png_jpg__2.jpg,opencv_frame,train,indoor,d0-2,2,3,train
opencv_frame_19390_png_jpg__3.jpg,opencv_frame,train,indoor,d0-2,2,3,train
opencv_frame_19390_png_jpg__4.jpg,opencv_frame,train,indoor,d0-2,2,3,train
01-08-2022__04-31-02PM_jpg.jpg,01-08-2022__04-31-02PM,train,indoor,d0-2,1,2,train
Day_07141436_Right_Back_Cut1_01208_jpg.jpg,Day_07141436_Right_Back_Cut1,train,outdoor,d6-10,9,3,valid
Day_07141436_Right_Back_Cut1_01208_jpg__2.jpg,Day_07141436_Right_Back_Cut1,train,outdoor,d6-10,9,1,train
01-08-2022__11-47-27AM_jpg.jpg,01-08-2022__11-47-27AM,test,indoor,d3-5,5,1,train
01-08-2022__11-47-27AM_jpg__2.jpg,01-08-2022__11-47-27AM,test,indoor,d3-5,5,1,test
img973602117866_jpg.jpg,img973602117866,val,unknown,d3-5,3,2,train
img973602117866_jpg__2.jpg,img973602117866,val,unknown,d3-5,3,1,valid
01-08-2022__03-16-54PM_jpg.jpg,01-08-2022__03-16-54PM,test,indoor,d3-5,4,3,train
01-08-2022__03-16-54PM_jpg__2.jpg,01-08-2022__03-16-54PM,test,indoor,d3-5,4,3,valid
image_364_jpg.jpg,image,train,indoor,d3-5,5,4,train
image_364_jpg__2.jpg,image,train,indoor,d3-5,5,1,train
01-08-2022__04-31-02PM_jpg__2.jpg,01-08-2022__04-31-02PM,train,indoor,d0-2,1,2,train
Day_2102191709_N_Right_Back_2_Cut1_00701_jpg.jpg,Day_2102191709_N_Right_Back_2_Cut1,test,outdoor,d6-10,6,2,valid
Day_2102191709_N_Right_Back_2_Cut1_00701_jpg__2.jpg,Day_2102191709_N_Right_Back_2_Cut1,test,outdoor,d6-10,6,1,train
Day_202102191756_P_Right_Back_Cut1_00675_jpg.jpg,Day_202102191756_P_Right_Back_Cut1,val,outdoor,d6-10,6,4,train
Day_202102191756_P_Right_Back_Cut1_00675_jpg__2.jpg,Day_202102191756_P_Right_Back_Cut1,val,outdoor,d6-10,6,2,train
image_791_jpg.jpg,image,train,indoor,d3-5,2,2,train
image_791_jpg__2.jpg,image,train,indoor,d3-5,2,2,test
01-08-2022__11-50-51AM_jpg.jpg,01-08-2022__11-50-51AM,train,indoor,d0-2,2,3,train
Day_07141436_Right_Back_Cut1_01628_jpg.jpg,Day_07141436_Right_Back_Cut1,train,outdoor,d6-10,12,2,train
Day_07141436_Right_Back_Cut1_01628_jpg__2.jpg,Day_07141436_Right_Back_Cut1,train,outdoor,d6-10,12,4,train
Day_07141436_Right_Back_Cut1_00638_jpg.jpg,Day_07141436_Right_Back_Cut1,train,outdoor,d6-10,5,2,train
01-08-2022__11-03-15AM_jpg.jpg,01-08-2022__11-03-15AM,val,indoor,d3-5,5,4,test
image_441_jpg.jpg,image,train,indoor,d3-5,4,3,test
Day_07141436_Right_Back_Cut1_00638_jpg__2.jpg,Day_07141436_Right_Back_Cut1,train,outdoor,d6-10,7,4,train
01-08-2022__04-08-56PM_jpg.jpg,01-08-2022__04-08-56PM,train,indoor,d0-2,2,2,train
01-08-2022__12-42-06PM_jpg.jpg,01-08-2022__12-42-06PM,train,indoor,d0-2,1,2,valid
01-08-2022__01-24-11PM_jpg.jpg,01-08-2022__01-24-11PM,train,indoor,d3-5,4,2,valid
Day_07141436_Right_Back_Cut1_00258_jpg.jpg,Day_07141436_Right_Back_Cut1,train,outdoor,d6-10,4,2,train
Day_07141436_Right_Back_Cut1_00258_jpg__2.jpg,Day_07141436_Right_Back_Cut1,train,outdoor,d6-10,4,4,valid
BridgeEntrance-007_00587_jpg.jpg,BridgeEntrance-007,test,outdoor,d3-5,3,3,test
image_664_jpg.jpg,image,train,indoor,d3-5,4,3,train
image_664_jpg__2.jpg,image,train,indoor,d3-5,4,1,train
01-08-2022__08-55-49AM_jpg.jpg,01-08-2022__08-55-49AM,test,indoor,d3-5,4,2,train
image_441_jpg__2.jpg,image,train,indoor,d3-5,4,1,train
01-08-2022__08-55-49AM_jpg__2.jpg,01-08-2022__08-55-49AM,test,indoor,d3-5,4,3,valid
Day_2102191625_N_Right_Back_Cut1_00264_jpg.jpg,Day_2102191625_N_Right_Back_Cut1,train,outdoor,d0-2,3,7,train
image_843_jpg.jpg,image,train,indoor,d3-5,6,3,train
img97032452807_jpg.jpg,img97032452807,train,unknown,d0-2,2,1,train
img97032452807_jpg__2.jpg,img97032452807,train,unknown,d0-2,2,1,test
SeieeDept-035_00342_jpg.jpg,SeieeDept-035,train,outdoor,d0-2,1,2,train
040843_14_152361_jpg.jpg,040843_14,train,semi,d0-2,1,3,train
040843_14_152361_jpg__2.jpg,040843_14,train,semi,d0-2,1,3,train
01060_jpg.jpg,01060,train,unknown,d0-2,1,1,train
01060_jpg__2.jpg,01060,train,unknown,d0-2,1,1,train
image_623_jpg.jpg,image,train,indoor,d3-5,3,3,valid
00955_jpg.jpg,00955,train,unknown,d0-2,1,3,train
00955_jpg__2.jpg,00955,train,unknown,d0-2,1,2,train
SeieeDept-015_00878_jpg.jpg,SeieeDept-015,train,outdoor,d0-2,1,5,valid
01-08-2022__03-43-25PM_jpg.jpg,01-08-2022__03-43-25PM,test,indoor,d0-2,2,4,train
01-08-2022__03-43-25PM_jpg__2.jpg,01-08-2022__03-43-25PM,test,indoor,d0-2,2,1,train
01-08-2022__08-41-56AM_jpg.jpg,01-08-2022__08-41-56AM,train,indoor,d0-2,1,2,train
01-08-2022__08-41-56AM_jpg__2.jpg,01-08-2022__08-41-56AM,train,indoor,d0-2,1,1,train
BridgeEntrance-002_00613_jpg.jpg,BridgeEntrance-002,train,outdoor,d3-5,5,2,train
BridgeEntrance-002_00613_jpg__2.jpg,BridgeEntrance-002,train,outdoor,d3-5,5,4,valid
image_111_jpg.jpg,image,train,indoor,d3-5,2,3,train
image_623_jpg__2.jpg,image,train,indoor,d3-5,3,1,train
image_111_jpg__2.jpg,image,train,indoor,d3-5,2,1,valid
img97032416292_jpg.jpg,img97032416292,train,unknown,d0-2,2,2,train
img97032416292_jpg__2.jpg,img97032416292,train,unknown,d0-2,2,3,valid
BridgeEntrance-007_00459_jpg.jpg,BridgeEntrance-007,test,outdoor,d3-5,4,1,train
BridgeEntrance-007_00459_jpg__2.jpg,BridgeEntrance-007,test,outdoor,d3-5,4,2,train
DELIVEROO13-e1627638674634_png_jpg.jpg,DELIVEROO13-e1627638674634,train,unknown,d3-5,4,2,train
img97360283937_jpg.jpg,img97360283937,train,unknown,d0-2,1,2,train
img97360283937_jpg__2.jpg,img97360283937,train,unknown,d0-2,1,1,train
01-08-2022__04-25-52PM_jpg.jpg,01-08-2022__04-25-52PM,train,indoor,d0-2,1,1,train
image_530_jpg.jpg,image,train,indoor,d3-5,7,1,train
S1-T1-C-01092_jpeg_jpg.jpg,S1-T1-C-01092_jpeg,train,unknown,d6-10,6,1,train
image_530_jpg__2.jpg,image,train,indoor,d3-5,7,2,train
Day_2102191709_N_Right_Back_2_Cut2_00440_jpg.jpg,Day_2102191709_N_Right_Back_2_Cut2,train,outdoor,d6-10,7,5,valid
Day_2102191709_N_Right_Back_2_Cut2_00440_jpg__2.jpg,Day_2102191709_N_Right_Back_2_Cut2,train,outdoor,d6-10,7,5,valid
01-08-2022__09-59-10AM_jpg.jpg,01-08-2022__09-59-10AM,train,indoor,d0-2,2,3,train
CAM20-23-08-2022__05-28-35PMgt_jpg.jpg,CAM20-23-08-2022__05-28-35PMgt,train,unknown,d0-2,2,2,train
image_155_jpg.jpg,image,train,indoor,d3-5,5,3,train
image_155_jpg__2.jpg,image,train,indoor,d3-5,5,2,valid
img96579623535_jpg.jpg,img96579623535,train,unknown,d6-10,7,1,train
img96579623535_jpg__2.jpg,img96579623535,train,unknown,d6-10,7,1,train
CAM16-24-08-2022__09-16-11PMgt_jpg.jpg,CAM16-24-08-2022__09-16-11PMgt,train,unknown,d0-2,1,2,train
S1-T1-C-01092_jpeg_jpg__2.jpg,S1-T1-C-01092_jpeg,train,unknown,d6-10,6,1,test
CAM16-24-08-2022__09-16-11PMgt_jpg__2.jpg,CAM16-24-08-2022__09-16-11PMgt,train,unknown,d0-2,1,2,valid
image_383_jpg.jpg,image,train,indoor,d3-5,4,1,train
unnamed_jpg.jpg,unnamed,train,unknown,d3-5,4,5,train
SeieeDept-029_00553_jpg.jpg,SeieeDept-029,train,outdoor,d0-2,1,4,train
Day_07141436_Right_Back_Cut1_00308_jpg.jpg,Day_07141436_Right_Back_Cut1,train,outdoor,d6-10,3,1,train
image_915_jpg.jpg,image,train,indoor,d3-5,5,2,train
image_915_jpg__2.jpg,image,train,indoor,d3-5,5,1,test
01-08-2022__04-19-58PM_jpg.jpg,01-08-2022__04-19-58PM,train,indoor,d0-2,2,4,valid
01-08-2022__04-19-58PM_jpg__2.jpg,01-08-2022__04-19-58PM,train,indoor,d0-2,2,1,train
01-08-2022__02-08-14PM_jpg.jpg,01-08-2022__02-08-14PM,train,indoor,d0-2,1,3,valid
CAM8-26-08-2022__05-13-13PMgt_jpg.jpg,CAM8-26-08-2022__05-13-13PMgt,train,unknown,d0-2,2,1,train
image_743_jpg.jpg,image,train,indoor,d3-5,4,4,train
image_671_jpg.jpg,image,train,indoor,d3-5,2,4,train
image_671_jpg__2.jpg,image,train,indoor,d3-5,2,1,test
Day_2102191709_N_Right_Back_2_Cut1_00411_jpg.jpg,Day_2102191709_N_Right_Back_2_Cut1,test,outdoor,d6-10,5,1,train
Day_2102191709_N_Right_Back_2_Cut1_00411_jpg__2.jpg,Day_2102191709_N_Right_Back_2_Cut1,test,outdoor,d6-10,5,3,train
Day_02191732_Right_Back_Cut1_00721_jpg.jpg,Day_02191732_Right_Back_Cut1,train,outdoor,d6-10,8,1,train
040843_16_808426_jpg.jpg,040843_16,train,semi,d0-2,1,2,valid
image_448_jpg.jpg,image,train,indoor,d3-5,4,2,valid
image_448_jpg__2.jpg,image,train,indoor,d3-5,4,1,valid
CAM37-26-08-2022__05-14-48PMgt_jpg.jpg,CAM37-26-08-2022__05-14-48PMgt,train,unknown,d0-2,2,1,train
CAM8-26-08-2022__05-13-13PMgt_jpg__2.jpg,CAM8-26-08-2022__05-13-13PMgt,train,unknown,d0-2,2,2,valid
CAM37-26-08-2022__05-14-48PMgt_jpg__2.jpg,CAM37-26-08-2022__05-14-48PMgt,train,unknown,d0-2,2,1,valid
Day_2102191625_N_Right_Back_Cut1_00494_jpg.jpg,Day_2102191625_N_Right_Back_Cut1,train,outdoor,d0-2,2,1,train
Day_202102191756_P_Right_Back_Cut1_00375_jpg.jpg,Day_202102191756_P_Right_Back_Cut1,val,outdoor,d6-10,10,2,train
Day_202102191756_P_Right_Back_Cut1_00375_jpg__2.jpg,Day_202102191756_P_Right_Back_Cut1,val,outdoor,d6-10,10,1,train
Day_2102191625_N_Right_Back_Cut1_00524_jpg.jpg,Day_2102191625_N_Right_Back_Cut1,train,outdoor,d0-2,1,3,train
Day_2102191625_N_Right_Back_Cut1_00524_jpg__2.jpg,Day_2102191625_N_Right_Back_Cut1,train,outdoor,d0-2,1,3,train
image_153_jpg.jpg,image,train,indoor,d3-5,2,1,train
image_153_jpg__2.jpg,image,train,indoor,d3-5,2,1,test
Day_202102191756_P_Right_Back_Cut1_00955_jpg.jpg,Day_202102191756_P_Right_Back_Cut1,val,outdoor,d6-10,8,1,train
Day_202102191756_P_Right_Back_Cut1_00955_jpg__2.jpg,Day_202102191756_P_Right_Back_Cut1,val,outdoor,d6-10,8,3,train
S1-T1-C-01196_jpeg_jpg.jpg,S1-T1-C-01196_jpeg,test,unknown,d3-5,3,1,train
Day_06101541_Right_Back_2_Cut1_00200_jpg.jpg,Day_06101541_Right_Back_2_Cut1,train,outdoor,d6-10,3,2,train
040841_00_176662_jpg.jpg,040841_00,train,semi,d0-2,1,1,train
040841_00_176662_jpg__2.jpg,040841_00,train,semi,d0-2,1,1,train
01-08-2022__01-48-20PM_jpg.jpg,01-08-2022__01-48-20PM,train,indoor,d3-5,3,3,test
image_476_jpg.jpg,image,train,indoor,d3-5,4,1,train
image_476_jpg__2.jpg,image,train,indoor,d3-5,4,1,train
Day_2102191726_P_Right_Back_Cut1_00136_jpg.jpg,Day_2102191726_P_Right_Back_Cut1,train,outdoor,d3-5,1,2,train
image_500_jpg.jpg,image,train,indoor,d3-5,3,2,train
Day_2102191726_P_Right_Back_Cut1_00696_jpg.jpg,Day_2102191726_P_Right_Back_Cut1,train,outdoor,d3-5,9,1,train
Day_2102191726_P_Right_Back_Cut1_00696_jpg__2.jpg,Day_2102191726_P_Right_Back_Cut1,train,outdoor,d3-5,9,1,valid
opencv_frame_18785_png_jpg.jpg,opencv_frame,train,indoor,d0-2,3,1,train
image_149_jpg.jpg,image,train,indoor,d3-5,4,3,train
01-08-2022__02-34-13PM_jpg.jpg,01-08-2022__02-34-13PM,train,indoor,d0-2,1,2,train
Day_2102191709_N_Right_Back_2_Cut2_00010_jpg.jpg,Day_2102191709_N_Right_Back_2_Cut2,train,outdoor,d6-10,5,2,train
Day_2102191709_N_Right_Back_2_Cut2_00010_jpg__2.jpg,Day_2102191709_N_Right_Back_2_Cut2,train,outdoor,d6-10,5,1,valid
image_745_jpg.jpg,image,train,indoor,d3-5,2,2,valid
image_745_jpg__2.jpg,image,train,indoor,d3-5,2,2,train
output1_mp4-3_jpg.jpg,output1_mp4-3,train,unknown,d0-2,1,1,train
output1_mp4-3_jpg__2.jpg,output1_mp4-3,train,unknown,d0-2,1,2,train
24480_jpg.jpg,24480,train,unknown,d10+,12,2,train
Day_07141436_Right_Back_Cut1_00868_jpg.jpg,Day_07141436_Right_Back_Cut1,train,outdoor,d6-10,10,1,train
01-08-2022__11-03-15AM_jpg__2.jpg,01-08-2022__11-03-15AM,val,indoor,d3-5,5,2,valid
opencv_frame_18785_png_jpg__2.jpg,opencv_frame,train,indoor,d0-2,3,3,train
Day_07141436_Right_Back_Cut1_00868_jpg__2.jpg,Day_07141436_Right_Back_Cut1,train,outdoor,d6-10,10,2,train
CrossRoad-001_00123_jpg.jpg,CrossRoad-001,val,outdoor,d0-2,6,1,train
CrossRoad-001_00123_jpg__2.jpg,CrossRoad-001,val,outdoor,d0-2,6,1,train
040840_47_583790_jpg.jpg,040840_47,train,semi,d0-2,1,3,train
040840_47_583790_jpg__2.jpg,040840_47,train,semi,d0-2,1,2,train
02025_jpg.jpg,02025,train,unknown,d0-2,1,1,train
02025_jpg__2.jpg,02025,train,unknown,d0-2,1,1,valid
image_507_jpg.jpg,image,train,indoor,d3-5,4,4,train
img970324118538_jpg.jpg,img970324118538,train,unknown,d0-2,2,1,train
01862_jpg.jpg,01862,train,unknown,d0-2,1,4,train
Day_07141436_Right_Back_Cut1_00688_jpg.jpg,Day_07141436_Right_Back_Cut1,train,outdoor,d6-10,8,3,train
01862_jpg__2.jpg,01862,train,unknown,d0-2,1,2,train
image_61_jpg.jpg,image_61,train,indoor,d3-5,4,1,train
image_61_jpg__2.jpg,image_61,train,indoor,d3-5,4,1,train
CAM31-15-09-2022__05-50-11PMgt_jpg.jpg,CAM31-15-09-2022__05-50-11PMgt,train,unknown,d3-5,4,4,train
Day_202102191756_P_Right_Back_Cut1_00395_jpg.jpg,Day_202102191756_P_Right_Back_Cut1,val,outdoor,d6-10,7,3,train
Day_202102191756_P_Right_Back_Cut1_00395_jpg__2.jpg,Day_202102191756_P_Right_Back_Cut1,val,outdoor,d6-10,7,2,train
img97032422649_jpg.jpg,img97032422649,train,unknown,d0-2,2,3,train
01-08-2022__02-15-18PM_jpg.jpg,01-08-2022__02-15-18PM,train,indoor,d0-2,1,3,valid
01-08-2022__02-15-18PM_jpg__2.jpg,01-08-2022__02-15-18PM,train,indoor,d0-2,1,1,train
Day_202102191756_P_Right_Back_Cut1_00425_jpg.jpg,Day_202102191756_P_Right_Back_Cut1,val,outdoor,d6-10,7,3,train
image_382_jpg.jpg,image,train,indoor,d3-5,5,3,test
Day_202102191756_P_Right_Back_Cut1_00425_jpg__2.jpg,Day_202102191756_P_Right_Back_Cut1,val,outdoor,d6-10,7,1,train
Day_2102191709_N_Right_Back_2_Cut1_00201_jpg.jpg,Day_2102191709_N_Right_Back_2_Cut1,test,outdoor,d6-10,6,2,valid
Day_2102191709_N_Right_Back_2_Cut1_00201_jpg__2.jpg,Day_2102191709_N_Right_Back_2_Cut1,test,outdoor,d6-10,6,1,train
01-08-2022__11-26-23AM_jpg.jpg,01-08-2022__11-26-23AM,val,indoor,d3-5,4,2,valid
image_858_jpg.jpg,image,train,indoor,d3-5,2,3,valid
image_858_jpg__2.jpg,image,train,indoor,d3-5,2,3,train
01-08-2022__03-46-31PM_jpg.jpg,01-08-2022__03-46-31PM,train,indoor,d0-2,2,1,train
00247_jpg.jpg,00247,train,unknown,d0-2,1,2,train
CAM34-15-09-2022__09-51-43AMgt_jpg.jpg,CAM34-15-09-2022__09-51-43AMgt,train,unknown,d0-2,2,1,train
Day_07141436_Right_Back_Cut1_00328_jpg.jpg,Day_07141436_Right_Back_Cut1,train,outdoor,d6-10,3,2,train
image_382_jpg__2.jpg,image,train,indoor,d3-5,5,4,train
BridgeEntrance-005_00068_jpg.jpg,BridgeEntrance-005,train,outdoor,d3-5,3,1,train
BridgeEntrance-005_00068_jpg__2.jpg,BridgeEntrance-005,train,outdoor,d3-5,3,1,valid
image_561_jpg.jpg,image,train,indoor,d3-5,6,1,train
img970324112851_jpg.jpg,img970324112851,train,unknown,d0-2,2,3,valid
img970324112851_jpg__2.jpg,img970324112851,train,unknown,d0-2,2,1,train
CAM46-26-08-2022__05-14-48PMgt_jpg.jpg,CAM46-26-08-2022__05-14-48PMgt,train,unknown,d3-5,5,1,train
CAM46-26-08-2022__05-14-48PMgt_jpg__2.jpg,CAM46-26-08-2022__05-14-48PMgt,train,unknown,d3-5,5,1,valid
output1_mp4-24_jpg.jpg,output1_mp4-24,train,unknown,d3-5,3,2,train
Day_2102191726_P_Right_Back_Cut1_00186_jpg.jpg,Day_2102191726_P_Right_Back_Cut1,train,outdoor,d3-5,3,2,train
Day_2102191726_P_Right_Back_Cut1_00186_jpg__2.jpg,Day_2102191726_P_Right_Back_Cut1,train,outdoor,d3-5,3,1,train
Day_202102191756_P_Right_Back_Cut1_00365_jpg.jpg,Day_202102191756_P_Right_Back_Cut1,val,outdoor,d6-10,10,2,test
Day_06101541_Right_Back_2_Cut1_00530_jpg.jpg,Day_06101541_Right_Back_2_Cut1,train,outdoor,d6-10,8,3,test
Day_06101541_Right_Back_2_Cut1_00530_jpg__2.jpg,Day_06101541_Right_Back_2_Cut1,train,outdoor,d6-10,8,2,train
040840_56_161315_jpg.jpg,040840_56,train,semi,d0-2,1,2,train
CAM41-15-09-2022__09-53-14AMgt_jpg.jpg,CAM41-15-09-2022__09-53-14AMgt,train,unknown,d0-2,2,3,test
CAM41-15-09-2022__09-53-14AMgt_jpg__2.jpg,CAM41-15-09-2022__09-53-14AMgt,train,unknown,d0-2,2,1,train
image_421_jpg.jpg,image,train,indoor,d3-5,4,2,train
image_421_jpg__2.jpg,image,train,indoor,d3-5,4,3,train
_119816426_witness-appeal-1_jpg.jpg,_119816426_witness-appeal-1,train,unknown,d6-10,10,2,train
01603_jpg.jpg,01603,train,unknown,d0-2,1,2,train
01603_jpg__2.jpg,01603,train,unknown,d0-2,1,2,valid
01-08-2022__02-16-49PM_jpg.jpg,01-08-2022__02-16-49PM,train,indoor,d6-10,6,2,test
img965796267112_jpg.jpg,img965796267112,train,unknown,d3-5,4,3,test
Day_08051212_Right_Back_Cut1_00203_jpg.jpg,Day_08051212_Right_Back_Cut1,test,outdoor,d0-2,1,3,train
image_70_jpg.jpg,image_70,train,indoor,d6-10,8,2,train
image_70_jpg__2.jpg,image_70,train,indoor,d6-10,8,2,train
SeieeDept-014_00238_jpg.jpg,SeieeDept-014,train,outdoor,d3-5,2,1,train
SeieeDept-014_00238_jpg__2.jpg,SeieeDept-014,train,outdoor,d3-5,2,1,train
SeieeDept-017_00877_jpg.jpg,SeieeDept-017,train,outdoor,d0-2,1,2,train
SeieeDept-017_00877_jpg__2.jpg,SeieeDept-017,train,outdoor,d0-2,1,1,train
img965796361784_jpg.jpg,img965796361784,train,unknown,d3-5,3,1,train
img965796361784_jpg__2.jpg,img965796361784,train,unknown,d3-5,3,1,train
01-08-2022__02-16-49PM_jpg__2.jpg,01-08-2022__02-16-49PM,train,indoor,d6-10,6,2,test
SeieeDept-032_00867_jpg.jpg,SeieeDept-032,train,outdoor,d0-2,2,1,train
SeieeDept-032_00867_jpg__2.jpg,SeieeDept-032,train,outdoor,d0-2,2,3,train
Day_202102191756_P_Right_Back_Cut1_01025_jpg.jpg,Day_202102191756_P_Right_Back_Cut1,val,outdoor,d6-10,4,2,train
BridgeEntrance-003_00127_jpg.jpg,BridgeEntrance-003,train,outdoor,d0-2,2,5,train
BridgeEntrance-003_00127_jpg__2.jpg,BridgeEntrance-003,train,outdoor,d0-2,2,2,valid
01-08-2022__11-15-38AM_jpg.jpg,01-08-2022__11-15-38AM,val,indoor,d0-2,2,2,test
Day_202102191756_P_Right_Back_Cut1_00055_jpg.jpg,Day_202102191756_P_Right_Back_Cut1,val,outdoor,d6-10,6,2,train
Day_202102191756_P_Right_Back_Cut1_00055_jpg__2.jpg,Day_202102191756_P_Right_Back_Cut1,val,outdoor,d6-10,6,1,valid
SeieeDept-018_01005_jpg.jpg,SeieeDept-018,train,outdoor,d0-2,1,1,train
CAM29-23-08-2022__03-32-08PMgt_jpg.jpg,CAM29-23-08-2022__03-32-08PMgt,train,unknown,d0-2,1,2,valid
Day_202102191756_P_Right_Back_Cut1_00255_jpg.jpg,Day_202102191756_P_Right_Back_Cut1,val,outdoor,d6-10,7,2,train
img965796434070_jpg.jpg,img965796434070,test,unknown,d3-5,5,2,train
image_346_jpg.jpg,image,train,indoor,d3-5,6,1,train
image_176_jpg.jpg,image,train,indoor,d3-5,6,1,train
image_176_jpg__2.jpg,image,train,indoor,d3-5,6,2,train
image_689_jpg.jpg,image,train,indoor,d3-5,3,2,train
01-08-2022__12-58-10PM_jpg.jpg,01-08-2022__12-58-10PM,train,indoor,d0-2,2,1,train
5_png_jpg.jpg,5,train,unknown,d0-2,1,1,train
5_png_jpg__2.jpg,5,train,unknown,d0-2,3,2,train
5_png_jpg__3.jpg,5,train,unknown,d0-2,1,3,train
5_png_jpg__4.jpg,5,train,unknown,d0-2,1,2,valid
Day_2102191709_N_Right_Back_2_Cut1_00591_jpg.jpg,Day_2102191709_N_Right_Back_2_Cut1,test,outdoor,d6-10,5,6,train
5_png_jpg__5.jpg,5,train,unknown,d0-2,1,1,train
5_png_jpg__6.jpg,5,train,unknown,d0-2,2,1,valid
01-08-2022__08-34-13AM_jpg.jpg,01-08-2022__08-34-13AM,val,indoor,d3-5,4,2,valid
01-08-2022__08-34-13AM_jpg__2.jpg,01-08-2022__08-34-13AM,val,indoor,d3-5,4,1,train
image_359_jpg.jpg,image,train,indoor,d3-5,2,2,train
image_359_jpg__2.jpg,image,train,indoor,d3-5,2,1,train
img97360222773_jpg.jpg,img97360222773,train,unknown,d6-10,6,1,train
img97360222773_jpg__2.jpg,img97360222773,train,unknown,d6-10,6,2,valid
Day_02191732_Right_Back_Cut1_00531_jpg.jpg,Day_02191732_Right_Back_Cut1,train,outdoor,d6-10,8,3,train
image_645_jpg.jpg,image,train,indoor,d3-5,4,4,test
image_645_jpg__2.jpg,image,train,indoor,d3-5,4,3,train
01-08-2022__10-08-42AM_jpg.jpg,01-08-2022__10-08-42AM,train,indoor,d3-5,5,2,valid
img9657968103_jpg.jpg,img9657968103,train,unknown,d3-5,4,3,train
img9657968103_jpg__2.jpg,img9657968103,train,unknown,d3-5,4,1,valid
Day_07141436_Right_Back_Cut1_00028_jpg.jpg,Day_07141436_Right_Back_Cut1,train,outdoor,d6-10,2,1,train
01-08-2022__12-00-21PM_jpg.jpg,01-08-2022__12-00-21PM,test,indoor,d3-5,4,4,train
01-08-2022__12-00-21PM_jpg__2.jpg,01-08-2022__12-00-21PM,test,indoor,d3-5,4,2,train
01805_jpg.jpg,01805,train,unknown,d0-2,1,1,train
01805_jpg__2.jpg,01805,train,unknown,d0-2,1,3,train
BridgeEntrance-001_00400_jpg.jpg,BridgeEntrance-001,train,outdoor,d0-2,2,2,train
Day_02191732_Right_Back_Cut1_00531_jpg__2.jpg,Day_02191732_Right_Back_Cut1,train,outdoor,d6-10,8,2,train
01012_jpg.jpg,01012,train,unknown,d0-2,2,2,train
01012_jpg__2.jpg,01012,train,unknown,d0-2,2,2,test
Day_2102191709_N_Right_Back_2_Cut1_00551_jpg.jpg,Day_2102191709_N_Right_Back_2_Cut1,test,outdoor,d6-10,6,2,train
Day_2102191709_N_Right_Back_2_Cut1_00551_jpg__2.jpg,Day_2102191709_N_Right_Back_2_Cut1,test,outdoor,d6-10,6,1,train
opencv_frame_18790_png_jpg.jpg,opencv_frame,train,indoor,d0-2,3,5,train
opencv_frame_18790_png_jpg__2.jpg,opencv_frame,train,indoor,d0-2,3,1,valid
opencv_frame_18790_png_jpg__3.jpg,opencv_frame,train,indoor,d0-2,3,1,valid
01-08-2022__02-39-05PM_jpg.jpg,01-08-2022__02-39-05PM,train,indoor,d0-2,1,7,train
CAM31-26-08-2022__05-14-47PMgt_jpg.jpg,CAM31-26-08-2022__05-14-47PMgt,train,unknown,d0-2,1,6,train
33120_jpg.jpg,33120,train,unknown,d6-10,10,1,train
01-08-2022__03-20-23PM_jpg.jpg,01-08-2022__03-20-23PM,train,indoor,d3-5,3,3,valid
33120_jpg__2.jpg,33120,train,unknown,d6-10,10,1,train
CAM8-23-08-2022__06-31-54PMgt_jpg.jpg,CAM8-23-08-2022__06-31-54PMgt,val,unknown,d3-5,3,2,train
CAM8-23-08-2022__06-31-54PMgt_jpg__2.jpg,CAM8-23-08-2022__06-31-54PMgt,val,unknown,d3-5,3,1,train
image_924_jpg.jpg,image,train,indoor,d3-5,7,2,train
image_924_jpg__2.jpg,image,train,indoor,d3-5,7,2,valid
Day_02191732_Right_Back_Cut1_00371_jpg.jpg,Day_02191732_Right_Back_Cut1,train,outdoor,d6-10,7,3,test
Day_02191732_Right_Back_Cut1_00371_jpg__2.jpg,Day_02191732_Right_Back_Cut1,train,outdoor,d6-10,7,1,valid
image_832_jpg.jpg,image,train,indoor,d3-5,2,3,train
image_832_jpg__2.jpg,image,train,indoor,d3-5,2,1,train
01-08-2022__03-39-54PM_jpg.jpg,01-08-2022__03-39-54PM,train,indoor,d3-5,4,2,train
Day_07141436_Right_Back_Cut1_00208_jpg.jpg,Day_07141436_Right_Back_Cut1,train,outdoor,d6-10,4,2,train
Day_02191732_Right_Back_Cut1_00291_jpg.jpg,Day_02191732_Right_Back_Cut1,train,outdoor,d6-10,6,3,valid
Day_02191732_Right_Back_Cut1_00291_jpg__2.jpg,Day_02191732_Right_Back_Cut1,train,outdoor,d6-10,7,2,train
img973602170074_jpg.jpg,img973602170074,train,unknown,d0-2,1,3,train
img973602170074_jpg__2.jpg,img973602170074,train,unknown,d0-2,1,2,train
SeieeDept-011_00805_jpg.jpg,SeieeDept-011,train,outdoor,d0-2,2,1,train
image_536_jpg.jpg,image,train,indoor,d3-5,10,2,valid
image_536_jpg__2.jpg,image,train,indoor,d3-5,10,1,valid
image_384_jpg.jpg,image,train,indoor,d3-5,6,2,valid
image_384_jpg__2.jpg,image,train,indoor,d3-5,6,1,train
CAM32-23-08-2022__03-32-09PMgt_jpg.jpg,CAM32-23-08-2022__03-32-09PMgt,train,unknown,d6-10,8,1,train
Day_07141436_Right_Back_Cut1_00208_jpg__2.jpg,Day_07141436_Right_Back_Cut1,train,outdoor,d6-10,3,2,train
00552_jpg.jpg,00552,train,unknown,d0-2,1,4,train
SeieeDept-051_00554_jpg.jpg,SeieeDept-051,train,outdoor,d0-2,1,4,test
image_544_jpg.jpg,image,train,indoor,d3-5,5,2,train
image_544_jpg__2.jpg,image,train,indoor,d3-5,5,1,train
output1_mp4-8_jpg.jpg,output1_mp4-8,train,unknown,d3-5,3,2,train
Road-001_00124_jpg.jpg,Road-001,train,outdoor,d3-5,3,3,train
image_290_jpg.jpg,image,train,indoor,d3-5,6,2,train
img973602164179_jpg.jpg,img973602164179,test,unknown,d0-2,2,6,valid
Day_2102191726_P_Right_Back_Cut1_00656_jpg.jpg,Day_2102191726_P_Right_Back_Cut1,train,outdoor,d3-5,6,4,valid
THISisthehorrifyingmomenttwomindlesspeoplewerecapturedtakingashortcutacrosstraintrackswithaABY_jpg.jpg,THISisthehorrifyingmomenttwomindlesspeoplewerecapturedtakingashortcutacrosstraintrackswithaABY,test,unknown,d0-2,1,1,train
Day_2102191726_P_Right_Back_Cut1_00656_jpg__2.jpg,Day_2102191726_P_Right_Back_Cut1,train,outdoor,d3-5,6,3,train
img973602108786_jpg.jpg,img973602108786,train,unknown,d0-2,1,1,train
img973602108786_jpg__2.jpg,img973602108786,train,unknown,d0-2,1,3,train
Day_2102191726_P_Right_Back_Cut1_00166_jpg.jpg,Day_2102191726_P_Right_Back_Cut1,train,outdoor,d3-5,2,4,train
Day_2102191709_N_Right_Back_2_Cut1_00031_jpg.jpg,Day_2102191709_N_Right_Back_2_Cut1,test,outdoor,d6-10,5,4,train
01-08-2022__08-40-23AM_jpg.jpg,01-08-2022__08-40-23AM,val,indoor,d3-5,4,2,train
01-08-2022__08-40-23AM_jpg__2.jpg,01-08-2022__08-40-23AM,val,indoor,d3-5,4,2,test
SeieeDept-015_00235_jpg.jpg,SeieeDept-015,train,outdoor,d0-2,3,3,train
SeieeDept-015_00235_jpg__2.jpg,SeieeDept-015,train,outdoor,d0-2,3,3,valid
CAM29-15-09-2022__09-51-42AMgt_jpg.jpg,CAM29-15-09-2022__09-51-42AMgt,train,unknown,d3-5,3,1,train
THISisthehorrifyingmomenttwomindlesspeoplewerecapturedtakingashortcutacrosstraintrackswithaABY_jpg__2.jpg,THISisthehorrifyingmomenttwomindlesspeoplewerecapturedtakingashortcutacrosstraintrackswithaABY,test,unknown,d0-2,1,4,train
CAM29-15-09-2022__09-51-42AMgt_jpg__2.jpg,CAM29-15-09-2022__09-51-42AMgt,train,unknown,d3-5,3,1,train
image03950_jpg.jpg,image03950,train,indoor,d10+,12,1,train
output_mp4-69_jpg.jpg,output_mp4-69,train,indoor,d3-5,3,3,train
output_mp4-69_jpg__2.jpg,output_mp4-69,train,indoor,d3-5,3,2,train
Day_06101541_Right_Back_2_Cut1_00520_jpg.jpg,Day_06101541_Right_Back_2_Cut1,train,outdoor,d6-10,8,1,train
Day_06101541_Right_Back_2_Cut1_00520_jpg__2.jpg,Day_06101541_Right_Back_2_Cut1,train,outdoor,d6-10,8,2,test
CAM37-21-08-2022__06-27-40PMgt_jpg.jpg,CAM37-21-08-2022__06-27-40PMgt,train,unknown,d0-2,2,2,test
CAM37-21-08-2022__06-27-40PMgt_jpg__2.jpg,CAM37-21-08-2022__06-27-40PMgt,train,unknown,d0-2,2,1,valid
01-08-2022__02-19-34PM_jpg.jpg,01-08-2022__02-19-34PM,train,indoor,d6-10,6,3,valid
image_221_jpg.jpg,image,train,indoor,d3-5,4,1,train
Day_202102191756_P_Right_Back_Cut1_01015_jpg.jpg,Day_202102191756_P_Right_Back_Cut1,val,outdoor,d6-10,4,2,valid
image_221_jpg__2.jpg,image,train,indoor,d3-5,4,1,train
00990_jpg.jpg,00990,train,unknown,d0-2,1,3,train
00990_jpg__2.jpg,00990,train,unknown,d0-2,1,2,valid
img965796228396_jpg.jpg,img965796228396,train,unknown,d3-5,3,2,train
img965796228396_jpg__2.jpg,img965796228396,train,unknown,d3-5,3,3,train
01618_jpg.jpg,01618,train,unknown,d0-2,1,2,train
img97360228124_jpg.jpg,img97360228124,train,unknown,d3-5,4,2,valid
img97360228124_jpg__2.jpg,img97360228124,train,unknown,d3-5,4,1,train
output1_mp4-23_jpg.jpg,output1_mp4-23,test,unknown,d3-5,3,1,train
output1_mp4-23_jpg__2.jpg,output1_mp4-23,test,unknown,d3-5,3,3,test
CAM2-15-09-2022__05-48-38PMgt_jpg.jpg,CAM2-15-09-2022__05-48-38PMgt,train,unknown,d0-2,1,3,train
Day_2102191709_N_Right_Back_Cut1_00199_jpg.jpg,Day_2102191709_N_Right_Back_Cut1,train,outdoor,d6-10,4,1,train
Day_2102191709_N_Right_Back_Cut1_00199_jpg__2.jpg,Day_2102191709_N_Right_Back_Cut1,train,outdoor,d6-10,4,1,train
Day_202102191756_P_Right_Back_Cut1_00005_jpg.jpg,Day_202102191756_P_Right_Back_Cut1,val,outdoor,d6-10,5,1,train
01-08-2022__04-12-26PM_jpg.jpg,01-08-2022__04-12-26PM,train,indoor,d0-2,2,5,train
image_262_jpg.jpg,image,train,indoor,d3-5,10,3,train
01040_jpg.jpg,01040,train,unknown,d0-2,2,2,valid
01040_jpg__2.jpg,01040,train,unknown,d0-2,2,2,test
040840_58_333036_jpg.jpg,040840_58,train,semi,d0-2,1,2,train
040840_58_333036_jpg__2.jpg,040840_58,train,semi,d0-2,1,2,train
image_44_jpg.jpg,image_44,train,indoor,d3-5,5,2,test
CAM2-15-09-2022__05-48-38PMgt_jpg__2.jpg,CAM2-15-09-2022__05-48-38PMgt,train,unknown,d0-2,1,2,valid
01-08-2022__03-53-51PM_jpg.jpg,01-08-2022__03-53-51PM,train,indoor,d0-2,2,3,test
01-08-2022__03-53-51PM_jpg__2.jpg,01-08-2022__03-53-51PM,train,indoor,d0-2,2,2,valid
040840_49_833634_jpg.jpg,040840_49,train,semi,d0-2,1,4,train
040840_49_833634_jpg__2.jpg,040840_49,train,semi,d0-2,1,3,train
SeieeDept-035_00487_jpg.jpg,SeieeDept-035,train,outdoor,d0-2,1,1,train
01866_jpg.jpg,01866,train,unknown,d0-2,1,3,train
01866_jpg__2.jpg,01866,train,unknown,d0-2,1,2,train
img970324165121_jpg.jpg,img970324165121,train,unknown,d0-2,1,2,train
01786_jpg.jpg,01786,train,unknown,d0-2,1,2,train
01786_jpg__2.jpg,01786,train,unknown,d0-2,1,1,train
01-08-2022__11-24-52AM_jpg.jpg,01-08-2022__11-24-52AM,train,indoor,d3-5,3,2,train
SJTU_SEIEE-182_330-02011_jpg.jpg,SJTU_SEIEE-182_330,train,unknown,d3-5,6,2,train
00764_jpg.jpg,00764,train,unknown,d0-2,1,2,test
00764_jpg__2.jpg,00764,train,unknown,d0-2,1,1,train
SJTU_SEIEE-182_330-02890_jpg.jpg,SJTU_SEIEE-182_330,train,unknown,d3-5,3,3,train
CAM29-21-08-2022__06-27-32PMgt_jpg.jpg,CAM29-21-08-2022__06-27-32PMgt,train,unknown,d3-5,3,2,train
01-08-2022__08-45-00AM_jpg.jpg,01-08-2022__08-45-00AM,train,indoor,d0-2,1,3,train
01-08-2022__08-45-00AM_jpg__2.jpg,01-08-2022__08-45-00AM,train,indoor,d0-2,1,2,test
BridgeEntrance-001_00400_jpg__2.jpg,BridgeEntrance-001,train,outdoor,d0-2,2,4,train
img970324165121_jpg__2.jpg,img970324165121,train,unknown,d0-2,1,1,train
Day_2102191625_N_Right_Back_Cut1_00024_jpg.jpg,Day_2102191625_N_Right_Back_Cut1,train,outdoor,d0-2,2,3,train
Day_2102191625_N_Right_Back_Cut1_00024_jpg__2.jpg,Day_2102191625_N_Right_Back_Cut1,train,outdoor,d0-2,2,1,train
Day_202102191756_P_Right_Back_Cut1_00985_jpg.jpg,Day_202102191756_P_Right_Back_Cut1,val,outdoor,d6-10,7,7,train
SeieeDept-027_00700_jpg.jpg,SeieeDept-027,train,outdoor,d0-2,2,2,train
Day_06101541_Right_Back_2_Cut1_00120_jpg.jpg,Day_06101541_Right_Back_2_Cut1,train,outdoor,d6-10,2,2,train
Day_06101541_Right_Back_2_Cut1_00120_jpg__2.jpg,Day_06101541_Right_Back_2_Cut1,train,outdoor,d6-10,2,2,train
00390_jpg.jpg,00390,train,unknown,d0-2,1,1,train
Day_07141436_Right_Back_Cut1_00098_jpg.jpg,Day_07141436_Right_Back_Cut1,train,outdoor,d6-10,3,3,valid
Day_07141436_Right_Back_Cut1_00098_jpg__2.jpg,Day_07141436_Right_Back_Cut1,train,outdoor,d6-10,3,1,test
SeieeDept-015_00673_jpg.jpg,SeieeDept-015,train,outdoor,d0-2,1,2,valid
image_774_jpg.jpg,image,train,indoor,d3-5,5,1,train
SeieeDept-015_00673_jpg__2.jpg,SeieeDept-015,train,outdoor,d0-2,1,2,train
image_59_jpg.jpg,image_59,train,indoor,d0-2,2,3,valid
37440_jpg.jpg,37440,train,unknown,d10+,14,2,train
37440_jpg__2.jpg,37440,train,unknown,d10+,14,2,valid
01-08-2022__10-23-29AM_jpg.jpg,01-08-2022__10-23-29AM,val,indoor,d3-5,5,2,train
01-08-2022__10-23-29AM_jpg__2.jpg,01-08-2022__10-23-29AM,val,indoor,d3-5,5,1,train
Day_02191732_Right_Back_Cut1_00681_jpg.jpg,Day_02191732_Right_Back_Cut1,train,outdoor,d6-10,7,3,train
Day_02191732_Right_Back_Cut1_00681_jpg__2.jpg,Day_02191732_Right_Back_Cut1,train,outdoor,d6-10,7,3,train
cats-1965_jpg.jpg,cats,train,unknown,d3-5,5,2,train
cats-1965_jpg__2.jpg,cats,train,unknown,d3-5,5,2,train
01-08-2022__04-04-05PM_jpg.jpg,01-08-2022__04-04-05PM,train,indoor,d0-2,2,2,train
Day_2102191726_P_Right_Back_Cut1_00236_jpg.jpg,Day_2102191726_P_Right_Back_Cut1,train,outdoor,d3-5,9,1,train
Day_2102191726_P_Right_Back_Cut1_00236_jpg__2.jpg,Day_2102191726_P_Right_Back_Cut1,train,outdoor,d3-5,9,1,test
46080_jpg.jpg,46080,train,unknown,d10+,12,2,valid
46080_jpg__2.jpg,46080,train,unknown,d10+,12,1,valid
01-08-2022__08-52-44AM_jpg.jpg,01-08-2022__08-52-44AM,val,indoor,d3-5,4,1,train
01-08-2022__08-52-44AM_jpg__2.jpg,01-08-2022__08-52-44AM,val,indoor,d3-5,4,1,train
Day_2102191625_N_Right_Back_Cut1_00284_jpg.jpg,Day_2102191625_N_Right_Back_Cut1,train,outdoor,d0-2,3,1,train
Day_2102191625_N_Right_Back_Cut1_00284_jpg__2.jpg,Day_2102191625_N_Right_Back_Cut1,train,outdoor,d0-2,3,1,train
Day_02191732_Right_Back_Cut1_00201_jpg.jpg,Day_02191732_Right_Back_Cut1,train,outdoor,d6-10,8,1,train
01-08-2022__04-04-05PM_jpg__2.jpg,01-08-2022__04-04-05PM,train,indoor,d0-2,2,1,train
image_835_jpg.jpg,image,train,indoor,d3-5,4,2,train
image_835_jpg__2.jpg,image,train,indoor,d3-5,4,3,valid
01-08-2022__10-43-52AM_jpg.jpg,01-08-2022__10-43-52AM,train,indoor,d0-2,2,2,train
img96579691676_jpg.jpg,img96579691676,train,unknown,d3-5,3,2,test
img96579691676_jpg__2.jpg,img96579691676,train,unknown,d3-5,3,3,train
img96579691676_jpg__3.jpg,img96579691676,train,unknown,d3-5,3,1,train
Day_202102191756_P_Right_Back_Cut1_00415_jpg.jpg,Day_202102191756_P_Right_Back_Cut1,val,outdoor,d6-10,5,2,train
Day_202102191756_P_Right_Back_Cut1_00415_jpg__2.jpg,Day_202102191756_P_Right_Back_Cut1,val,outdoor,d6-10,5,1,train
00825_jpg.jpg,00825,train,unknown,d0-2,1,4,valid
Day_2102191709_N_Right_Back_2_Cut2_00140_jpg.jpg,Day_2102191709_N_Right_Back_2_Cut2,train,outdoor,d6-10,7,6,valid
Day_2102191709_N_Right_Back_2_Cut2_00140_jpg__2.jpg,Day_2102191709_N_Right_Back_2_Cut2,train,outdoor,d6-10,7,1,test
00698_jpg.jpg,00698,train,unknown,d0-2,1,1,train
00698_jpg__2.jpg,00698,train,unknown,d0-2,1,2,train
CrossRoad-001_00039_jpg.jpg,CrossRoad-001,val,outdoor,d0-2,4,3,valid
CrossRoad-001_00039_jpg__2.jpg,CrossRoad-001,val,outdoor,d0-2,4,2,train
output_mp4-20_jpg.jpg,output_mp4-20,train,indoor,d0-2,1,2,train
output_mp4-20_jpg__2.jpg,output_mp4-20,train,indoor,d0-2,1,2,valid
Day_02191732_Right_Back_Cut1_00641_jpg.jpg,Day_02191732_Right_Back_Cut1,train,outdoor,d6-10,7,4,train
image_805_jpg.jpg,image,train,indoor,d3-5,3,3,train
00825_jpg__2.jpg,00825,train,unknown,d0-2,1,4,train
image_805_jpg__2.jpg,image,train,indoor,d3-5,3,1,train
people-crossing-railway-track-jumping-over-52587074_jpg.jpg,people-crossing-railway-track-jumping-over-52587074,train,unknown,d10+,12,5,train
040840_58_176798_jpg.jpg,040840_58,train,semi,d0-2,1,2,train
040840_58_176798_jpg__2.jpg,040840_58,train,semi,d0-2,1,3,train
image_434_jpg.jpg,image,train,indoor,d3-5,2,2,train
01-08-2022__12-22-32PM_jpg.jpg,01-08-2022__12-22-32PM,train,indoor,d3-5,3,3,train
01-08-2022__12-55-59PM_jpg.jpg,01-08-2022__12-55-59PM,train,indoor,d0-2,1,3,train
01-08-2022__12-55-59PM_jpg__2.jpg,01-08-2022__12-55-59PM,train,indoor,d0-2,1,4,valid
Day_07141436_Right_Back_Cut1_01318_jpg.jpg,Day_07141436_Right_Back_Cut1,train,outdoor,d6-10,9,4,train
image_194_jpg.jpg,image,train,indoor,d3-5,1,2,train
Day_07141436_Right_Back_Cut1_00818_jpg.jpg,Day_07141436_Right_Back_Cut1,train,outdoor,d6-10,9,6,train
image_227_jpg.jpg,image,train,indoor,d3-5,7,1,train
image_227_jpg__2.jpg,image,train,indoor,d3-5,7,1,train
CAM38-15-09-2022__09-53-14AMgt_jpg.jpg,CAM38-15-09-2022__09-53-14AMgt,train,unknown,d0-2,1,1,train
Day_06101541_Right_Back_2_Cut1_00370_jpg.jpg,Day_06101541_Right_Back_2_Cut1,train,outdoor,d6-10,6,1,train
Day_06101541_Right_Back_2_Cut1_00370_jpg__2.jpg,Day_06101541_Right_Back_2_Cut1,train,outdoor,d6-10,6,1,train
CrossRoad-001_00087_jpg.jpg,CrossRoad-001,val,outdoor,d0-2,3,2,train
img973602155977_jpg.jpg,img973602155977,train,unknown,d0-2,2,1,train
img973602155977_jpg__2.jpg,img973602155977,train,unknown,d0-2,2,7,train
BridgeEntrance-004_00485_jpg.jpg,BridgeEntrance-004,train,outdoor,d0-2,5,1,train
BridgeEntrance-004_00485_jpg__2.jpg,BridgeEntrance-004,train,outdoor,d0-2,5,1,valid
Day_07141436_Right_Back_Cut1_00818_jpg__2.jpg,Day_07141436_Right_Back_Cut1,train,outdoor,d6-10,8,4,valid
img96579657062_jpg.jpg,img96579657062,train,unknown,d3-5,3,1,train
img96579657062_jpg__2.jpg,img96579657062,train,unknown,d3-5,3,4,train
Day_07141436_Right_Back_Cut1_01408_jpg.jpg,Day_07141436_Right_Back_Cut1,train,outdoor,d6-10,11,1,train
Day_07141436_Right_Back_Cut1_01408_jpg__2.jpg,Day_07141436_Right_Back_Cut1,train,outdoor,d6-10,11,2,train
Day_2102191709_N_Right_Back_2_Cut2_00450_jpg.jpg,Day_2102191709_N_Right_Back_2_Cut2,train,outdoor,d6-10,5,4,train
output1_mp4-165_jpg.jpg,output1_mp4,train,unknown,d0-2,1,1,train
output1_mp4-165_jpg__2.jpg,output1_mp4,train,unknown,d0-2,1,1,train
Day_02191732_Right_Back_Cut1_00101_jpg.jpg,Day_02191732_Right_Back_Cut1,train,outdoor,d6-10,6,2,train
Day_02191732_Right_Back_Cut1_00101_jpg__2.jpg,Day_02191732_Right_Back_Cut1,train,outdoor,d6-10,6,2,train
S1-T1-C-00327_jpeg_jpg.jpg,S1-T1-C-00327_jpeg,train,unknown,d3-5,4,1,train
38880_jpg.jpg,38880,train,unknown,d10+,12,4,train
S1-T1-C-00327_jpeg_jpg__2.jpg,S1-T1-C-00327_jpeg,train,unknown,d3-5,4,1,train
Day_07141436_Right_Back_Cut1_01418_jpg.jpg,Day_07141436_Right_Back_Cut1,train,outdoor,d6-10,11,4,train
img9703249975_jpg.jpg,img9703249975,train,unknown,d3-5,4,3,train
img9703249975_jpg__2.jpg,img9703249975,train,unknown,d3-5,4,2,test
02054_jpg.jpg,02054,train,unknown,d0-2,1,4,train
02054_jpg__2.jpg,02054,train,unknown,d0-2,1,1,train
Day_2102191726_P_Right_Back_Cut1_00496_jpg.jpg,Day_2102191726_P_Right_Back_Cut1,train,outdoor,d3-5,2,2,train
CAM12-15-09-2022__09-51-42AMgt_jpg.jpg,CAM12-15-09-2022__09-51-42AMgt,train,unknown,d3-5,4,2,train
Day_2102191709_N_Right_Back_2_Cut2_00060_jpg.jpg,Day_2102191709_N_Right_Back_2_Cut2,train,outdoor,d6-10,5,3,train
opencv_frame_19415_png_jpg.jpg,opencv_frame,train,indoor,d0-2,1,1,train
38880_jpg__2.jpg,38880,train,unknown,d10+,12,3,train
040843_11_136949_jpg.jpg,040843_11,train,semi,d0-2,1,2,train
3_png_jpg.jpg,3,train,unknown,d0-2,2,3,train
3_png_jpg__2.jpg,3,train,unknown,d0-2,2,6,valid
3_png_jpg__3.jpg,3,train,unknown,d0-2,2,1,test
image_777_jpg.jpg,image,train,indoor,d3-5,2,1,train
CrossRoad-001_00157_jpg.jpg,CrossRoad-001,val,outdoor,d0-2,2,3,valid
CrossRoad-001_00157_jpg__2.jpg,CrossRoad-001,val,outdoor,d0-2,2,1,train
CAM43-23-08-2022__03-32-10PMgt_jpg.jpg,CAM43-23-08-2022__03-32-10PMgt,train,unknown,d0-2,2,2,train
CAM43-23-08-2022__03-32-10PMgt_jpg__2.jpg,CAM43-23-08-2022__03-32-10PMgt,train,unknown,d0-2,2,1,train
02081_jpg.jpg,02081,train,unknown,d0-2,1,2,train
Day_07141436_Right_Back_Cut1_00298_jpg.jpg,Day_07141436_Right_Back_Cut1,train,outdoor,d6-10,3,2,train
02081_jpg__2.jpg,02081,train,unknown,d0-2,1,1,test
SJTU_SEIEE-182_330-02830_jpg.jpg,SJTU_SEIEE-182_330,train,unknown,d3-5,2,3,train
SJTU_SEIEE-182_330-02830_jpg__2.jpg,SJTU_SEIEE-182_330,train,unknown,d3-5,2,2,train
Day_02191732_Right_Back_Cut1_00491_jpg.jpg,Day_02191732_Right_Back_Cut1,train,outdoor,d6-10,6,2,train
Day_02191732_Right_Back_Cut1_00491_jpg__2.jpg,Day_02191732_Right_Back_Cut1,train,outdoor,d6-10,6,1,train
SeieeDept-016_00125_jpg.jpg,SeieeDept-016,train,outdoor,d0-2,2,3,valid
SeieeDept-022_00668_jpg.jpg,SeieeDept-022,train,outdoor,d0-2,1,1,train
img97032461538_jpg.jpg,img97032461538,test,unknown,d0-2,2,2,train
img97032461538_jpg__2.jpg,img97032461538,test,unknown,d0-2,2,1,train
Day_07141436_Right_Back_Cut1_01488_jpg.jpg,Day_07141436_Right_Back_Cut1,train,outdoor,d6-10,12,2,valid
Day_07141436_Right_Back_Cut1_00298_jpg__2.jpg,Day_07141436_Right_Back_Cut1,train,outdoor,d6-10,3,4,train
Day_2102191709_N_Right_Back_2_Cut1_00331_jpg.jpg,Day_2102191709_N_Right_Back_2_Cut1,test,outdoor,d6-10,4,6,train
Day_2102191709_N_Right_Back_2_Cut1_00621_jpg.jpg,Day_2102191709_N_Right_Back_2_Cut1,test,outdoor,d6-10,4,1,train
CAM44-15-09-2022__05-51-43PMgt_jpg.jpg,CAM44-15-09-2022__05-51-43PMgt,train,unknown,d3-5,5,3,train
Day_2102191709_N_Right_Back_2_Cut2_00230_jpg.jpg,Day_2102191709_N_Right_Back_2_Cut2,train,outdoor,d6-10,5,4,train
01-08-2022__12-43-38PM_jpg.jpg,01-08-2022__12-43-38PM,train,indoor,d6-10,7,2,train
01-08-2022__03-35-24PM_jpg.jpg,01-08-2022__03-35-24PM,train,indoor,d0-2,1,1,train
CAM28-23-08-2022__06-33-27PMgt_jpg.jpg,CAM28-23-08-2022__06-33-27PMgt,train,unknown,d0-2,1,1,train
CAM28-23-08-2022__06-33-27PMgt_jpg__2.jpg,CAM28-23-08-2022__06-33-27PMgt,train,unknown,d0-2,1,3,train
Day_07141436_Right_Back_Cut1_00478_jpg.jpg,Day_07141436_Right_Back_Cut1,train,outdoor,d6-10,3,6,train
image_543_jpg.jpg,image,train,indoor,d3-5,4,2,train
image_543_jpg__2.jpg,image,train,indoor,d3-5,4,1,train
01-08-2022__10-11-47AM_jpg.jpg,01-08-2022__10-11-47AM,test,indoor,d3-5,5,1,train
01-08-2022__10-11-47AM_jpg__2.jpg,01-08-2022__10-11-47AM,test,indoor,d3-5,5,1,test
01-08-2022__10-30-47AM_jpg.jpg,01-08-2022__10-30-47AM,train,indoor,d3-5,5,3,valid
01-08-2022__12-22-40PM_jpg.jpg,01-08-2022__12-22-40PM,train,indoor,d0-2,1,3,valid
01-08-2022__12-43-38PM_jpg__2.jpg,01-08-2022__12-43-38PM,train,indoor,d6-10,7,1,train
01-08-2022__12-22-40PM_jpg__2.jpg,01-08-2022__12-22-40PM,train,indoor,d0-2,1,2,train
CrossRoad-001_00035_jpg.jpg,CrossRoad-001,val,outdoor,d0-2,2,3,train
Day_07141436_Right_Back_Cut1_00698_jpg.jpg,Day_07141436_Right_Back_Cut1,train,outdoor,d6-10,8,6,valid
Day_07141436_Right_Back_Cut1_01068_jpg.jpg,Day_07141436_Right_Back_Cut1,train,outdoor,d6-10,10,3,train
img965796404726_jpg.jpg,img965796404726,train,unknown,d0-2,2,4,train
img965796404726_jpg__2.jpg,img965796404726,train,unknown,d0-2,2,2,train
img965796404726_jpg__3.jpg,img965796404726,train,unknown,d0-2,2,2,valid
CAM34-23-08-2022__06-33-28PMgt_jpg.jpg,CAM34-23-08-2022__06-33-28PMgt,val,unknown,d0-2,2,1,train
Day_2102191726_P_Right_Back_Cut1_00416_jpg.jpg,Day_2102191726_P_Right_Back_Cut1,train,outdoor,d3-5,4,2,valid
Day_2102191726_P_Right_Back_Cut1_00076_jpg.jpg,Day_2102191726_P_Right_Back_Cut1,train,outdoor,d3-5,2,2,train
f278bd0a-2736-40f2-87bd-d151332bcbdc_jpg.jpg,f278bd0a-2736-40f2-87bd-d151332bcbdc,train,unknown,d6-10,9,1,train
01-08-2022__11-45-56AM_jpg.jpg,01-08-2022__11-45-56AM,train,indoor,d3-5,3,2,train
01-08-2022__12-44-36PM_jpg.jpg,01-08-2022__12-44-36PM,train,indoor,d0-2,2,3,train
01-08-2022__12-44-36PM_jpg__2.jpg,01-08-2022__12-44-36PM,train,indoor,d0-2,2,1,train
SeieeDept-015_00127_jpg.jpg,SeieeDept-015,train,outdoor,d0-2,4,3,train
01-08-2022__03-00-18PM_jpg.jpg,01-08-2022__03-00-18PM,train,indoor,d0-2,1,3,train
01-08-2022__03-00-18PM_jpg__2.jpg,01-08-2022__03-00-18PM,train,indoor,d0-2,1,4,valid
Day_2102191709_N_Right_Back_Cut1_00219_jpg.jpg,Day_2102191709_N_Right_Back_Cut1,train,outdoor,d6-10,6,2,train
Day_06101541_Right_Back_2_Cut1_00650_jpg.jpg,Day_06101541_Right_Back_2_Cut1,train,outdoor,d6-10,9,2,train
Day_07141436_Right_Back_Cut1_00658_jpg.jpg,Day_07141436_Right_Back_Cut1,train,outdoor,d6-10,6,1,train
image_485_jpg.jpg,image,train,indoor,d3-5,5,3,train
Day_07141436_Right_Back_Cut1_00998_jpg.jpg,Day_07141436_Right_Back_Cut1,train,outdoor,d6-10,9,4,train
image_485_jpg__2.jpg,image,train,indoor,d3-5,4,1,valid
image_34_jpg.jpg,image_34,train,indoor,d3-5,4,2,valid
image_34_jpg__2.jpg,image_34,train,indoor,d3-5,4,3,valid
output_mp4-60_jpg.jpg,output_mp4-60,train,indoor,d0-2,2,1,train
output_mp4-60_jpg__2.jpg,output_mp4-60,train,indoor,d0-2,2,2,train
Day_07141436_Right_Back_Cut1_00648_jpg.jpg,Day_07141436_Right_Back_Cut1,train,outdoor,d6-10,7,2,test
Day_07141436_Right_Back_Cut1_00648_jpg__2.jpg,Day_07141436_Right_Back_Cut1,train,outdoor,d6-10,7,3,valid
Day_2102191709_N_Right_Back_2_Cut1_00291_jpg.jpg,Day_2102191709_N_Right_Back_2_Cut1,test,outdoor,d6-10,6,4,train
Day_202102191756_P_Right_Back_Cut1_00625_jpg.jpg,Day_202102191756_P_Right_Back_Cut1,val,outdoor,d6-10,5,3,train
Day_202102191756_P_Right_Back_Cut1_00625_jpg__2.jpg,Day_202102191756_P_Right_Back_Cut1,val,outdoor,d6-10,5,2,train
Day_07141436_Right_Back_Cut1_00998_jpg__2.jpg,Day_07141436_Right_Back_Cut1,train,outdoor,d6-10,10,2,train
SeieeDept-017_00214_jpg.jpg,SeieeDept-017,train,outdoor,d0-2,1,1,train
Road-003_00494_jpg.jpg,Road-003,train,outdoor,d3-5,6,2,train
CAM28-15-09-2022__09-51-42AMgt_jpg.jpg,CAM28-15-09-2022__09-51-42AMgt,test,unknown,d0-2,1,2,train
image_93_jpg.jpg,image_93,train,indoor,d6-10,7,2,train
01-08-2022__12-09-52PM_jpg.jpg,01-08-2022__12-09-52PM,train,indoor,d0-2,2,3,train
01-08-2022__12-09-52PM_jpg__2.jpg,01-08-2022__12-09-52PM,train,indoor,d0-2,2,1,test
img97032447377_jpg.jpg,img97032447377,test,unknown,d3-5,3,2,train
img97032447377_jpg__2.jpg,img97032447377,test,unknown,d3-5,3,1,train
CAM16-21-08-2022__06-27-35PMgt_jpg.jpg,CAM16-21-08-2022__06-27-35PMgt,train,unknown,d0-2,1,3,valid
image_827_jpg.jpg,image,train,indoor,d3-5,4,3,train
01-08-2022__10-10-14AM_jpg.jpg,01-08-2022__10-10-14AM,val,indoor,d3-5,4,3,train
01-08-2022__12-37-05PM_jpg.jpg,01-08-2022__12-37-05PM,train,indoor,d3-5,3,3,test
image_174_jpg.jpg,image,train,indoor,d3-5,9,2,train
image_174_jpg__2.jpg,image,train,indoor,d3-5,9,2,train
01919_jpg.jpg,01919,train,unknown,d0-2,1,2,train
01919_jpg__2.jpg,01919,train,unknown,d0-2,1,1,train
Day_2102191625_N_Right_Back_Cut1_00584_jpg.jpg,Day_2102191625_N_Right_Back_Cut1,train,outdoor,d0-2,2,2,train
Day_2102191625_N_Right_Back_Cut1_00584_jpg__2.jpg,Day_2102191625_N_Right_Back_Cut1,train,outdoor,d0-2,2,2,train
040841_01_544110_jpg.jpg,040841_01,train,semi,d0-2,1,1,train
040841_01_544110_jpg__2.jpg,040841_01,train,semi,d0-2,1,1,valid
Day_2102191709_N_Right_Back_2_Cut1_00161_jpg.jpg,Day_2102191709_N_Right_Back_2_Cut1,test,outdoor,d6-10,7,2,train
01-08-2022__10-10-14AM_jpg__2.jpg,01-08-2022__10-10-14AM,val,indoor,d3-5,4,1,train
01-08-2022__03-25-16PM_jpg.jpg,01-08-2022__03-25-16PM,train,indoor,d0-2,1,4,train
01-08-2022__03-25-16PM_jpg__2.jpg,01-08-2022__03-25-16PM,train,indoor,d0-2,1,1,valid
image_818_jpg.jpg,image,train,indoor,d3-5,5,3,train
image_818_jpg__2.jpg,image,train,indoor,d3-5,5,3,valid
Day_02191732_Right_Back_Cut1_00411_jpg.jpg,Day_02191732_Right_Back_Cut1,train,outdoor,d6-10,7,2,train
01-08-2022__11-05-24AM_jpg.jpg,01-08-2022__11-05-24AM,val,indoor,d3-5,5,1,train
01-08-2022__02-44-55PM_jpg.jpg,01-08-2022__02-44-55PM,train,indoor,d3-5,5,1,train
040841_03_128421_jpg.jpg,040841_03,train,semi,d0-2,1,2,train
01-08-2022__10-41-26AM_jpg.jpg,01-08-2022__10-41-26AM,train,indoor,d0-2,2,2,train
Day_06101541_Right_Back_2_Cut1_00380_jpg.jpg,Day_06101541_Right_Back_2_Cut1,train,outdoor,d6-10,6,2,train
Day_06101541_Right_Back_2_Cut1_00110_jpg.jpg,Day_06101541_Right_Back_2_Cut1,train,outdoor,d6-10,2,3,train
Day_07141436_Right_Back_Cut1_00468_jpg.jpg,Day_07141436_Right_Back_Cut1,train,outdoor,d6-10,4,2,train
Day_07141436_Right_Back_Cut1_00468_jpg__2.jpg,Day_07141436_Right_Back_Cut1,train,outdoor,d6-10,3,2,train
CAM34-24-08-2022__09-16-12PMgt_jpg.jpg,CAM34-24-08-2022__09-16-12PMgt,train,unknown,d0-2,1,3,train
CAM34-24-08-2022__09-16-12PMgt_jpg__2.jpg,CAM34-24-08-2022__09-16-12PMgt,train,unknown,d0-2,1,1,valid
040840_50_005498_jpg.jpg,040840_50,train,semi,d0-2,1,1,train
image_605_jpg.jpg,image,train,indoor,d3-5,1,3,train
image_605_jpg__2.jpg,image,train,indoor,d3-5,1,2,valid
img96579643200_jpg.jpg,img96579643200,test,unknown,d6-10,6,4,train
image_379_jpg.jpg,image,train,indoor,d3-5,3,3,valid
image_379_jpg__2.jpg,image,train,indoor,d3-5,3,1,train
Day_2102191625_N_Right_Back_Cut1_00644_jpg.jpg,Day_2102191625_N_Right_Back_Cut1,train,outdoor,d0-2,1,1,train
img97360224897_jpg.jpg,img97360224897,train,unknown,d3-5,5,2,train
img965796259880_jpg.jpg,img965796259880,train,unknown,d0-2,2,3,train
Road-003_00372_jpg.jpg,Road-003,train,outdoor,d3-5,5,1,train
img965796414434_jpg.jpg,img965796414434,train,unknown,d0-2,2,2,train
img965796414434_jpg__2.jpg,img965796414434,train,unknown,d0-2,2,3,train
Day_2102191625_N_Right_Back_Cut1_00604_jpg.jpg,Day_2102191625_N_Right_Back_Cut1,train,outdoor,d0-2,4,2,train
Day_2102191625_N_Right_Back_Cut1_00604_jpg__2.jpg,Day_2102191625_N_Right_Back_Cut1,train,outdoor,d0-2,4,2,valid
Day_08051212_Right_Back_Cut1_00193_jpg.jpg,Day_08051212_Right_Back_Cut1,test,outdoor,d0-2,1,3,train
SJTU_SEIEE-182_330-02023_jpg.jpg,SJTU_SEIEE-182_330,train,unknown,d3-5,5,2,train
SJTU_SEIEE-182_330-02023_jpg__2.jpg,SJTU_SEIEE-182_330,train,unknown,d3-5,5,1,train
Day_2102191625_N_Right_Back_Cut1_00644_jpg__2.jpg,Day_2102191625_N_Right_Back_Cut1,train,outdoor,d0-2,1,1,train
SeieeDept-051_00544_jpg.jpg,SeieeDept-051,train,outdoor,d0-2,2,1,train
SeieeDept-051_00544_jpg__2.jpg,SeieeDept-051,train,outdoor,d0-2,2,2,valid
CAM40-23-08-2022__03-32-10PMgt_jpg.jpg,CAM40-23-08-2022__03-32-10PMgt,train,unknown,d0-2,2,3,train
CAM40-23-08-2022__03-32-10PMgt_jpg__2.jpg,CAM40-23-08-2022__03-32-10PMgt,train,unknown,d0-2,2,1,train
Day_202102191756_P_Right_Back_Cut1_00485_jpg.jpg,Day_202102191756_P_Right_Back_Cut1,val,outdoor,d6-10,10,5,train
Day_202102191756_P_Right_Back_Cut1_00485_jpg__2.jpg,Day_202102191756_P_Right_Back_Cut1,val,outdoor,d6-10,10,2,train
Day_2102191625_N_Right_Back_Cut1_00434_jpg.jpg,Day_2102191625_N_Right_Back_Cut1,train,outdoor,d0-2,3,3,train
Day_2102191625_N_Right_Back_Cut1_00434_jpg__2.jpg,Day_2102191625_N_Right_Back_Cut1,train,outdoor,d0-2,3,1,valid
01-08-2022__08-48-05AM_jpg.jpg,01-08-2022__08-48-05AM,train,indoor,d3-5,4,2,valid
01685_jpg.jpg,01685,train,unknown,d0-2,1,2,train
71cac0bdfa2f629906245bc60966a532_jpg.jpg,71cac0bdfa2f629906245bc60966a532,train,unknown,d0-2,1,4,train
01685_jpg__2.jpg,01685,train,unknown,d0-2,1,2,train
img973602127003_jpg.jpg,img973602127003,train,unknown,d0-2,1,4,train
61920_jpg.jpg,61920,train,unknown,d6-10,8,2,valid
CAM27-15-09-2022__09-51-42AMgt_jpg.jpg,CAM27-15-09-2022__09-51-42AMgt,train,unknown,d0-2,2,3,valid
01-08-2022__12-39-31PM_jpg.jpg,01-08-2022__12-39-31PM,train,indoor,d3-5,3,5,train
SeieeDept-037_00702_jpg.jpg,SeieeDept-037,train,outdoor,d0-2,1,1,train
SeieeDept-037_00702_jpg__2.jpg,SeieeDept-037,train,outdoor,d0-2,1,3,train
01-08-2022__09-42-06AM_jpg.jpg,01-08-2022__09-42-06AM,test,indoor,d3-5,4,3,train
Day_07141436_Right_Back_Cut1_00068_jpg.jpg,Day_07141436_Right_Back_Cut1,train,outdoor,d6-10,3,1,train
img97360211078_jpg.jpg,img97360211078,train,unknown,d3-5,3,2,train
SeieeDept-023_00941_jpg.jpg,SeieeDept-023,val,outdoor,d3-5,6,3,train
img97360211078_jpg__2.jpg,img97360211078,train,unknown,d3-5,3,1,valid
Day_2102191726_P_Right_Back_Cut1_00226_jpg.jpg,Day_2102191726_P_Right_Back_Cut1,train,outdoor,d3-5,6,1,train
Day_2102191726_P_Right_Back_Cut1_00226_jpg__2.jpg,Day_2102191726_P_Right_Back_Cut1,train,outdoor,d3-5,6,1,train
01-08-2022__12-25-53PM_jpg.jpg,01-08-2022__12-25-53PM,train,indoor,d0-2,1,2,train
01-08-2022__12-25-53PM_jpg__2.jpg,01-08-2022__12-25-53PM,train,indoor,d0-2,1,1,test
CAM46-23-08-2022__06-33-29PMgt_jpg.jpg,CAM46-23-08-2022__06-33-29PMgt,train,unknown,d3-5,3,2,train
00521_jpg.jpg,00521,train,unknown,d0-2,2,2,test
00521_jpg__2.jpg,00521,train,unknown,d0-2,2,2,train
image_62_jpg.jpg,image_62,train,indoor,d0-2,2,3,train
Day_02191732_Right_Back_Cut1_00241_jpg.jpg,Day_02191732_Right_Back_Cut1,train,outdoor,d6-10,8,5,train
image_118_jpg.jpg,image,train,indoor,d3-5,2,1,train
Day_02191732_Right_Back_Cut1_00241_jpg__2.jpg,Day_02191732_Right_Back_Cut1,train,outdoor,d6-10,7,1,test
img97360218490_jpg.jpg,img97360218490,train,unknown,d3-5,5,2,train
01-08-2022__11-33-59AM_jpg.jpg,01-08-2022__11-33-59AM,train,indoor,d0-2,1,2,train
01-08-2022__11-33-59AM_jpg__2.jpg,01-08-2022__11-33-59AM,train,indoor,d0-2,1,1,valid
01-08-2022__02-21-44PM_jpg.jpg,01-08-2022__02-21-44PM,train,indoor,d6-10,6,2,train
Day_2102191709_N_Right_Back_Cut1_00319_jpg.jpg,Day_2102191709_N_Right_Back_Cut1,train,outdoor,d6-10,9,1,train
BridgeEntrance-001_00417_jpg.jpg,BridgeEntrance-001,train,outdoor,d0-2,3,2,valid
BridgeEntrance-001_00417_jpg__2.jpg,BridgeEntrance-001,train,outdoor,d0-2,3,1,train
image_901_jpg.jpg,image,train,indoor,d3-5,6,2,train
SeieeDept-031_00002_jpg.jpg,SeieeDept-031,test,outdoor,d0-2,1,3,valid
image_118_jpg__2.jpg,image,train,indoor,d3-5,2,2,valid
SeieeDept-031_00002_jpg__2.jpg,SeieeDept-031,test,outdoor,d0-2,1,2,train
Day_202102191756_P_Right_Back_Cut1_00455_jpg.jpg,Day_202102191756_P_Right_Back_Cut1,val,outdoor,d6-10,10,2,train
00SUBWAY1-articleLarge_jpg.jpg,00SUBWAY1-articleLarge,train,unknown,d0-2,2,2,test
01-08-2022__01-48-22PM_jpg.jpg,01-08-2022__01-48-22PM,train,indoor,d0-2,1,4,valid
00916_jpg.jpg,00916,train,unknown,d0-2,1,3,train
00916_jpg__2.jpg,00916,train,unknown,d0-2,1,1,train
image_715_jpg.jpg,image,train,indoor,d3-5,2,2,valid
SeieeDept-021_00942_jpg.jpg,SeieeDept-021,train,outdoor,d0-2,1,2,train
image_522_jpg.jpg,image,train,indoor,d3-5,7,1,train
SeieeDept-019_00090_jpg.jpg,SeieeDept-019,train,outdoor,d0-2,1,3,train
01-08-2022__02-09-45PM_jpg.jpg,01-08-2022__02-09-45PM,train,indoor,d6-10,6,1,train
Day_2102191726_P_Right_Back_Cut1_00386_jpg.jpg,Day_2102191726_P_Right_Back_Cut1,train,outdoor,d3-5,4,1,train
Day_02191732_Right_Back_Cut1_00521_jpg.jpg,Day_02191732_Right_Back_Cut1,train,outdoor,d6-10,8,1,train
Day_02191732_Right_Back_Cut1_00521_jpg__2.jpg,Day_02191732_Right_Back_Cut1,train,outdoor,d6-10,8,1,test
img97032460446_jpg.jpg,img97032460446,train,unknown,d0-2,2,2,train
img97032460446_jpg__2.jpg,img97032460446,train,unknown,d0-2,2,1,train
Day_2102191726_P_Right_Back_Cut1_00006_jpg.jpg,Day_2102191726_P_Right_Back_Cut1,train,outdoor,d3-5,1,2,train
img973602165350_jpg.jpg,img973602165350,train,unknown,d0-2,2,3,train
img973602165350_jpg__2.jpg,img973602165350,train,unknown,d0-2,2,3,valid
Day_2102191625_N_Right_Back_Cut1_00094_jpg.jpg,Day_2102191625_N_Right_Back_Cut1,train,outdoor,d0-2,4,1,train
Day_2102191625_N_Right_Back_Cut1_00094_jpg__2.jpg,Day_2102191625_N_Right_Back_Cut1,train,outdoor,d0-2,4,3,test
01-08-2022__02-09-45PM_jpg__2.jpg,01-08-2022__02-09-45PM,train,indoor,d6-10,6,1,train
Day_07141436_Right_Back_Cut1_00058_jpg.jpg,Day_07141436_Right_Back_Cut1,train,outdoor,d6-10,2,1,train
Day_07141436_Right_Back_Cut1_00058_jpg__2.jpg,Day_07141436_Right_Back_Cut1,train,outdoor,d6-10,2,1,valid
23040_jpg.jpg,23040,train,unknown,d10+,16,3,train
img96579666480_jpg.jpg,img96579666480,train,unknown,d3-5,4,2,train
img96579666480_jpg__2.jpg,img96579666480,train,unknown,d3-5,4,2,valid
CAM8-21-08-2022__06-27-29PMgt_jpg.jpg,CAM8-21-08-2022__06-27-29PMgt,train,unknown,d0-2,1,2,train
Day_2102191625_N_Right_Back_Cut1_00044_jpg.jpg,Day_2102191625_N_Right_Back_Cut1,train,outdoor,d0-2,1,1,train
Day_2102191625_N_Right_Back_Cut1_00044_jpg__2.jpg,Day_2102191625_N_Right_Back_Cut1,train,outdoor,d0-2,1,1,train
Day_2102191625_N_Right_Back_Cut1_00054_jpg.jpg,Day_2102191625_N_Right_Back_Cut1,train,outdoor,d0-2,4,4,train
Day_2102191625_N_Right_Back_Cut1_00054_jpg__2.jpg,Day_2102191625_N_Right_Back_Cut1,train,outdoor,d0-2,4,1,train
output_mp4-68_jpg.jpg,output_mp4-68,test,indoor,d3-5,3,8,train
image_469_jpg.jpg,image,train,indoor,d3-5,5,2,train
image_469_jpg__2.jpg,image,train,indoor,d3-5,5,1,train
image_808_jpg.jpg,image,train,indoor,d3-5,3,3,train
01-08-2022__02-57-20PM_jpg.jpg,01-08-2022__02-57-20PM,train,indoor,d0-2,2,3,train
01-08-2022__02-55-53PM_jpg.jpg,01-08-2022__02-55-53PM,val,indoor,d3-5,5,5,valid
01-08-2022__02-55-53PM_jpg__2.jpg,01-08-2022__02-55-53PM,val,indoor,d3-5,5,3,train
Day_202102191756_P_Right_Back_Cut1_01035_jpg.jpg,Day_202102191756_P_Right_Back_Cut1,val,outdoor,d6-10,4,3,train
Day_202102191756_P_Right_Back_Cut1_01035_jpg__2.jpg,Day_202102191756_P_Right_Back_Cut1,val,outdoor,d6-10,4,4,train
01697_jpg.jpg,01697,train,unknown,d0-2,1,3,train
01697_jpg__2.jpg,01697,train,unknown,d0-2,1,1,valid
output_mp4-68_jpg__2.jpg,output_mp4-68,test,indoor,d3-5,3,3,train
S1-T1-C-00340_jpeg_jpg.jpg,S1-T1-C-00340_jpeg,train,unknown,d3-5,3,2,train
Day_2102191726_P_Right_Back_Cut1_00746_jpg.jpg,Day_2102191726_P_Right_Back_Cut1,train,outdoor,d3-5,8,2,valid
Day_2102191726_P_Right_Back_Cut1_00746_jpg__2.jpg,Day_2102191726_P_Right_Back_Cut1,train,outdoor,d3-5,8,1,test
040840_53_708364_jpg.jpg,040840_53,train,semi,d0-2,1,1,train
040840_53_708364_jpg__2.jpg,040840_53,train,semi,d0-2,1,2,train
01-08-2022__01-53-04PM_jpg.jpg,01-08-2022__01-53-04PM,train,indoor,d0-2,1,2,train
SeieeDept-031_00279_jpg.jpg,SeieeDept-031,test,outdoor,d0-2,2,1,train
SeieeDept-031_00279_jpg__2.jpg,SeieeDept-031,test,outdoor,d0-2,2,1,train
Day_2102191709_N_Right_Back_2_Cut1_00001_jpg.jpg,Day_2102191709_N_Right_Back_2_Cut1,test,outdoor,d6-10,8,1,train
01-08-2022__04-19-01PM_jpg.jpg,01-08-2022__04-19-01PM,val,indoor,d3-5,4,1,train
output_mp4-68_jpg__3.jpg,output_mp4-68,test,indoor,d3-5,3,3,train
01-08-2022__04-19-01PM_jpg__2.jpg,01-08-2022__04-19-01PM,val,indoor,d3-5,4,1,train
BridgeEntrance-008_00523_jpg.jpg,BridgeEntrance-008,train,outdoor,d3-5,5,3,valid
BridgeEntrance-008_00523_jpg__2.jpg,BridgeEntrance-008,train,outdoor,d3-5,5,1,train
01-08-2022__01-53-03PM_jpg.jpg,01-08-2022__01-53-03PM,train,indoor,d0-2,1,1,train
01-08-2022__01-53-03PM_jpg__2.jpg,01-08-2022__01-53-03PM,train,indoor,d0-2,1,1,train
Day_07141436_Right_Back_Cut1_00558_jpg.jpg,Day_07141436_Right_Back_Cut1,train,outdoor,d6-10,5,2,train
Day_07141436_Right_Back_Cut1_00558_jpg__2.jpg,Day_07141436_Right_Back_Cut1,train,outdoor,d6-10,4,1,valid
image_731_jpg.jpg,image,train,indoor,d3-5,5,3,train
image_731_jpg__2.jpg,image,train,indoor,d3-5,5,4,test
CAM44-26-08-2022__05-14-48PMgt_jpg.jpg,CAM44-26-08-2022__05-14-48PMgt,train,unknown,d3-5,4,2,valid
output_mp4-68_jpg__4.jpg,output_mp4-68,test,indoor,d3-5,3,2,valid
CAM44-26-08-2022__05-14-48PMgt_jpg__2.jpg,CAM44-26-08-2022__05-14-48PMgt,train,unknown,d3-5,4,1,valid
BridgeEntrance-007_00457_jpg.jpg,BridgeEntrance-007,test,outdoor,d3-5,2,2,train
040840_48_146252_jpg.jpg,040840_48,train,semi,d0-2,1,3,test
SeieeDept-014_00629_jpg.jpg,SeieeDept-014,train,outdoor,d3-5,1,3,valid
SeieeDept-014_00629_jpg__2.jpg,SeieeDept-014,train,outdoor,d3-5,1,1,train
040843_14_730445_jpg.jpg,040843_14,train,semi,d0-2,1,3,valid
BridgeEntrance-005_00166_jpg.jpg,BridgeEntrance-005,train,outdoor,d3-5,9,2,train
BridgeEntrance-005_00166_jpg__2.jpg,BridgeEntrance-005,train,outdoor,d3-5,9,2,train
01039_jpg.jpg,01039,train,unknown,d0-2,2,3,train
01039_jpg__2.jpg,01039,train,unknown,d0-2,2,1,train
image02400_jpg.jpg,image02400,train,indoor,d10+,55,2,train
Day_07141436_Right_Back_Cut1_00908_jpg.jpg,Day_07141436_Right_Back_Cut1,train,outdoor,d6-10,8,2,train
Day_07141436_Right_Back_Cut1_00908_jpg__2.jpg,Day_07141436_Right_Back_Cut1,train,outdoor,d6-10,9,1,train
Day_202102191756_P_Right_Back_Cut1_00215_jpg.jpg,Day_202102191756_P_Right_Back_Cut1,val,outdoor,d6-10,6,2,train
01-08-2022__02-13-04PM_jpg.jpg,01-08-2022__02-13-04PM,train,indoor,d0-2,1,3,train
output1_mp4-42_jpg.jpg,output1_mp4-42,train,unknown,d0-2,2,2,train
01-08-2022__02-03-59PM_jpg.jpg,01-08-2022__02-03-59PM,train,indoor,d6-10,6,1,train
output1_mp4-32_jpg.jpg,output1_mp4-32,val,unknown,d3-5,3,3,train
output1_mp4-32_jpg__2.jpg,output1_mp4-32,val,unknown,d3-5,3,1,train
output1_mp4-32_jpg__3.jpg,output1_mp4-32,val,unknown,d3-5,3,3,test
output1_mp4-32_jpg__4.jpg,output1_mp4-32,val,unknown,d3-5,3,1,train
image02400_jpg__2.jpg,image02400,train,indoor,d10+,56,1,test
SJTU_SEIEE-182_330-01969_jpg.jpg,SJTU_SEIEE-182_330,train,unknown,d3-5,6,4,train
SJTU_SEIEE-182_330-01969_jpg__2.jpg,SJTU_SEIEE-182_330,train,unknown,d3-5,6,1,train
CCTV1_jpg.jpg,CCTV1,train,unknown,d0-2,2,4,train
CCTV1_jpg__2.jpg,CCTV1,train,unknown,d0-2,2,2,train
41760_jpg.jpg,41760,train,unknown,d10+,13,4,valid
img965796395055_jpg.jpg,img965796395055,train,unknown,d3-5,4,2,valid
img965796395055_jpg__2.jpg,img965796395055,train,unknown,d3-5,4,3,valid
Day_2102191709_N_Right_Back_2_Cut1_00081_jpg.jpg,Day_2102191709_N_Right_Back_2_Cut1,test,outdoor,d6-10,8,2,train
01-08-2022__10-21-03AM_jpg.jpg,01-08-2022__10-21-03AM,val,indoor,d3-5,5,5,train
01-08-2022__10-21-03AM_jpg__2.jpg,01-08-2022__10-21-03AM,val,indoor,d3-5,5,2,test
CAM24-21-08-2022__06-27-31PMgt_jpg.jpg,CAM24-21-08-2022__06-27-31PMgt,train,unknown,d0-2,1,2,train
01-08-2022__09-43-44AM_jpg.jpg,01-08-2022__09-43-44AM,train,indoor,d3-5,3,1,train
image_202_jpg.jpg,image,train,indoor,d3-5,2,2,train
image_202_jpg__2.jpg,image,train,indoor,d3-5,2,3,valid
CAM38-26-08-2022__05-14-48PMgt_jpg.jpg,CAM38-26-08-2022__05-14-48PMgt,train,unknown,d0-2,2,2,train
01-08-2022__10-21-56AM_jpg.jpg,01-08-2022__10-21-56AM,test,indoor,d3-5,5,2,train
01-08-2022__10-21-56AM_jpg__2.jpg,01-08-2022__10-21-56AM,test,indoor,d3-5,5,1,test
CAM37-15-09-2022__05-51-42PMgt_jpg.jpg,CAM37-15-09-2022__05-51-42PMgt,train,unknown,d0-2,2,2,train
CAM37-15-09-2022__05-51-42PMgt_jpg__2.jpg,CAM37-15-09-2022__05-51-42PMgt,train,unknown,d0-2,2,2,test
01-08-2022__01-30-02PM_jpg.jpg,01-08-2022__01-30-02PM,train,indoor,d6-10,7,2,train
01-08-2022__01-30-02PM_jpg__2.jpg,01-08-2022__01-30-02PM,train,indoor,d6-10,7,1,valid
CAM24-21-08-2022__06-27-31PMgt_jpg__2.jpg,CAM24-21-08-2022__06-27-31PMgt,train,unknown,d0-2,1,2,train
Day_2102191709_N_Right_Back_2_Cut1_00011_jpg.jpg,Day_2102191709_N_Right_Back_2_Cut1,test,outdoor,d6-10,7,1,train
Day_2102191709_N_Right_Back_2_Cut1_00011_jpg__2.jpg,Day_2102191709_N_Right_Back_2_Cut1,test,outdoor,d6-10,7,1,train
00004000_jpeg_jpg.jpg,00004000_jpeg,train,semi,d10+,14,1,train
image_856_jpg.jpg,image,train,indoor,d3-5,8,5,train
SeieeDept-020_00858_jpg.jpg,SeieeDept-020,train,outdoor,d0-2,1,1,train
img97032492547_jpg.jpg,img97032492547,train,unknown,d3-5,3,2,train
img97032492547_jpg__2.jpg,img97032492547,train,unknown,d3-5,3,1,train
Day_07141436_Right_Back_Cut1_01428_jpg.jpg,Day_07141436_Right_Back_Cut1,train,outdoor,d6-10,9,4,train
image_420_jpg.jpg,image,train,indoor,d3-5,4,2,train
01-08-2022__02-26-40PM_jpg.jpg,01-08-2022__02-26-40PM,val,indoor,d6-10,6,2,train
Day_2102191625_N_Right_Back_Cut1_00274_jpg.jpg,Day_2102191625_N_Right_Back_Cut1,train,outdoor,d0-2,3,1,train
01-08-2022__02-26-40PM_jpg__2.jpg,01-08-2022__02-26-40PM,val,indoor,d6-10,6,1,train
CAM41-21-08-2022__06-27-55PMgt_jpg.jpg,CAM41-21-08-2022__06-27-55PMgt,train,unknown,d0-2,1,1,train
CAM41-21-08-2022__06-27-55PMgt_jpg__2.jpg,CAM41-21-08-2022__06-27-55PMgt,train,unknown,d0-2,1,1,train
opencv_frame_12420_png_jpg.jpg,opencv_frame,train,indoor,d0-2,1,1,train
opencv_frame_12420_png_jpg__2.jpg,opencv_frame,train,indoor,d0-2,1,1,valid
image_591_jpg.jpg,image,train,indoor,d3-5,7,1,train
image_591_jpg__2.jpg,image,train,indoor,d3-5,7,1,train
040840_50_989802_jpg.jpg,040840_50,train,semi,d0-2,1,3,valid
SeieeDept-025_00338_jpg.jpg,SeieeDept-025,train,outdoor,d0-2,1,3,train
SeieeDept-025_00338_jpg__2.jpg,SeieeDept-025,train,outdoor,d0-2,1,1,valid
Day_2102191625_N_Right_Back_Cut1_00274_jpg__2.jpg,Day_2102191625_N_Right_Back_Cut1,train,outdoor,d0-2,3,1,test
Day_2102191709_N_Right_Back_2_Cut1_00271_jpg.jpg,Day_2102191709_N_Right_Back_2_Cut1,test,outdoor,d6-10,7,3,train
Day_2102191709_N_Right_Back_2_Cut1_00271_jpg__2.jpg,Day_2102191709_N_Right_Back_2_Cut1,test,outdoor,d6-10,7,2,valid
opencv_frame_12415_png_jpg.jpg,opencv_frame,train,indoor,d0-2,1,3,train
opencv_frame_12415_png_jpg__2.jpg,opencv_frame,train,indoor,d0-2,1,3,test
Day_2102191709_N_Right_Back_Cut1_00039_jpg.jpg,Day_2102191709_N_Right_Back_Cut1,train,outdoor,d6-10,7,3,train
040843_12_074383_jpg.jpg,040843_12,train,semi,d0-2,1,3,train
image_456_jpg.jpg,image,train,indoor,d3-5,2,1,train
image_456_jpg__2.jpg,image,train,indoor,d3-5,2,3,valid
01-08-2022__10-46-16AM_jpg.jpg,01-08-2022__10-46-16AM,val,indoor,d0-2,1,1,train
01-08-2022__10-46-16AM_jpg__2.jpg,01-08-2022__10-46-16AM,val,indoor,d0-2,1,1,test
01-08-2022__09-00-25AM_jpg.jpg,01-08-2022__09-00-25AM,train,indoor,d0-2,2,1,train
Day_08051212_Right_Back_Cut1_00083_jpg.jpg,Day_08051212_Right_Back_Cut1,test,outdoor,d0-2,1,3,train
Day_08051212_Right_Back_Cut1_00083_jpg__2.jpg,Day_08051212_Right_Back_Cut1,test,outdoor,d0-2,1,1,train
Day_2102191709_N_Right_Back_2_Cut1_00221_jpg.jpg,Day_2102191709_N_Right_Back_2_Cut1,test,outdoor,d6-10,6,4,train
Day_2102191709_N_Right_Back_2_Cut1_00221_jpg__2.jpg,Day_2102191709_N_Right_Back_2_Cut1,test,outdoor,d6-10,6,1,test
Day_2102191709_N_Right_Back_2_Cut1_00741_jpg.jpg,Day_2102191709_N_Right_Back_2_Cut1,test,outdoor,d6-10,7,2,train
img97032434443_jpg.jpg,img97032434443,train,unknown,d0-2,2,1,train
img965796174650_jpg.jpg,img965796174650,train,unknown,d0-2,2,2,train
img965796174650_jpg__2.jpg,img965796174650,train,unknown,d0-2,2,1,valid
opencv_frame_10775_png_jpg.jpg,opencv_frame,train,indoor,d0-2,2,2,valid
opencv_frame_10775_png_jpg__2.jpg,opencv_frame,train,indoor,d0-2,2,1,train
01-08-2022__09-00-25AM_jpg__2.jpg,01-08-2022__09-00-25AM,train,indoor,d0-2,2,2,train
01-08-2022__01-35-34PM_jpg.jpg,01-08-2022__01-35-34PM,train,indoor,d6-10,7,3,valid
Day_2102191726_P_Right_Back_Cut1_00616_jpg.jpg,Day_2102191726_P_Right_Back_Cut1,train,outdoor,d3-5,4,2,train
Day_2102191726_P_Right_Back_Cut1_00596_jpg.jpg,Day_2102191726_P_Right_Back_Cut1,train,outdoor,d3-5,4,2,train
Day_2102191726_P_Right_Back_Cut1_00596_jpg__2.jpg,Day_2102191726_P_Right_Back_Cut1,train,outdoor,d3-5,4,2,valid
7332226-3x2-940x627_jpg.jpg,7332226-3x2-940x627,train,semi,d6-10,9,3,train
7332226-3x2-940x627_jpg__2.jpg,7332226-3x2-940x627,train,semi,d6-10,9,1,train
BridgeEntrance-006_00352_jpg.jpg,BridgeEntrance-006,test,outdoor,d3-5,3,2,train
BridgeEntrance-006_00352_jpg__2.jpg,BridgeEntrance-006,test,outdoor,d3-5,3,2,train
image_762_jpg.jpg,image,train,indoor,d3-5,7,2,train
image_206_jpg.jpg,image,train,indoor,d3-5,5,2,valid
image_206_jpg__2.jpg,image,train,indoor,d3-5,5,1,valid
Day_07141436_Right_Back_Cut1_01398_jpg.jpg,Day_07141436_Right_Back_Cut1,train,outdoor,d6-10,11,2,train
Day_07141436_Right_Back_Cut1_01328_jpg.jpg,Day_07141436_Right_Back_Cut1,train,outdoor,d6-10,9,3,train
01-08-2022__12-04-15PM_jpg.jpg,01-08-2022__12-04-15PM,val,indoor,d3-5,4,3,train
01-08-2022__12-04-15PM_jpg__2.jpg,01-08-2022__12-04-15PM,val,indoor,d3-5,4,2,train
image_488_jpg.jpg,image,train,indoor,d3-5,5,1,train
image_488_jpg__2.jpg,image,train,indoor,d3-5,5,1,train
Day_202102191756_P_Right_Back_Cut1_00145_jpg.jpg,Day_202102191756_P_Right_Back_Cut1,val,outdoor,d6-10,5,2,train
01318_jpg.jpg,01318,train,unknown,d0-2,1,3,test
01318_jpg__2.jpg,01318,train,unknown,d0-2,1,1,train
01-08-2022__01-12-03PM_jpg.jpg,01-08-2022__01-12-03PM,val,indoor,d0-2,1,2,train
01-08-2022__01-12-03PM_jpg__2.jpg,01-08-2022__01-12-03PM,val,indoor,d0-2,1,1,test
image_573_jpg.jpg,image,train,indoor,d3-5,1,2,train
Day_02191732_Right_Back_Cut1_00631_jpg.jpg,Day_02191732_Right_Back_Cut1,train,outdoor,d6-10,7,1,train
Day_02191732_Right_Back_Cut1_00631_jpg__2.jpg,Day_02191732_Right_Back_Cut1,train,outdoor,d6-10,7,1,train
image_218_jpg.jpg,image,train,indoor,d3-5,4,1,train
SeieeDept-014_00465_jpg.jpg,SeieeDept-014,train,outdoor,d3-5,3,1,train
SeieeDept-014_00465_jpg__2.jpg,SeieeDept-014,train,outdoor,d3-5,3,2,train
SeieeDept-024_00796_jpg.jpg,SeieeDept-024,train,outdoor,d3-5,1,3,train
img96579653587_jpg.jpg,img96579653587,train,unknown,d3-5,4,1,train
image_105_jpg.jpg,image,train,indoor,d3-5,1,3,train
Day_2102191709_N_Right_Back_2_Cut2_00120_jpg.jpg,Day_2102191709_N_Right_Back_2_Cut2,train,outdoor,d6-10,7,1,train
Day_2102191709_N_Right_Back_2_Cut1_00631_jpg.jpg,Day_2102191709_N_Right_Back_2_Cut1,test,outdoor,d6-10,4,3,test
Day_2102191709_N_Right_Back_2_Cut1_00631_jpg__2.jpg,Day_2102191709_N_Right_Back_2_Cut1,test,outdoor,d6-10,4,2,train
image_85_jpg.jpg,image_85,train,indoor,d0-2,2,1,train
image_85_jpg__2.jpg,image_85,train,indoor,d0-2,2,2,train
01-08-2022__12-51-19PM_jpg.jpg,01-08-2022__12-51-19PM,train,indoor,d0-2,1,2,train
01-08-2022__12-51-19PM_jpg__2.jpg,01-08-2022__12-51-19PM,train,indoor,d0-2,1,2,train
01-08-2022__03-36-57PM_jpg.jpg,01-08-2022__03-36-57PM,train,indoor,d3-5,4,1,train
Day_2102191625_N_Right_Back_Cut1_00074_jpg.jpg,Day_2102191625_N_Right_Back_Cut1,train,outdoor,d0-2,4,3,train
Day_2102191625_N_Right_Back_Cut1_00074_jpg__2.jpg,Day_2102191625_N_Right_Back_Cut1,train,outdoor,d0-2,4,1,test
00535_jpg.jpg,00535,train,unknown,d0-2,1,3,train
image_845_jpg.jpg,image,train,indoor,d3-5,7,1,train
image_845_jpg__2.jpg,image,train,indoor,d3-5,7,1,valid
image_583_jpg.jpg,image,train,indoor,d3-5,7,2,train
image_583_jpg__2.jpg,image,train,indoor,d3-5,7,3,train
Day_202102191756_P_Right_Back_Cut1_00605_jpg.jpg,Day_202102191756_P_Right_Back_Cut1,val,outdoor,d6-10,10,3,train
01-08-2022__12-44-39PM_jpg.jpg,01-08-2022__12-44-39PM,train,indoor,d0-2,1,1,train
01-08-2022__12-44-39PM_jpg__2.jpg,01-08-2022__12-44-39PM,train,indoor,d0-2,1,1,valid
S1-T1-C-00755_jpeg_jpg.jpg,S1-T1-C-00755_jpeg,train,unknown,d0-2,2,1,train
image_908_jpg.jpg,image,train,indoor,d3-5,4,2,train
image_908_jpg__2.jpg,image,train,indoor,d3-5,4,1,test
image_790_jpg.jpg,image,train,indoor,d3-5,9,2,train
Day_07141436_Right_Back_Cut1_01278_jpg.jpg,Day_07141436_Right_Back_Cut1,train,outdoor,d6-10,9,2,train
BridgeEntrance-001_00389_jpg.jpg,BridgeEntrance-001,train,outdoor,d0-2,5,2,train
opencv_frame_13855_png_jpg.jpg,opencv_frame,train,indoor,d0-2,1,6,train
opencv_frame_13855_png_jpg__2.jpg,opencv_frame,train,indoor,d0-2,1,1,test
img96579615779_jpg.jpg,img96579615779,train,unknown,d6-10,7,1,train
img96579615779_jpg__2.jpg,img96579615779,train,unknown,d6-10,7,1,test
image_501_jpg.jpg,image,train,indoor,d3-5,4,4,valid
image_916_jpg.jpg,image,train,indoor,d3-5,3,4,train
4201628122455661_jpg.jpg,4201628122455661,train,semi,d10+,12,1,train
040840_48_333740_jpg.jpg,040840_48,train,semi,d0-2,1,2,valid
040840_48_333740_jpg__2.jpg,040840_48,train,semi,d0-2,1,1,test
image_324_jpg.jpg,image,train,indoor,d3-5,2,3,train
image_324_jpg__2.jpg,image,train,indoor,d3-5,2,1,train
img970324108311_jpg.jpg,img970324108311,val,unknown,d0-2,2,1,train
00952_jpg.jpg,00952,train,unknown,d0-2,1,2,valid
image_203_jpg.jpg,image,train,indoor,d3-5,3,1,train
image_203_jpg__2.jpg,image,train,indoor,d3-5,3,1,test
image_277_jpg.jpg,image,train,indoor,d3-5,4,1,train
image_916_jpg__2.jpg,image,train,indoor,d3-5,3,1,valid
image_277_jpg__2.jpg,image,train,indoor,d3-5,4,1,valid
image_477_jpg.jpg,image,train,indoor,d3-5,7,3,train
Day_2102191625_N_Right_Back_Cut1_00724_jpg.jpg,Day_2102191625_N_Right_Back_Cut1,train,outdoor,d0-2,4,3,train
Day_2102191625_N_Right_Back_Cut1_00724_jpg__2.jpg,Day_2102191625_N_Right_Back_Cut1,train,outdoor,d0-2,2,3,test
SeieeDept-024_00547_jpg.jpg,SeieeDept-024,train,outdoor,d3-5,3,3,train
image_622_jpg.jpg,image,train,indoor,d3-5,7,1,train
image_622_jpg__2.jpg,image,train,indoor,d3-5,7,1,test
01-08-2022__12-44-38PM_jpg.jpg,01-08-2022__12-44-38PM,train,indoor,d0-2,1,4,train
Day_2102191625_N_Right_Back_Cut1_00194_jpg.jpg,Day_2102191625_N_Right_Back_Cut1,train,outdoor,d0-2,4,2,valid
01-08-2022__12-39-32PM_jpg.jpg,01-08-2022__12-39-32PM,train,indoor,d3-5,3,3,train
Day_2102191625_N_Right_Back_Cut1_00304_jpg.jpg,Day_2102191625_N_Right_Back_Cut1,train,outdoor,d0-2,1,4,train
8_jpg.jpg,8,train,unknown,d0-2,1,1,train
8_jpg__2.jpg,8,train,unknown,d0-2,1,2,train
CAM32-15-09-2022__05-50-11PMgt_jpg.jpg,CAM32-15-09-2022__05-50-11PMgt,train,unknown,d0-2,1,2,train
Day_07141436_Right_Back_Cut1_01258_jpg.jpg,Day_07141436_Right_Back_Cut1,train,outdoor,d6-10,9,3,train
Day_202102191756_P_Right_Back_Cut1_00285_jpg.jpg,Day_202102191756_P_Right_Back_Cut1,val,outdoor,d6-10,8,4,train
image_547_jpg.jpg,image,train,indoor,d3-5,2,2,test
image_547_jpg__2.jpg,image,train,indoor,d3-5,2,2,valid
01-08-2022__10-43-51AM_jpg.jpg,01-08-2022__10-43-51AM,train,indoor,d0-2,1,1,train
01-08-2022__10-43-51AM_jpg__2.jpg,01-08-2022__10-43-51AM,train,indoor,d0-2,1,1,train
Day_2102191709_N_Right_Back_2_Cut1_00371_jpg.jpg,Day_2102191709_N_Right_Back_2_Cut1,test,outdoor,d6-10,5,1,train
Day_07141436_Right_Back_Cut1_01058_jpg.jpg,Day_07141436_Right_Back_Cut1,train,outdoor,d6-10,10,5,train
Day_2102191709_N_Right_Back_2_Cut1_00371_jpg__2.jpg,Day_2102191709_N_Right_Back_2_Cut1,test,outdoor,d6-10,5,3,valid
01-08-2022__10-46-17AM_jpg.jpg,01-08-2022__10-46-17AM,val,indoor,d0-2,2,2,train
img96579658230_jpg.jpg,img96579658230,train,unknown,d6-10,6,1,train
img96579658230_jpg__2.jpg,img96579658230,train,unknown,d6-10,6,1,valid
Day_2102191726_P_Right_Back_Cut1_00536_jpg.jpg,Day_2102191726_P_Right_Back_Cut1,train,outdoor,d3-5,3,4,valid
Day_2102191726_P_Right_Back_Cut1_00536_jpg__2.jpg,Day_2102191726_P_Right_Back_Cut1,train,outdoor,d3-5,2,1,train
31680_jpg.jpg,31680,train,unknown,d10+,13,3,test
31680_jpg__2.jpg,31680,train,unknown,d10+,13,2,train
image_819_jpg.jpg,image,train,indoor,d3-5,6,4,test
image_819_jpg__2.jpg,image,train,indoor,d3-5,6,1,valid
CAM35-25-08-2022__07-03-30PMgt_jpg.jpg,CAM35-25-08-2022__07-03-30PMgt,train,unknown,d0-2,1,5,train
Day_07141436_Right_Back_Cut1_01358_jpg.jpg,Day_07141436_Right_Back_Cut1,train,outdoor,d6-10,11,1,train
img9703246808_jpg.jpg,img9703246808,train,unknown,d0-2,1,3,train
img9703246808_jpg__2.jpg,img9703246808,train,unknown,d0-2,1,1,train
img9703246808_jpg__3.jpg,img9703246808,train,unknown,d0-2,1,1,train
image_542_jpg.jpg,image,train,indoor,d3-5,5,3,train
image_542_jpg__2.jpg,image,train,indoor,d3-5,5,2,train
5760_jpg.jpg,5760,train,unknown,d10+,16,2,train
Day_02191732_Right_Back_Cut1_00131_jpg.jpg,Day_02191732_Right_Back_Cut1,train,outdoor,d6-10,6,2,train
Day_02191732_Right_Back_Cut1_00131_jpg__2.jpg,Day_02191732_Right_Back_Cut1,train,outdoor,d6-10,6,1,train
image_911_jpg.jpg,image,train,indoor,d3-5,5,3,train
CAM35-25-08-2022__07-03-30PMgt_jpg__2.jpg,CAM35-25-08-2022__07-03-30PMgt,train,unknown,d0-2,1,2,train
Day_07141436_Right_Back_Cut1_00158_jpg.jpg,Day_07141436_Right_Back_Cut1,train,outdoor,d6-10,3,1,train
Day_07141436_Right_Back_Cut1_00158_jpg__2.jpg,Day_07141436_Right_Back_Cut1,train,outdoor,d6-10,3,2,valid
image_742_jpg.jpg,image,train,indoor,d3-5,6,1,train
image_742_jpg__2.jpg,image,train,indoor,d3-5,6,1,valid
SeieeDept-019_00407_jpg.jpg,SeieeDept-019,train,outdoor,d0-2,2,2,train
SeieeDept-019_00407_jpg__2.jpg,SeieeDept-019,train,outdoor,d0-2,2,2,valid
image_752_jpg.jpg,image,train,indoor,d3-5,5,2,train
image_584_jpg.jpg,image,train,indoor,d3-5,5,1,train
output_mp4-179_jpg.jpg,output_mp4,val,indoor,d0-2,1,2,train
output_mp4-179_jpg__2.jpg,output_mp4,val,indoor,d0-2,1,3,train
CAM44-23-08-2022__05-28-37PMgt_jpg.jpg,CAM44-23-08-2022__05-28-37PMgt,train,unknown,d3-5,5,4,train
output_mp4-179_jpg__3.jpg,output_mp4,val,indoor,d0-2,1,3,train
output_mp4-179_jpg__4.jpg,output_mp4,val,indoor,d0-2,1,2,valid
output_mp4-179_jpg__5.jpg,output_mp4,val,indoor,d0-2,1,4,test
output_mp4-179_jpg__6.jpg,output_mp4,val,indoor,d0-2,1,1,valid
image_922_jpg.jpg,image,train,indoor,d3-5,3,1,train
image_922_jpg__2.jpg,image,train,indoor,d3-5,3,2,train
Day_02191732_Right_Back_Cut1_00301_jpg.jpg,Day_02191732_Right_Back_Cut1,train,outdoor,d6-10,7,1,train
Day_02191732_Right_Back_Cut1_00301_jpg__2.jpg,Day_02191732_Right_Back_Cut1,train,outdoor,d6-10,7,3,train
image_235_jpg.jpg,image,train,indoor,d3-5,4,1,train
image_235_jpg__2.jpg,image,train,indoor,d3-5,4,1,train
Day_06101541_Right_Back_2_Cut1_00310_jpg.jpg,Day_06101541_Right_Back_2_Cut1,train,outdoor,d6-10,5,2,train
SeieeDept-021_00873_jpg.jpg,SeieeDept-021,train,outdoor,d0-2,1,3,train
image_83_jpg.jpg,image_83,train,indoor,d6-10,6,2,train
image_83_jpg__2.jpg,image_83,train,indoor,d6-10,6,1,train
Day_07141436_Right_Back_Cut1_01558_jpg.jpg,Day_07141436_Right_Back_Cut1,train,outdoor,d6-10,12,3,test
image_32_jpg.jpg,image_32,train,indoor,d0-2,2,7,test
Day_2102191709_N_Right_Back_Cut1_00029_jpg.jpg,Day_2102191709_N_Right_Back_Cut1,train,outdoor,d6-10,9,2,train
SeieeDept-033_00937_jpg.jpg,SeieeDept-033,train,outdoor,d0-2,1,3,train
img965796360232_jpg.jpg,img965796360232,train,unknown,d6-10,7,2,test
img965796360232_jpg__2.jpg,img965796360232,train,unknown,d6-10,7,2,train
01-08-2022__12-42-04PM_jpg.jpg,01-08-2022__12-42-04PM,test,indoor,d0-2,2,1,train
Day_06101541_Right_Back_2_Cut1_00310_jpg__2.jpg,Day_06101541_Right_Back_2_Cut1,train,outdoor,d6-10,5,1,valid
01-08-2022__12-42-04PM_jpg__2.jpg,01-08-2022__12-42-04PM,test,indoor,d0-2,2,1,train
Day_07141436_Right_Back_Cut1_00808_jpg.jpg,Day_07141436_Right_Back_Cut1,train,outdoor,d6-10,9,3,train
01-08-2022__11-38-50AM_jpg.jpg,01-08-2022__11-38-50AM,train,indoor,d0-2,1,2,valid
01-08-2022__11-38-50AM_jpg__2.jpg,01-08-2022__11-38-50AM,train,indoor,d0-2,1,2,valid
01-08-2022__02-43-21PM_jpg.jpg,01-08-2022__02-43-21PM,test,indoor,d0-2,2,2,valid
CAM35-23-08-2022__05-28-36PMgt_jpg.jpg,CAM35-23-08-2022__05-28-36PMgt,train,unknown,d3-5,5,1,train
image_19_jpg.jpg,image_19,test,indoor,d3-5,3,1,train
img9736026844_jpg.jpg,img9736026844,train,unknown,d3-5,5,2,train
image_192_jpg.jpg,image,train,indoor,d3-5,7,3,train
image_192_jpg__2.jpg,image,train,indoor,d3-5,7,1,valid
Day_02191732_Right_Back_Cut1_00361_jpg.jpg,Day_02191732_Right_Back_Cut1,train,outdoor,d6-10,7,2,train
SeieeDept-037_00161_jpg.jpg,SeieeDept-037,train,outdoor,d0-2,1,3,train
CAM39-23-08-2022__03-32-10PMgt_jpg.jpg,CAM39-23-08-2022__03-32-10PMgt,train,unknown,d0-2,1,1,train
Day_07141436_Right_Back_Cut1_00048_jpg.jpg,Day_07141436_Right_Back_Cut1,train,outdoor,d6-10,2,3,train
image_459_jpg.jpg,image,train,indoor,d3-5,4,1,train
image_459_jpg__2.jpg,image,train,indoor,d3-5,4,1,train
CAM18-26-08-2022__05-14-45PMgt_jpg.jpg,CAM18-26-08-2022__05-14-45PMgt,train,unknown,d0-2,1,2,train
01-08-2022__04-09-50PM_jpg.jpg,01-08-2022__04-09-50PM,val,indoor,d3-5,3,3,train
01-08-2022__04-09-50PM_jpg__2.jpg,01-08-2022__04-09-50PM,val,indoor,d3-5,4,3,train
BridgeEntrance-004_00333_jpg.jpg,BridgeEntrance-004,train,outdoor,d0-2,1,1,train
BridgeEntrance-004_00333_jpg__2.jpg,BridgeEntrance-004,train,outdoor,d0-2,1,1,train
image_614_jpg.jpg,image,train,indoor,d3-5,1,2,train
BridgeEntrance-008_00221_jpg.jpg,BridgeEntrance-008,train,outdoor,d3-5,1,2,train
Day_2102191709_N_Right_Back_2_Cut1_00711_jpg.jpg,Day_2102191709_N_Right_Back_2_Cut1,test,outdoor,d6-10,6,2,train
Day_2102191709_N_Right_Back_2_Cut1_00711_jpg__2.jpg,Day_2102191709_N_Right_Back_2_Cut1,test,outdoor,d6-10,6,1,train
img965796424218_jpg.jpg,img965796424218,val,unknown,d3-5,3,8,valid
01-08-2022__01-31-27PM_jpg.jpg,01-08-2022__01-31-27PM,train,indoor,d0-2,1,2,train
01-08-2022__01-31-27PM_jpg__2.jpg,01-08-2022__01-31-27PM,train,indoor,d0-2,1,1,train
SeieeDept-015_00422_jpg.jpg,SeieeDept-015,train,outdoor,d0-2,2,3,train
00766_jpg.jpg,00766,train,unknown,d0-2,1,1,train
040840_44_302773_jpg.jpg,040840_44,train,semi,d0-2,1,3,train
040840_44_302773_jpg__2.jpg,040840_44,train,semi,d0-2,1,1,valid
image_614_jpg__2.jpg,image,train,indoor,d3-5,1,2,train
image_801_jpg.jpg,image,train,indoor,d3-5,5,2,train
image_801_jpg__2.jpg,image,train,indoor,d3-5,5,1,train
image_281_jpg.jpg,image,train,indoor,d3-5,5,3,train
CAM14-15-09-2022__05-50-10PMgt_jpg.jpg,CAM14-15-09-2022__05-50-10PMgt,train,unknown,d3-5,5,1,train
CAM14-15-09-2022__05-50-10PMgt_jpg__2.jpg,CAM14-15-09-2022__05-50-10PMgt,train,unknown,d3-5,5,1,test
CAM37-23-08-2022__03-32-09PMgt_jpg.jpg,CAM37-23-08-2022__03-32-09PMgt,train,unknown,d0-2,2,2,train
CAM37-23-08-2022__03-32-09PMgt_jpg__2.jpg,CAM37-23-08-2022__03-32-09PMgt,train,unknown,d0-2,2,1,test
01-08-2022__01-53-01PM_jpg.jpg,01-08-2022__01-53-01PM,train,indoor,d0-2,2,2,train
01-08-2022__01-53-01PM_jpg__2.jpg,01-08-2022__01-53-01PM,train,indoor,d0-2,2,2,train
BridgeEntrance-004_00318_jpg.jpg,BridgeEntrance-004,train,outdoor,d0-2,2,4,train
img970324145181_jpg.jpg,img970324145181,train,unknown,d3-5,5,2,train
CAM20-23-08-2022__03-32-07PMgt_jpg.jpg,CAM20-23-08-2022__03-32-07PMgt,train,unknown,d0-2,1,3,train
Day_02191732_Right_Back_Cut1_00481_jpg.jpg,Day_02191732_Right_Back_Cut1,train,outdoor,d6-10,7,3,train
Day_02191732_Right_Back_Cut1_00481_jpg__2.jpg,Day_02191732_Right_Back_Cut1,train,outdoor,d6-10,7,1,valid
01-08-2022__01-37-08PM_jpg.jpg,01-08-2022__01-37-08PM,train,indoor,d3-5,3,3,train
image_162_jpg.jpg,image,train,indoor,d3-5,5,3,train
image_162_jpg__2.jpg,image,train,indoor,d3-5,5,1,valid
Day_2102191726_P_Right_Back_Cut1_00336_jpg.jpg,Day_2102191726_P_Right_Back_Cut1,train,outdoor,d3-5,5,1,train
Day_2102191726_P_Right_Back_Cut1_00336_jpg__2.jpg,Day_2102191726_P_Right_Back_Cut1,train,outdoor,d3-5,5,1,train
img97360295254_jpg.jpg,img97360295254,train,unknown,d0-2,1,2,train
img97360295254_jpg__2.jpg,img97360295254,train,unknown,d0-2,1,1,train
01-08-2022__12-48-28PM_jpg.jpg,01-08-2022__12-48-28PM,train,indoor,d6-10,7,2,train
518f909f-4ec2-476a-b15d-dd61bb230489_jpg.jpg,518f909f-4ec2-476a-b15d-dd61bb230489,train,unknown,d0-2,1,2,train
image_361_jpg.jpg,image,train,indoor,d3-5,5,3,valid
image_361_jpg__2.jpg,image,train,indoor,d3-5,5,2,train
01-08-2022__09-18-56AM_jpg.jpg,01-08-2022__09-18-56AM,train,indoor,d0-2,2,2,train
01-08-2022__09-18-56AM_jpg__2.jpg,01-08-2022__09-18-56AM,train,indoor,d0-2,2,3,valid
CrossRoad-001_00176_jpg.jpg,CrossRoad-001,val,outdoor,d0-2,2,1,train
CrossRoad-001_00176_jpg__2.jpg,CrossRoad-001,val,outdoor,d0-2,2,2,train
SeieeDept-024_00894_jpg.jpg,SeieeDept-024,train,outdoor,d3-5,5,2,train
image_345_jpg.jpg,image,train,indoor,d3-5,1,2,train
image_345_jpg__2.jpg,image,train,indoor,d3-5,1,1,train
01-08-2022__12-48-28PM_jpg__2.jpg,01-08-2022__12-48-28PM,train,indoor,d6-10,7,2,test
image_556_jpg.jpg,image,train,indoor,d3-5,1,3,train
Day_202102191756_P_Right_Back_Cut1_00335_jpg.jpg,Day_202102191756_P_Right_Back_Cut1,val,outdoor,d6-10,11,1,train
Day_202102191756_P_Right_Back_Cut1_01085_jpg.jpg,Day_202102191756_P_Right_Back_Cut1,val,outdoor,d6-10,3,1,train
Day_202102191756_P_Right_Back_Cut1_01085_jpg__2.jpg,Day_202102191756_P_Right_Back_Cut1,val,outdoor,d6-10,3,1,train
Day_2102191625_N_Right_Back_Cut1_00244_jpg.jpg,Day_2102191625_N_Right_Back_Cut1,train,outdoor,d0-2,3,4,train
Day_2102191625_N_Right_Back_Cut1_00244_jpg__2.jpg,Day_2102191625_N_Right_Back_Cut1,train,outdoor,d0-2,3,1,train
02001_jpg.jpg,02001,test,unknown,d0-2,1,5,train
image_369_jpg.jpg,image,train,indoor,d3-5,4,3,train
image_369_jpg__2.jpg,image,train,indoor,d3-5,4,3,train
Day_2102191709_N_Right_Back_2_Cut2_00220_jpg.jpg,Day_2102191709_N_Right_Back_2_Cut2,train,outdoor,d6-10,5,4,train
opencv_frame_12410_png_jpg.jpg,opencv_frame,train,indoor,d0-2,1,2,train
CAM38-15-09-2022__05-51-42PMgt_jpg.jpg,CAM38-15-09-2022__05-51-42PMgt,train,unknown,d3-5,3,4,train
SeieeDept-023_00580_jpg.jpg,SeieeDept-023,val,outdoor,d3-5,3,1,train
SeieeDept-023_00580_jpg__2.jpg,SeieeDept-023,val,outdoor,d3-5,3,4,train
image_794_jpg.jpg,image,train,indoor,d3-5,5,1,train
Day_202102191756_P_Right_Back_Cut1_00225_jpg.jpg,Day_202102191756_P_Right_Back_Cut1,val,outdoor,d6-10,6,2,test
Day_202102191756_P_Right_Back_Cut1_00225_jpg__2.jpg,Day_202102191756_P_Right_Back_Cut1,val,outdoor,d6-10,6,2,train
image_220_jpg.jpg,image,train,indoor,d3-5,4,1,train
image_220_jpg__2.jpg,image,train,indoor,d3-5,4,1,valid
01-08-2022__10-17-58AM_jpg.jpg,01-08-2022__10-17-58AM,test,indoor,d3-5,5,4,train
img973602143165_jpg.jpg,img973602143165,train,unknown,d0-2,1,5,valid
img973602143165_jpg__2.jpg,img973602143165,train,unknown,d0-2,1,4,train
image_497_jpg.jpg,image,train,indoor,d3-5,2,3,train
01-08-2022__01-41-44PM_jpg.jpg,01-08-2022__01-41-44PM,train,indoor,d6-10,7,1,train
01-08-2022__01-41-44PM_jpg__2.jpg,01-08-2022__01-41-44PM,train,indoor,d6-10,7,2,train
image_597_jpg.jpg,image,train,indoor,d3-5,5,2,train
01976_jpg.jpg,01976,train,unknown,d0-2,1,2,train
Day_08051212_Right_Back_Cut1_00073_jpg.jpg,Day_08051212_Right_Back_Cut1,test,outdoor,d0-2,1,2,train
Day_08051212_Right_Back_Cut1_00073_jpg__2.jpg,Day_08051212_Right_Back_Cut1,test,outdoor,d0-2,1,1,train
image_553_jpg.jpg,image,train,indoor,d3-5,5,3,train
01338_jpg.jpg,01338,train,unknown,d0-2,1,1,train
01338_jpg__2.jpg,01338,train,unknown,d0-2,1,1,train
00761_jpg.jpg,00761,train,unknown,d0-2,1,2,train
image_497_jpg__2.jpg,image,train,indoor,d3-5,2,2,test
Day_202102191756_P_Right_Back_Cut1_00615_jpg.jpg,Day_202102191756_P_Right_Back_Cut1,val,outdoor,d6-10,5,3,train
Day_202102191756_P_Right_Back_Cut1_00615_jpg__2.jpg,Day_202102191756_P_Right_Back_Cut1,val,outdoor,d6-10,5,1,train
image_225_jpg.jpg,image,train,indoor,d3-5,5,2,train
image_225_jpg__2.jpg,image,train,indoor,d3-5,5,1,valid
output_mp4-51_jpg.jpg,output_mp4-51,train,indoor,d0-2,2,1,train
output_mp4-51_jpg__2.jpg,output_mp4-51,train,indoor,d0-2,2,1,train
CrossRoad-001_00002_jpg.jpg,CrossRoad-001,val,outdoor,d0-2,2,3,valid
CrossRoad-001_00002_jpg__2.jpg,CrossRoad-001,val,outdoor,d0-2,2,1,train
Day_07141436_Right_Back_Cut1_00988_jpg.jpg,Day_07141436_Right_Back_Cut1,train,outdoor,d6-10,8,1,train
Day_07141436_Right_Back_Cut1_00988_jpg__2.jpg,Day_07141436_Right_Back_Cut1,train,outdoor,d6-10,10,1,train
opencv_frame_10790_png_jpg.jpg,opencv_frame,train,indoor,d0-2,2,4,train
01-08-2022__10-47-49AM_jpg.jpg,01-08-2022__10-47-49AM,val,indoor,d3-5,5,2,train
01-08-2022__10-47-49AM_jpg__2.jpg,01-08-2022__10-47-49AM,val,indoor,d3-5,5,1,valid
040843_16_058476_jpg.jpg,040843_16,train,semi,d0-2,1,1,train
Day_2102191625_N_Right_Back_Cut1_00694_jpg.jpg,Day_2102191625_N_Right_Back_Cut1,train,outdoor,d0-2,4,4,train
Day_202102191756_P_Right_Back_Cut1_00765_jpg.jpg,Day_202102191756_P_Right_Back_Cut1,val,outdoor,d6-10,9,5,test
01-08-2022__12-22-23PM_jpg.jpg,01-08-2022__12-22-23PM,train,indoor,d3-5,5,2,train
Day_07141436_Right_Back_Cut1_01508_jpg.jpg,Day_07141436_Right_Back_Cut1,train,outdoor,d6-10,12,2,train
01-08-2022__10-01-44AM_jpg.jpg,01-08-2022__10-01-44AM,test,indoor,d3-5,4,3,train
01-08-2022__10-01-44AM_jpg__2.jpg,01-08-2022__10-01-44AM,test,indoor,d3-5,4,2,train
img96579647811_jpg.jpg,img96579647811,train,unknown,d6-10,9,2,train
opencv_frame_10790_png_jpg__2.jpg,opencv_frame,train,indoor,d0-2,2,2,train
img96579647811_jpg__2.jpg,img96579647811,train,unknown,d6-10,8,2,train
img96579647811_jpg__3.jpg,img96579647811,train,unknown,d6-10,9,2,train
01-08-2022__10-51-49AM_jpg.jpg,01-08-2022__10-51-49AM,test,indoor,d0-2,2,2,train
img96579624644_jpg.jpg,img96579624644,val,unknown,d3-5,4,2,train
Day_02191732_Right_Back_Cut1_00171_jpg.jpg,Day_02191732_Right_Back_Cut1,train,outdoor,d6-10,7,3,train
img965796182714_jpg.jpg,img965796182714,train,unknown,d0-2,1,2,train
img965796182714_jpg__2.jpg,img965796182714,train,unknown,d0-2,1,1,train
img965796182714_jpg__3.jpg,img965796182714,train,unknown,d0-2,1,1,train
01-08-2022__09-31-17AM_jpg.jpg,01-08-2022__09-31-17AM,train,indoor,d3-5,3,2,train
01-08-2022__09-40-34AM_jpg.jpg,01-08-2022__09-40-34AM,val,indoor,d3-5,3,1,train
01364_jpg.jpg,01364,train,unknown,d0-2,1,2,train
image_719_jpg.jpg,image,train,indoor,d3-5,5,2,train
image_719_jpg__2.jpg,image,train,indoor,d3-5,5,2,train
img97032417351_jpg.jpg,img97032417351,train,unknown,d0-2,1,1,train
image_145_jpg.jpg,image,train,indoor,d3-5,6,2,train
image_145_jpg__2.jpg,image,train,indoor,d3-5,6,2,valid
Day_2102191709_N_Right_Back_2_Cut1_00421_jpg.jpg,Day_2102191709_N_Right_Back_2_Cut1,test,outdoor,d6-10,4,1,train
Day_2102191625_N_Right_Back_Cut1_00854_jpg.jpg,Day_2102191625_N_Right_Back_Cut1,train,outdoor,d0-2,2,2,train
Day_2102191625_N_Right_Back_Cut1_00854_jpg__2.jpg,Day_2102191625_N_Right_Back_Cut1,train,outdoor,d0-2,2,3,train
01965_jpg.jpg,01965,train,unknown,d0-2,1,1,train
01-08-2022__09-37-27AM_jpg.jpg,01-08-2022__09-37-27AM,test,indoor,d0-2,2,3,valid
01364_jpg__2.jpg,01364,train,unknown,d0-2,1,1,train
01-08-2022__09-37-27AM_jpg__2.jpg,01-08-2022__09-37-27AM,test,indoor,d0-2,2,1,test
Day_2102191726_P_Right_Back_Cut1_00556_jpg.jpg,Day_2102191726_P_Right_Back_Cut1,train,outdoor,d3-5,3,2,train
img9736027891_jpg.jpg,img9736027891,train,unknown,d6-10,6,1,train
01-08-2022__01-08-53PM_jpg.jpg,01-08-2022__01-08-53PM,train,indoor,d6-10,7,4,test
01-08-2022__01-08-53PM_jpg__2.jpg,01-08-2022__01-08-53PM,train,indoor,d6-10,7,1,train
01-08-2022__12-09-59PM_jpg.jpg,01-08-2022__12-09-59PM,test,indoor,d3-5,4,1,train
01-08-2022__12-09-59PM_jpg__2.jpg,01-08-2022__12-09-59PM,test,indoor,d3-5,4,1,test
SeieeDept-024_00209_jpg.jpg,SeieeDept-024,train,outdoor,d3-5,7,4,train
SeieeDept-024_00209_jpg__2.jpg,SeieeDept-024,train,outdoor,d3-5,7,1,train
Day_2102191726_P_Right_Back_Cut1_00256_jpg.jpg,Day_2102191726_P_Right_Back_Cut1,train,outdoor,d3-5,10,3,train
BridgeEntrance-001_00297_jpg.jpg,BridgeEntrance-001,train,outdoor,d0-2,1,2,train
01-08-2022__09-52-59AM_jpg.jpg,01-08-2022__09-52-59AM,train,indoor,d0-2,2,1,train
01-08-2022__09-52-59AM_jpg__2.jpg,01-08-2022__09-52-59AM,train,indoor,d0-2,2,2,valid
Day_07141436_Right_Back_Cut1_00488_jpg.jpg,Day_07141436_Right_Back_Cut1,train,outdoor,d6-10,4,2,valid
SJTU_SEIEE-182_330-01961_jpg.jpg,SJTU_SEIEE-182_330,train,unknown,d3-5,6,1,train
01-08-2022__03-35-25PM_jpg.jpg,01-08-2022__03-35-25PM,train,indoor,d3-5,3,3,valid
01-08-2022__10-29-15AM_jpg.jpg,01-08-2022__10-29-15AM,train,indoor,d0-2,2,1,train
01-08-2022__10-29-15AM_jpg__2.jpg,01-08-2022__10-29-15AM,train,indoor,d0-2,2,2,valid
image_887_jpg.jpg,image,train,indoor,d3-5,1,2,train
image_887_jpg__2.jpg,image,train,indoor,d3-5,2,2,train
CAM44-15-09-2022__09-53-14AMgt_jpg.jpg,CAM44-15-09-2022__09-53-14AMgt,train,unknown,d3-5,5,2,train
BridgeEntrance-001_00297_jpg__2.jpg,BridgeEntrance-001,train,outdoor,d0-2,1,3,train
Day_2102191625_N_Right_Back_Cut1_00214_jpg.jpg,Day_2102191625_N_Right_Back_Cut1,train,outdoor,d0-2,2,2,valid
Day_2102191625_N_Right_Back_Cut1_00214_jpg__2.jpg,Day_2102191625_N_Right_Back_Cut1,train,outdoor,d0-2,2,1,train
Day_02191732_Right_Back_Cut1_00571_jpg.jpg,Day_02191732_Right_Back_Cut1,train,outdoor,d6-10,7,4,test
Day_02191732_Right_Back_Cut1_00571_jpg__2.jpg,Day_02191732_Right_Back_Cut1,train,outdoor,d6-10,7,1,test
SeieeDept-015_00273_jpg.jpg,SeieeDept-015,train,outdoor,d0-2,1,3,valid
01-08-2022__03-27-44PM_jpg.jpg,01-08-2022__03-27-44PM,train,indoor,d0-2,2,2,train
01-08-2022__03-27-44PM_jpg__2.jpg,01-08-2022__03-27-44PM,train,indoor,d0-2,2,3,test
CAM33-15-09-2022__09-51-43AMgt_jpg.jpg,CAM33-15-09-2022__09-51-43AMgt,train,unknown,d3-5,3,1,train
CAM33-15-09-2022__09-51-43AMgt_jpg__2.jpg,CAM33-15-09-2022__09-51-43AMgt,train,unknown,d3-5,3,1,train
image_222_jpg.jpg,image,train,indoor,d3-5,3,1,train
CAM11-26-08-2022__05-13-13PMgt_jpg.jpg,CAM11-26-08-2022__05-13-13PMgt,test,unknown,d0-2,1,3,train
img973602105378_jpg.jpg,img973602105378,train,unknown,d0-2,1,3,test
img973602105378_jpg__2.jpg,img973602105378,train,unknown,d0-2,1,1,train
Day_2102191726_P_Right_Back_Cut1_00196_jpg.jpg,Day_2102191726_P_Right_Back_Cut1,train,outdoor,d3-5,3,4,train
Day_2102191726_P_Right_Back_Cut1_00196_jpg__2.jpg,Day_2102191726_P_Right_Back_Cut1,train,outdoor,d3-5,3,1,train
CAM12-23-08-2022__05-27-03PMgt_jpg.jpg,CAM12-23-08-2022__05-27-03PMgt,train,unknown,d3-5,5,3,test
Day_06101541_Right_Back_2_Cut1_00600_jpg.jpg,Day_06101541_Right_Back_2_Cut1,train,outdoor,d6-10,10,2,valid
3_PNG_jpg__4.jpg,3_PNG,test,unknown,d0-2,2,3,train
01-08-2022__01-27-53PM_jpg.jpg,01-08-2022__01-27-53PM,train,indoor,d6-10,7,2,train
image_786_jpg.jpg,image,train,indoor,d3-5,2,1,train
CAM29-25-08-2022__07-03-29PMgt_jpg.jpg,CAM29-25-08-2022__07-03-29PMgt,train,unknown,d0-2,1,2,train
CAM11-26-08-2022__05-13-13PMgt_jpg__2.jpg,CAM11-26-08-2022__05-13-13PMgt,test,unknown,d0-2,1,1,test
72aa34fb-7312-4716-82e0-a67ea6567ed4_jpg.jpg,72aa34fb-7312-4716-82e0-a67ea6567ed4,train,unknown,d3-5,4,2,train
72aa34fb-7312-4716-82e0-a67ea6567ed4_jpg__2.jpg,72aa34fb-7312-4716-82e0-a67ea6567ed4,train,unknown,d3-5,4,1,valid
01-08-2022__03-31-44PM_jpg.jpg,01-08-2022__03-31-44PM,test,indoor,d3-5,4,2,valid
01-08-2022__03-31-44PM_jpg__2.jpg,01-08-2022__03-31-44PM,test,indoor,d3-5,4,1,test
Day_2102191709_N_Right_Back_2_Cut1_00751_jpg.jpg,Day_2102191709_N_Right_Back_2_Cut1,test,outdoor,d6-10,7,1,train
Day_2102191709_N_Right_Back_2_Cut2_00410_jpg.jpg,Day_2102191709_N_Right_Back_2_Cut2,train,outdoor,d6-10,7,4,valid
01-08-2022__09-46-51AM_jpg.jpg,01-08-2022__09-46-51AM,train,indoor,d3-5,3,3,train
01-08-2022__04-04-03PM_jpg.jpg,01-08-2022__04-04-03PM,train,indoor,d0-2,2,2,train
01-08-2022__04-04-03PM_jpg__2.jpg,01-08-2022__04-04-03PM,train,indoor,d0-2,2,1,train
SeieeDept-024_00716_jpg.jpg,SeieeDept-024,train,outdoor,d3-5,2,3,valid
img97032494791_jpg.jpg,img97032494791,train,unknown,d3-5,3,2,valid
SeieeDept-024_00716_jpg__2.jpg,SeieeDept-024,train,outdoor,d3-5,2,1,train
7200_jpg.jpg,7200,train,unknown,d10+,14,2,train
CrossRoad-001_00134_jpg.jpg,CrossRoad-001,val,outdoor,d0-2,3,1,train
opencv_frame_20110_png_jpg.jpg,opencv_frame,train,indoor,d0-2,1,4,test
opencv_frame_20110_png_jpg__2.jpg,opencv_frame,train,indoor,d0-2,1,3,train
image_869_jpg.jpg,image,train,indoor,d3-5,4,2,train
01-08-2022__02-18-01PM_jpg.jpg,01-08-2022__02-18-01PM,train,indoor,d0-2,2,4,train
01-08-2022__02-18-01PM_jpg__2.jpg,01-08-2022__02-18-01PM,train,indoor,d0-2,2,1,valid
01-08-2022__09-54-33AM_jpg.jpg,01-08-2022__09-54-33AM,val,indoor,d3-5,4,1,train
01-08-2022__09-54-33AM_jpg__2.jpg,01-08-2022__09-54-33AM,val,indoor,d3-5,4,2,train
img97032494791_jpg__2.jpg,img97032494791,train,unknown,d3-5,3,1,test
01-08-2022__03-19-30PM_jpg.jpg,01-08-2022__03-19-30PM,val,indoor,d3-5,4,1,train
01-08-2022__03-19-30PM_jpg__2.jpg,01-08-2022__03-19-30PM,val,indoor,d3-5,4,1,test
image_697_jpg.jpg,image,train,indoor,d3-5,3,2,train
BridgeEntrance-001_00235_jpg.jpg,BridgeEntrance-001,train,outdoor,d0-2,1,1,train
BridgeEntrance-001_00235_jpg__2.jpg,BridgeEntrance-001,train,outdoor,d0-2,1,3,train
01-08-2022__11-03-52AM_jpg.jpg,01-08-2022__11-03-52AM,train,indoor,d0-2,2,2,train
img96579619077_jpg.jpg,img96579619077,train,unknown,d6-10,7,1,train
img96579619077_jpg__2.jpg,img96579619077,train,unknown,d6-10,7,1,valid
01-08-2022__09-53-02AM_jpg.jpg,01-08-2022__09-53-02AM,train,indoor,d3-5,3,2,train
00489_jpg.jpg,00489,train,unknown,d0-2,2,4,train
Day_2102191709_N_Right_Back_2_Cut1_00061_jpg.jpg,Day_2102191709_N_Right_Back_2_Cut1,test,outdoor,d6-10,6,3,train
CAM28-23-08-2022__05-28-35PMgt_jpg.jpg,CAM28-23-08-2022__05-28-35PMgt,test,unknown,d3-5,3,2,train
00355_jpg.jpg,00355,train,unknown,d0-2,2,3,train
image_707_jpg.jpg,image,train,indoor,d3-5,6,1,train
image_707_jpg__2.jpg,image,train,indoor,d3-5,6,1,train
Road-006_00142_jpg.jpg,Road-006,train,outdoor,d0-2,1,2,valid
Road-006_00142_jpg__2.jpg,Road-006,train,outdoor,d0-2,1,2,train
img97032479171_jpg.jpg,img97032479171,train,unknown,d0-2,2,2,train
img97032479171_jpg__2.jpg,img97032479171,train,unknown,d0-2,2,1,valid
01-08-2022__11-01-42AM_jpg.jpg,01-08-2022__11-01-42AM,train,indoor,d0-2,2,3,train
Day_2102191709_N_Right_Back_2_Cut1_00401_jpg.jpg,Day_2102191709_N_Right_Back_2_Cut1,test,outdoor,d6-10,5,3,valid
Day_2102191709_N_Right_Back_2_Cut1_00061_jpg__2.jpg,Day_2102191709_N_Right_Back_2_Cut1,test,outdoor,d6-10,6,4,test
Day_2102191709_N_Right_Back_2_Cut1_00401_jpg__2.jpg,Day_2102191709_N_Right_Back_2_Cut1,test,outdoor,d6-10,5,2,train
01005_jpg.jpg,01005,train,unknown,d0-2,1,1,train
image_678_jpg.jpg,image,train,indoor,d3-5,1,2,train
image_678_jpg__2.jpg,image,train,indoor,d3-5,1,1,test
SeieeDept-023_00603_jpg.jpg,SeieeDept-023,val,outdoor,d3-5,1,2,train
SeieeDept-023_00603_jpg__2.jpg,SeieeDept-023,val,outdoor,d3-5,1,3,train
Day_02191732_Right_Back_Cut1_00321_jpg.jpg,Day_02191732_Right_Back_Cut1,train,outdoor,d6-10,6,1,train
Day_02191732_Right_Back_Cut1_00321_jpg__2.jpg,Day_02191732_Right_Back_Cut1,train,outdoor,d6-10,7,1,valid
img9736028983_jpg.jpg,img9736028983,train,unknown,d6-10,7,1,train
img9736028983_jpg__2.jpg,img9736028983,train,unknown,d6-10,6,1,test
Day_07141436_Right_Back_Cut1_01578_jpg.jpg,Day_07141436_Right_Back_Cut1,train,outdoor,d6-10,12,5,train
01-08-2022__01-59-13PM_jpg.jpg,01-08-2022__01-59-13PM,train,indoor,d6-10,6,1,train
01-08-2022__01-59-13PM_jpg__2.jpg,01-08-2022__01-59-13PM,train,indoor,d6-10,6,3,train
image_606_jpg.jpg,image,train,indoor,d3-5,1,2,valid
Day_2102191709_N_Right_Back_2_Cut1_00541_jpg.jpg,Day_2102191709_N_Right_Back_2_Cut1,test,outdoor,d6-10,6,2,train
Day_2102191726_P_Right_Back_Cut1_00326_jpg.jpg,Day_2102191726_P_Right_Back_Cut1,train,outdoor,d3-5,4,3,train
Day_202102191756_P_Right_Back_Cut1_01005_jpg.jpg,Day_202102191756_P_Right_Back_Cut1,val,outdoor,d6-10,4,1,train
Day_2102191709_N_Right_Back_2_Cut1_00651_jpg.jpg,Day_2102191709_N_Right_Back_2_Cut1,test,outdoor,d6-10,5,3,train
d4f9a4e3-5304-417c-b8a0-2d049841e9cd_jpg.jpg,d4f9a4e3-5304-417c-b8a0-2d049841e9cd,train,unknown,d0-2,2,2,train
Day_202102191756_P_Right_Back_Cut1_00505_jpg.jpg,Day_202102191756_P_Right_Back_Cut1,val,outdoor,d6-10,8,3,train
CAM28-26-08-2022__05-14-46PMgt_jpg.jpg,CAM28-26-08-2022__05-14-46PMgt,train,unknown,d0-2,1,1,train
Day_07141436_Right_Back_Cut1_01578_jpg__2.jpg,Day_07141436_Right_Back_Cut1,train,outdoor,d6-10,12,3,train
CAM28-26-08-2022__05-14-46PMgt_jpg__2.jpg,CAM28-26-08-2022__05-14-46PMgt,train,unknown,d0-2,1,3,train
img965796222779_jpg.jpg,img965796222779,val,unknown,d6-10,7,2,train
img965796222779_jpg__2.jpg,img965796222779,val,unknown,d6-10,7,2,train
00852_jpg.jpg,00852,train,unknown,d0-2,1,1,train
Day_07141436_Right_Back_Cut1_01128_jpg.jpg,Day_07141436_Right_Back_Cut1,train,outdoor,d6-10,10,1,train
02098_jpg.jpg,02098,test,unknown,d0-2,1,2,test
02098_jpg__2.jpg,02098,test,unknown,d0-2,1,2,valid
01-08-2022__04-27-28PM_jpg.jpg,01-08-2022__04-27-28PM,train,indoor,d6-10,7,2,train
01-08-2022__04-27-28PM_jpg__2.jpg,01-08-2022__04-27-28PM,train,indoor,d6-10,7,3,train
image_232_jpg.jpg,image,train,indoor,d3-5,4,2,valid
image_782_jpg.jpg,image,train,indoor,d3-5,1,2,valid
image_468_jpg.jpg,image,train,indoor,d3-5,3,3,valid
image_468_jpg__2.jpg,image,train,indoor,d3-5,3,1,test
image_265_jpg.jpg,image,train,indoor,d3-5,2,2,train
02017_jpg.jpg,02017,train,unknown,d0-2,1,3,train
00715_jpg.jpg,00715,train,unknown,d0-2,1,2,train
00715_jpg__2.jpg,00715,train,unknown,d0-2,1,2,test
Road-001_00009_jpg.jpg,Road-001,train,outdoor,d3-5,1,5,valid
img970324152193_jpg.jpg,img970324152193,train,unknown,d0-2,1,2,valid
01889_jpg.jpg,01889,train,unknown,d0-2,1,2,train
Day_2102191625_N_Right_Back_Cut1_00744_jpg.jpg,Day_2102191625_N_Right_Back_Cut1,train,outdoor,d0-2,2,3,train
image_782_jpg__2.jpg,image,train,indoor,d3-5,1,1,train
Day_2102191625_N_Right_Back_Cut1_00744_jpg__2.jpg,Day_2102191625_N_Right_Back_Cut1,train,outdoor,d0-2,2,1,train
Day_2102191625_N_Right_Back_Cut1_00654_jpg.jpg,Day_2102191625_N_Right_Back_Cut1,train,outdoor,d0-2,2,1,train
image02600_jpg.jpg,image02600,train,indoor,d10+,25,2,train
image02600_jpg__2.jpg,image02600,train,indoor,d10+,26,1,train
Day_2102191625_N_Right_Back_Cut1_00394_jpg.jpg,Day_2102191625_N_Right_Back_Cut1,train,outdoor,d0-2,1,3,train
040840_58_864250_jpg.jpg,040840_58,train,semi,d0-2,1,1,train
image_333_jpg.jpg,image,train,indoor,d3-5,5,2,valid
01-08-2022__03-49-01PM_jpg.jpg,01-08-2022__03-49-01PM,train,indoor,d0-2,1,2,train
Day_06101541_Right_Back_2_Cut1_00130_jpg.jpg,Day_06101541_Right_Back_2_Cut1,train,outdoor,d6-10,2,2,train
Day_06101541_Right_Back_2_Cut1_00130_jpg__2.jpg,Day_06101541_Right_Back_2_Cut1,train,outdoor,d6-10,2,2,train
Day_02191732_Right_Back_Cut1_00581_jpg.jpg,Day_02191732_Right_Back_Cut1,train,outdoor,d6-10,7,2,train
image_198_jpg.jpg,image,train,indoor,d3-5,5,3,train
SJTU_SEIEE-182_330-01999_jpg.jpg,SJTU_SEIEE-182_330,train,unknown,d3-5,6,1,train
SJTU_SEIEE-182_330-01999_jpg__2.jpg,SJTU_SEIEE-182_330,train,unknown,d3-5,6,1,valid
01-08-2022__01-36-47PM_jpg.jpg,01-08-2022__01-36-47PM,test,indoor,d0-2,2,2,train
Day_2102191709_N_Right_Back_2_Cut1_00671_jpg.jpg,Day_2102191709_N_Right_Back_2_Cut1,test,outdoor,d6-10,5,1,train
Day_2102191726_P_Right_Back_Cut1_00566_jpg.jpg,Day_2102191726_P_Right_Back_Cut1,train,outdoor,d3-5,4,2,train
SeieeDept-034_00926_jpg.jpg,SeieeDept-034,train,outdoor,d0-2,1,2,train
SeieeDept-034_00926_jpg__2.jpg,SeieeDept-034,train,outdoor,d0-2,1,1,valid
Day_2102191709_N_Right_Back_2_Cut2_00070_jpg.jpg,Day_2102191709_N_Right_Back_2_Cut2,train,outdoor,d6-10,6,2,train
01-08-2022__11-27-01AM_jpg.jpg,01-08-2022__11-27-01AM,val,indoor,d3-5,3,2,test
01-08-2022__03-29-17PM_jpg.jpg,01-08-2022__03-29-17PM,val,indoor,d3-5,4,1,train
01-08-2022__11-27-01AM_jpg__2.jpg,01-08-2022__11-27-01AM,val,indoor,d3-5,3,1,valid
BridgeEntrance-006_00204_jpg.jpg,BridgeEntrance-006,test,outdoor,d3-5,5,1,train
BridgeEntrance-006_00204_jpg__2.jpg,BridgeEntrance-006,test,outdoor,d3-5,5,1,valid
01-08-2022__11-15-40AM_jpg.jpg,01-08-2022__11-15-40AM,test,indoor,d3-5,3,1,train
01-08-2022__11-15-40AM_jpg__2.jpg,01-08-2022__11-15-40AM,test,indoor,d3-5,3,1,valid
Youths_jpg.jpg,Youths,train,unknown,d3-5,3,2,test
img965796363343_jpg.jpg,img965796363343,train,unknown,d0-2,2,4,train
img965796363343_jpg__2.jpg,img965796363343,train,unknown,d0-2,2,3,train
CAM46-23-08-2022__03-32-10PMgt_jpg.jpg,CAM46-23-08-2022__03-32-10PMgt,train,unknown,d0-2,2,1,train
CAM46-23-08-2022__03-32-10PMgt_jpg__2.jpg,CAM46-23-08-2022__03-32-10PMgt,train,unknown,d0-2,2,2,train
01-08-2022__03-29-17PM_jpg__2.jpg,01-08-2022__03-29-17PM,val,indoor,d3-5,4,1,test
Day_2102191709_N_Right_Back_2_Cut2_00370_jpg.jpg,Day_2102191709_N_Right_Back_2_Cut2,train,outdoor,d6-10,8,3,valid
040840_46_443248_jpg.jpg,040840_46,train,semi,d0-2,1,2,train
img965796425853_jpg.jpg,img965796425853,train,unknown,d3-5,3,1,train
img965796425853_jpg__2.jpg,img965796425853,train,unknown,d3-5,3,2,train
CAM37-23-08-2022__05-28-36PMgt_jpg.jpg,CAM37-23-08-2022__05-28-36PMgt,train,unknown,d0-2,2,2,valid
BridgeEntrance-005_00074_jpg.jpg,BridgeEntrance-005,train,outdoor,d3-5,3,4,valid
image_546_jpg.jpg,image,train,indoor,d3-5,5,2,train
SJTU_SEIEE-182_330-02926_jpg.jpg,SJTU_SEIEE-182_330,train,unknown,d3-5,3,3,train
01-08-2022__10-51-47AM_jpg.jpg,01-08-2022__10-51-47AM,train,indoor,d0-2,1,2,train
01-08-2022__10-51-47AM_jpg__2.jpg,01-08-2022__10-51-47AM,train,indoor,d0-2,1,1,valid
00885_jpg.jpg,00885,train,unknown,d0-2,1,4,valid
00793_jpg.jpg,00793,train,unknown,d0-2,1,1,train
00793_jpg__2.jpg,00793,train,unknown,d0-2,1,1,train
Day_202102191756_P_Right_Back_Cut1_00315_jpg.jpg,Day_202102191756_P_Right_Back_Cut1,val,outdoor,d6-10,11,3,train
01-08-2022__02-25-08PM_jpg.jpg,01-08-2022__02-25-08PM,test,indoor,d0-2,1,2,train
SeieeDept-027_00772_jpg.jpg,SeieeDept-027,train,outdoor,d0-2,2,3,train
SeieeDept-027_00772_jpg__2.jpg,SeieeDept-027,train,outdoor,d0-2,2,1,train
CAM11-23-08-2022__03-30-35PMgt_jpg.jpg,CAM11-23-08-2022__03-30-35PMgt,test,unknown,d3-5,3,2,train
img97360242086_jpg.jpg,img97360242086,train,unknown,d0-2,2,1,train
img965796199038_jpg.jpg,img965796199038,train,unknown,d0-2,1,3,valid
img965796199038_jpg__2.jpg,img965796199038,train,unknown,d0-2,1,1,train
00491_jpg.jpg,00491,train,unknown,d0-2,2,1,train
Day_2102191709_N_Right_Back_2_Cut1_00461_jpg.jpg,Day_2102191709_N_Right_Back_2_Cut1,test,outdoor,d6-10,4,4,train
Day_2102191709_N_Right_Back_2_Cut1_00461_jpg__2.jpg,Day_2102191709_N_Right_Back_2_Cut1,test,outdoor,d6-10,4,1,train
image_69_jpg.jpg,image_69,val,indoor,d6-10,6,1,train
Day_2102191709_N_Right_Back_2_Cut1_00241_jpg.jpg,Day_2102191709_N_Right_Back_2_Cut1,test,outdoor,d6-10,8,4,train
Day_2102191709_N_Right_Back_2_Cut1_00241_jpg__2.jpg,Day_2102191709_N_Right_Back_2_Cut1,test,outdoor,d6-10,8,3,valid
SeieeDept-029_00660_jpg.jpg,SeieeDept-029,train,outdoor,d0-2,1,2,train
SeieeDept-029_00660_jpg__2.jpg,SeieeDept-029,train,outdoor,d0-2,1,1,train
00463_jpg.jpg,00463,train,unknown,d0-2,1,1,train
00463_jpg__2.jpg,00463,train,unknown,d0-2,1,3,valid
8684bfad-03cc-460a-a801-e27c1c35c3b9_jpg.jpg,8684bfad-03cc-460a-a801-e27c1c35c3b9,train,unknown,d0-2,1,2,train
00491_jpg__2.jpg,00491,train,unknown,d0-2,2,2,valid
8684bfad-03cc-460a-a801-e27c1c35c3b9_jpg__2.jpg,8684bfad-03cc-460a-a801-e27c1c35c3b9,train,unknown,d0-2,1,1,train
article-2141711-12FFF682000005DC-540_636x474_jpg.jpg,article-2141711-12FFF682000005DC-540_636x474,train,unknown,d0-2,2,2,train
SeieeDept-030_00683_jpg.jpg,SeieeDept-030,train,outdoor,d0-2,1,3,train
SeieeDept-030_00683_jpg__2.jpg,SeieeDept-030,train,outdoor,d0-2,1,2,valid
CAM27-23-08-2022__05-28-35PMgt_jpg.jpg,CAM27-23-08-2022__05-28-35PMgt,val,unknown,d0-2,1,3,valid
Day_2102191709_N_Right_Back_2_Cut1_00351_jpg.jpg,Day_2102191709_N_Right_Back_2_Cut1,test,outdoor,d6-10,5,1,train
Day_2102191709_N_Right_Back_2_Cut1_00351_jpg__2.jpg,Day_2102191709_N_Right_Back_2_Cut1,test,outdoor,d6-10,5,1,valid
Tottenham-Court-Road-Tube-rescue_jpg.jpg,Tottenham-Court-Road-Tube-rescue,test,unknown,d6-10,8,4,valid
Day_202102191756_P_Right_Back_Cut1_00935_jpg.jpg,Day_202102191756_P_Right_Back_Cut1,val,outdoor,d6-10,5,3,test
Day_202102191756_P_Right_Back_Cut1_00935_jpg__2.jpg,Day_202102191756_P_Right_Back_Cut1,val,outdoor,d6-10,5,1,train
040840_56_333180_jpg.jpg,040840_56,train,semi,d0-2,1,3,valid
CAM12-25-08-2022__07-01-56PMgt_jpg.jpg,CAM12-25-08-2022__07-01-56PMgt,train,unknown,d3-5,4,2,train
CAM32-23-08-2022__05-28-36PMgt_jpg.jpg,CAM32-23-08-2022__05-28-36PMgt,test,unknown,d0-2,1,2,train
CAM32-23-08-2022__05-28-36PMgt_jpg__2.jpg,CAM32-23-08-2022__05-28-36PMgt,test,unknown,d0-2,1,1,train
Day_2102191625_N_Right_Back_Cut1_00204_jpg.jpg,Day_2102191625_N_Right_Back_Cut1,train,outdoor,d0-2,2,2,train
00285_jpg.jpg,00285,train,unknown,d0-2,1,1,train
00285_jpg__2.jpg,00285,train,unknown,d0-2,1,1,train
02085_jpg.jpg,02085,train,unknown,d0-2,1,1,train
02085_jpg__2.jpg,02085,train,unknown,d0-2,1,2,train
00923_jpg.jpg,00923,train,unknown,d0-2,1,6,train
BridgeEntrance-001_00374_jpg.jpg,BridgeEntrance-001,train,outdoor,d0-2,2,2,train
CAM12-23-08-2022__06-31-55PMgt_jpg.jpg,CAM12-23-08-2022__06-31-55PMgt,train,unknown,d0-2,2,5,train
BridgeEntrance-001_00374_jpg__2.jpg,BridgeEntrance-001,train,outdoor,d0-2,2,1,valid
image_599_jpg.jpg,image,train,indoor,d3-5,4,1,train
image_599_jpg__2.jpg,image,train,indoor,d3-5,4,1,train
image_195_jpg.jpg,image,train,indoor,d3-5,8,4,train
image_566_jpg.jpg,image,train,indoor,d3-5,4,2,train
img97032426903_jpg.jpg,img97032426903,test,unknown,d0-2,1,4,train
img97032426903_jpg__2.jpg,img97032426903,test,unknown,d0-2,1,1,train
Day_2102191709_N_Right_Back_2_Cut1_00051_jpg.jpg,Day_2102191709_N_Right_Back_2_Cut1,test,outdoor,d6-10,5,2,test
Day_2102191709_N_Right_Back_2_Cut1_00051_jpg__2.jpg,Day_2102191709_N_Right_Back_2_Cut1,test,outdoor,d6-10,5,2,train
Road-002_00249_jpg.jpg,Road-002,train,outdoor,d3-5,3,1,train
image_859_jpg.jpg,image,train,indoor,d3-5,6,5,train
Road-002_00249_jpg__2.jpg,Road-002,train,outdoor,d3-5,3,2,test
BridgeEntrance-003_00214_jpg.jpg,BridgeEntrance-003,train,outdoor,d0-2,3,1,train
CrossRoad-001_00106_jpg.jpg,CrossRoad-001,val,outdoor,d0-2,2,2,train
CrossRoad-001_00106_jpg__2.jpg,CrossRoad-001,val,outdoor,d0-2,2,1,train
01-08-2022__09-56-05AM_jpg.jpg,01-08-2022__09-56-05AM,train,indoor,d0-2,1,1,train
01-08-2022__09-56-05AM_jpg__2.jpg,01-08-2022__09-56-05AM,train,indoor,d0-2,1,1,test
01-08-2022__02-20-11PM_jpg.jpg,01-08-2022__02-20-11PM,train,indoor,d0-2,2,1,train
01-08-2022__02-20-11PM_jpg__2.jpg,01-08-2022__02-20-11PM,train,indoor,d0-2,2,1,train
SeieeDept-026_00944_jpg.jpg,SeieeDept-026,test,outdoor,d0-2,1,1,train
SeieeDept-026_00944_jpg__2.jpg,SeieeDept-026,test,outdoor,d0-2,1,2,test
image_859_jpg__2.jpg,image,train,indoor,d3-5,6,1,train
01-08-2022__10-48-43AM_jpg.jpg,01-08-2022__10-48-43AM,train,indoor,d0-2,1,1,train
01-08-2022__10-48-43AM_jpg__2.jpg,01-08-2022__10-48-43AM,train,indoor,d0-2,1,3,valid
9d5c1714-6a33-4c95-a346-6d5ebcf205e5_jpg.jpg,9d5c1714-6a33-4c95-a346-6d5ebcf205e5,train,unknown,d3-5,3,4,valid
9d5c1714-6a33-4c95-a346-6d5ebcf205e5_jpg__2.jpg,9d5c1714-6a33-4c95-a346-6d5ebcf205e5,train,unknown,d3-5,3,1,test
Day_202102191756_P_Right_Back_Cut1_00975_jpg.jpg,Day_202102191756_P_Right_Back_Cut1,val,outdoor,d6-10,8,1,train
image_229_jpg.jpg,image,train,indoor,d3-5,1,3,train
image_229_jpg__2.jpg,image,train,indoor,d3-5,1,1,test
Day_07141436_Right_Back_Cut1_00018_jpg.jpg,Day_07141436_Right_Back_Cut1,train,outdoor,d6-10,2,1,train
01-08-2022__02-10-56PM_jpg.jpg,01-08-2022__02-10-56PM,train,indoor,d0-2,1,2,valid
Day_07141436_Right_Back_Cut1_00798_jpg.jpg,Day_07141436_Right_Back_Cut1,train,outdoor,d6-10,6,1,train
Day_08051212_Right_Back_Cut1_00153_jpg.jpg,Day_08051212_Right_Back_Cut1,test,outdoor,d0-2,1,3,train
Day_07141436_Right_Back_Cut1_00798_jpg__2.jpg,Day_07141436_Right_Back_Cut1,train,outdoor,d6-10,9,1,train
image_884_jpg.jpg,image,train,indoor,d3-5,9,2,train
image_884_jpg__2.jpg,image,train,indoor,d3-5,9,1,train
img9657965920_jpg.jpg,img9657965920,train,unknown,d6-10,6,3,test
img9657965920_jpg__2.jpg,img9657965920,train,unknown,d6-10,6,2,train
image_156_jpg.jpg,image,train,indoor,d3-5,5,1,train
01-08-2022__12-55-58PM_jpg.jpg,01-08-2022__12-55-58PM,train,indoor,d0-2,1,3,train
01-08-2022__12-55-58PM_jpg__2.jpg,01-08-2022__12-55-58PM,train,indoor,d0-2,1,1,valid
img97032499281_jpg.jpg,img97032499281,train,unknown,d0-2,2,1,train
01-08-2022__08-38-51AM_jpg.jpg,01-08-2022__08-38-51AM,train,indoor,d0-2,1,5,train
040841_02_278437_jpg.jpg,040841_02,train,semi,d0-2,1,2,train
00432_jpg.jpg,00432,train,unknown,d0-2,1,1,train
00432_jpg__2.jpg,00432,train,unknown,d0-2,1,2,valid
01-08-2022__11-13-12AM_jpg.jpg,01-08-2022__11-13-12AM,train,indoor,d3-5,3,3,train
040840_55_567606_jpg.jpg,040840_55,train,semi,d0-2,1,2,train
040840_55_567606_jpg__2.jpg,040840_55,train,semi,d0-2,1,2,valid
01-08-2022__10-36-32AM_jpg.jpg,01-08-2022__10-36-32AM,train,indoor,d0-2,2,1,train
01-08-2022__10-36-32AM_jpg__2.jpg,01-08-2022__10-36-32AM,train,indoor,d0-2,2,3,train
image_670_jpg.jpg,image,train,indoor,d3-5,6,2,train
image_670_jpg__2.jpg,image,train,indoor,d3-5,6,3,valid
img97032429093_jpg.jpg,img97032429093,train,unknown,d0-2,2,1,train
01-08-2022__12-16-39PM_jpg.jpg,01-08-2022__12-16-39PM,val,indoor,d3-5,4,2,train
img97032429093_jpg__2.jpg,img97032429093,train,unknown,d0-2,2,1,valid
CAM38-23-08-2022__06-33-28PMgt_jpg.jpg,CAM38-23-08-2022__06-33-28PMgt,test,unknown,d0-2,1,3,train
01-08-2022__01-00-19PM_jpg.jpg,01-08-2022__01-00-19PM,train,indoor,d6-10,6,1,train
01-08-2022__01-00-19PM_jpg__2.jpg,01-08-2022__01-00-19PM,train,indoor,d6-10,6,2,train
img965796391862_jpg.jpg,img965796391862,train,unknown,d3-5,5,2,train
CAM10-15-09-2022__09-51-41AMgt_jpg.jpg,CAM10-15-09-2022__09-51-41AMgt,train,unknown,d3-5,3,2,train
00505_jpg.jpg,00505,train,unknown,d0-2,2,1,train
00505_jpg__2.jpg,00505,train,unknown,d0-2,2,2,train
00900_jpg.jpg,00900,test,unknown,d0-2,1,2,train
01-08-2022__12-17-39PM_jpg.jpg,01-08-2022__12-17-39PM,train,indoor,d3-5,4,3,train
01-08-2022__12-16-39PM_jpg__2.jpg,01-08-2022__12-16-39PM,val,indoor,d3-5,4,2,train
01-08-2022__12-17-39PM_jpg__2.jpg,01-08-2022__12-17-39PM,train,indoor,d3-5,4,1,valid
Day_2102191709_N_Right_Back_2_Cut1_00091_jpg.jpg,Day_2102191709_N_Right_Back_2_Cut1,test,outdoor,d6-10,6,2,train
img970324552_jpg.jpg,img970324552,train,unknown,d3-5,3,3,test
01-08-2022__01-28-30PM_jpg.jpg,01-08-2022__01-28-30PM,train,indoor,d3-5,3,3,train
image_307_jpg.jpg,image,train,indoor,d3-5,2,2,train
image_307_jpg__2.jpg,image,train,indoor,d3-5,2,1,train
img96579629246_jpg.jpg,img96579629246,train,unknown,d6-10,6,1,train
01-08-2022__12-29-02PM_jpg.jpg,01-08-2022__12-29-02PM,val,indoor,d0-2,1,2,train
CAM41-23-08-2022__06-33-29PMgt_jpg.jpg,CAM41-23-08-2022__06-33-29PMgt,train,unknown,d0-2,2,3,train
image_734_jpg.jpg,image,train,indoor,d3-5,4,1,train
image_161_jpg.jpg,image,train,indoor,d3-5,4,1,train
images_jpg.jpg,images,train,unknown,d0-2,2,2,valid
SeieeDept-020_00461_jpg.jpg,SeieeDept-020,train,outdoor,d0-2,1,1,train
SeieeDept-020_00461_jpg__2.jpg,SeieeDept-020,train,outdoor,d0-2,1,1,train
CAM37-15-09-2022__09-53-14AMgt_jpg.jpg,CAM37-15-09-2022__09-53-14AMgt,train,unknown,d0-2,2,4,train
00630_jpg.jpg,00630,train,unknown,d0-2,1,1,train
CAM12-15-09-2022__05-50-10PMgt_jpg.jpg,CAM12-15-09-2022__05-50-10PMgt,train,unknown,d3-5,3,4,train
BridgeEntrance-001_00340_jpg.jpg,BridgeEntrance-001,train,outdoor,d0-2,1,2,train
BridgeEntrance-001_00340_jpg__2.jpg,BridgeEntrance-001,train,outdoor,d0-2,1,1,train
Day_2102191709_N_Right_Back_Cut1_00289_jpg.jpg,Day_2102191709_N_Right_Back_Cut1,train,outdoor,d6-10,10,2,train
01-08-2022__03-21-55PM_jpg.jpg,01-08-2022__03-21-55PM,train,indoor,d3-5,4,7,valid
image_161_jpg__2.jpg,image,train,indoor,d3-5,4,3,train
01-08-2022__01-42-54PM_jpg.jpg,01-08-2022__01-42-54PM,train,indoor,d0-2,1,2,train
01-08-2022__01-42-54PM_jpg__2.jpg,01-08-2022__01-42-54PM,train,indoor,d0-2,1,4,train
Day_07141436_Right_Back_Cut1_00858_jpg.jpg,Day_07141436_Right_Back_Cut1,train,outdoor,d6-10,7,2,valid
Day_08051212_Right_Back_Cut1_00093_jpg.jpg,Day_08051212_Right_Back_Cut1,test,outdoor,d0-2,1,2,valid
02005_jpg.jpg,02005,train,unknown,d0-2,1,2,train
02005_jpg__2.jpg,02005,train,unknown,d0-2,1,2,train
image_472_jpg.jpg,image,train,indoor,d3-5,9,1,train
SeieeDept-028_00395_jpg.jpg,SeieeDept-028,train,outdoor,d0-2,1,2,train
img97032489191_jpg.jpg,img97032489191,train,unknown,d0-2,1,1,train
img97032489191_jpg__2.jpg,img97032489191,train,unknown,d0-2,1,1,train
040840_58_692387_jpg.jpg,040840_58,train,semi,d0-2,1,2,valid
Day_202102191756_P_Right_Back_Cut1_00205_jpg.jpg,Day_202102191756_P_Right_Back_Cut1,val,outdoor,d6-10,6,2,train
Day_202102191756_P_Right_Back_Cut1_00205_jpg__2.jpg,Day_202102191756_P_Right_Back_Cut1,val,outdoor,d6-10,6,1,valid
image_849_jpg.jpg,image,train,indoor,d3-5,4,2,train
image_849_jpg__2.jpg,image,train,indoor,d3-5,4,1,train
Day_202102191756_P_Right_Back_Cut1_00855_jpg.jpg,Day_202102191756_P_Right_Back_Cut1,val,outdoor,d6-10,7,1,train
Day_202102191756_P_Right_Back_Cut1_00855_jpg__2.jpg,Day_202102191756_P_Right_Back_Cut1,val,outdoor,d6-10,7,3,train
Day_202102191756_P_Right_Back_Cut1_00915_jpg.jpg,Day_202102191756_P_Right_Back_Cut1,val,outdoor,d6-10,4,1,train
Day_200205_Right_Back_Cut1_Img_00022_jpg.jpg,Day_200205_Right_Back_Cut1_Img,train,outdoor,d3-5,3,3,train
Day_200205_Right_Back_Cut1_Img_00022_jpg__2.jpg,Day_200205_Right_Back_Cut1_Img,train,outdoor,d3-5,3,2,test
01-08-2022__12-57-31PM_jpg.jpg,01-08-2022__12-57-31PM,train,indoor,d6-10,7,3,train
040840_58_692387_jpg__2.jpg,040840_58,train,semi,d0-2,1,1,train
01-08-2022__10-41-25AM_jpg.jpg,01-08-2022__10-41-25AM,train,indoor,d0-2,2,1,train
Day_2102191726_P_Right_Back_Cut1_00016_jpg.jpg,Day_2102191726_P_Right_Back_Cut1,train,outdoor,d3-5,1,2,valid
img965796317375_jpg.jpg,img965796317375,train,unknown,d6-10,6,1,train
01-08-2022__11-40-23AM_jpg.jpg,01-08-2022__11-40-23AM,train,indoor,d3-5,4,2,train
image_656_jpg.jpg,image,train,indoor,d3-5,2,2,train
image_656_jpg__2.jpg,image,train,indoor,d3-5,2,1,train
output1_mp4-21_jpg.jpg,output1_mp4-21,val,unknown,d3-5,3,4,train
output1_mp4-21_jpg__2.jpg,output1_mp4-21,val,unknown,d3-5,3,2,train
Day_202102191756_P_Right_Back_Cut1_00305_jpg.jpg,Day_202102191756_P_Right_Back_Cut1,val,outdoor,d6-10,10,2,train
image_284_jpg.jpg,image,train,indoor,d3-5,5,1,train
Day_2102191726_P_Right_Back_Cut1_00296_jpg.jpg,Day_2102191726_P_Right_Back_Cut1,train,outdoor,d3-5,6,4,train
image_526_jpg.jpg,image,train,indoor,d3-5,3,4,train
00230_jpg.jpg,00230,train,unknown,d0-2,1,1,train
01983_jpg.jpg,01983,train,unknown,d0-2,1,2,train
01983_jpg__2.jpg,01983,train,unknown,d0-2,1,1,test
01-08-2022__03-22-58PM_jpg.jpg,01-08-2022__03-22-58PM,test,indoor,d3-5,3,2,train
01-08-2022__03-22-58PM_jpg__2.jpg,01-08-2022__03-22-58PM,test,indoor,d3-5,3,3,valid
01-08-2022__03-10-32PM_jpg.jpg,01-08-2022__03-10-32PM,val,indoor,d0-2,2,3,train
00381_jpg.jpg,00381,test,unknown,d0-2,2,1,train
img965796432428_jpg.jpg,img965796432428,train,unknown,d3-5,3,3,train
img965796432428_jpg__2.jpg,img965796432428,train,unknown,d3-5,3,1,train
01-08-2022__03-38-22PM_jpg.jpg,01-08-2022__03-38-22PM,train,indoor,d3-5,3,4,train
Day_2102191625_N_Right_Back_Cut1_00684_jpg.jpg,Day_2102191625_N_Right_Back_Cut1,train,outdoor,d0-2,3,1,train
Day_2102191625_N_Right_Back_Cut1_00684_jpg__2.jpg,Day_2102191625_N_Right_Back_Cut1,train,outdoor,d0-2,3,2,train
01-08-2022__09-59-54AM_jpg.jpg,01-08-2022__09-59-54AM,train,indoor,d0-2,2,2,train
01-08-2022__09-59-54AM_jpg__2.jpg,01-08-2022__09-59-54AM,train,indoor,d0-2,2,2,valid
img965796226990_jpg.jpg,img965796226990,test,unknown,d6-10,7,2,train
img965796226990_jpg__2.jpg,img965796226990,test,unknown,d6-10,7,1,train
Day_08051212_Right_Back_Cut1_00063_jpg.jpg,Day_08051212_Right_Back_Cut1,test,outdoor,d0-2,1,5,train
040843_11_715031_jpg.jpg,040843_11,train,semi,d0-2,1,4,train
040840_57_083124_jpg.jpg,040840_57,train,semi,d0-2,1,1,train
040840_57_083124_jpg__2.jpg,040840_57,train,semi,d0-2,1,1,train
01-08-2022__01-55-29PM_jpg.jpg,01-08-2022__01-55-29PM,test,indoor,d0-2,1,1,train
img96579662921_jpg.jpg,img96579662921,val,unknown,d3-5,3,4,train
img96579662921_jpg__2.jpg,img96579662921,val,unknown,d3-5,3,2,train
66240_jpg.jpg,66240,train,unknown,d3-5,5,2,test
66240_jpg__2.jpg,66240,train,unknown,d3-5,5,3,test
Day_06101541_Right_Back_2_Cut1_00430_jpg.jpg,Day_06101541_Right_Back_2_Cut1,train,outdoor,d6-10,6,2,train
Day_06101541_Right_Back_2_Cut1_00430_jpg__2.jpg,Day_06101541_Right_Back_2_Cut1,train,outdoor,d6-10,6,1,train
Day_06101541_Right_Back_2_Cut1_00690_jpg.jpg,Day_06101541_Right_Back_2_Cut1,train,outdoor,d6-10,10,1,train
Day_06101541_Right_Back_2_Cut1_00690_jpg__2.jpg,Day_06101541_Right_Back_2_Cut1,train,outdoor,d6-10,10,2,valid
01-08-2022__11-38-52AM_jpg.jpg,01-08-2022__11-38-52AM,val,indoor,d3-5,3,3,train
01-08-2022__11-38-52AM_jpg__2.jpg,01-08-2022__11-38-52AM,val,indoor,d3-5,3,1,train
image_506_jpg.jpg,image,train,indoor,d3-5,7,2,train
01-08-2022__01-55-29PM_jpg__2.jpg,01-08-2022__01-55-29PM,test,indoor,d0-2,1,1,test
img965796160061_jpg.jpg,img965796160061,train,unknown,d6-10,7,2,train
00518_jpg.jpg,00518,train,unknown,d0-2,2,1,train
00518_jpg__2.jpg,00518,train,unknown,d0-2,2,1,valid
Day_07141436_Right_Back_Cut1_00968_jpg.jpg,Day_07141436_Right_Back_Cut1,train,outdoor,d6-10,9,2,train
01-08-2022__02-05-08PM_jpg.jpg,01-08-2022__02-05-08PM,train,indoor,d0-2,1,2,train
00340_jpg.jpg,00340,train,unknown,d0-2,2,2,train
image_643_jpg.jpg,image,train,indoor,d3-5,4,2,train
image_643_jpg__2.jpg,image,train,indoor,d3-5,4,2,train
Road-004_00179_jpg.jpg,Road-004,train,outdoor,d0-2,7,2,train
Road-004_00179_jpg__2.jpg,Road-004,train,outdoor,d0-2,7,1,train
01-08-2022__01-19-18PM_jpg.jpg,01-08-2022__01-19-18PM,train,indoor,d3-5,4,4,test
SeieeDept-051_00550_jpg.jpg,SeieeDept-051,train,outdoor,d0-2,1,1,train
SeieeDept-051_00550_jpg__2.jpg,SeieeDept-051,train,outdoor,d0-2,1,4,valid
CAM41-23-08-2022__05-28-37PMgt_jpg.jpg,CAM41-23-08-2022__05-28-37PMgt,train,unknown,d0-2,1,5,train
CAM41-23-08-2022__05-28-37PMgt_jpg__2.jpg,CAM41-23-08-2022__05-28-37PMgt,train,unknown,d0-2,1,2,train
image03750_jpg.jpg,image03750,train,indoor,d10+,66,2,test
image03750_jpg__2.jpg,image03750,train,indoor,d10+,66,1,train
01864_jpg.jpg,01864,train,unknown,d0-2,1,3,train
01864_jpg__2.jpg,01864,train,unknown,d0-2,1,2,valid
image_900_jpg.jpg,image,train,indoor,d3-5,4,3,train
opencv_frame_13740_png_jpg.jpg,opencv_frame,train,indoor,d0-2,1,5,train
SeieeDept-031_00478_jpg.jpg,SeieeDept-031,test,outdoor,d0-2,1,3,train
opencv_frame_13740_png_jpg__2.jpg,opencv_frame,train,indoor,d0-2,1,1,train
image_600_jpg.jpg,image,train,indoor,d3-5,4,2,train
image_600_jpg__2.jpg,image,train,indoor,d3-5,4,1,train
01659_jpg.jpg,01659,train,unknown,d0-2,1,1,train
01659_jpg__2.jpg,01659,train,unknown,d0-2,1,3,train
image_96_jpg.jpg,image_96,train,indoor,d3-5,5,3,test
Day_07141436_Right_Back_Cut1_01048_jpg.jpg,Day_07141436_Right_Back_Cut1,train,outdoor,d6-10,10,3,train
01-08-2022__09-59-51AM_jpg.jpg,01-08-2022__09-59-51AM,train,indoor,d0-2,1,4,train
01926_jpg.jpg,01926,train,unknown,d0-2,1,2,valid
01926_jpg__2.jpg,01926,train,unknown,d0-2,1,1,test
SeieeDept-031_00478_jpg__2.jpg,SeieeDept-031,test,outdoor,d0-2,1,2,train
01-08-2022__10-07-11AM_jpg.jpg,01-08-2022__10-07-11AM,val,indoor,d0-2,2,1,train
Road-004_00434_jpg.jpg,Road-004,train,outdoor,d0-2,1,4,valid
Road-004_00434_jpg__2.jpg,Road-004,train,outdoor,d0-2,1,2,valid
SeieeDept-015_00763_jpg.jpg,SeieeDept-015,train,outdoor,d0-2,1,5,train
img970324101533_jpg.jpg,img970324101533,test,unknown,d0-2,2,2,train
img970324101533_jpg__2.jpg,img970324101533,test,unknown,d0-2,2,1,valid
CAM6-21-08-2022__06-27-29PMgt_jpg.jpg,CAM6-21-08-2022__06-27-29PMgt,train,unknown,d0-2,1,3,train
CAM6-21-08-2022__06-27-29PMgt_jpg__2.jpg,CAM6-21-08-2022__06-27-29PMgt,train,unknown,d0-2,1,1,train
image_403_jpg.jpg,image,train,indoor,d3-5,6,2,train
image_403_jpg__2.jpg,image,train,indoor,d3-5,6,1,train
01-08-2022__03-05-13PM_jpg.jpg,01-08-2022__03-05-13PM,test,indoor,d3-5,4,1,train
SeieeDept-025_00923_jpg.jpg,SeieeDept-025,train,outdoor,d0-2,1,2,valid
CAM36-21-08-2022__06-27-33PMgt_jpg.jpg,CAM36-21-08-2022__06-27-33PMgt,train,unknown,d0-2,2,4,valid
CAM38-25-08-2022__07-03-30PMgt_jpg.jpg,CAM38-25-08-2022__07-03-30PMgt,train,unknown,d0-2,2,2,train
CAM38-25-08-2022__07-03-30PMgt_jpg__2.jpg,CAM38-25-08-2022__07-03-30PMgt,train,unknown,d0-2,2,1,train
Day_2102191726_P_Right_Back_Cut1_00216_jpg.jpg,Day_2102191726_P_Right_Back_Cut1,train,outdoor,d3-5,3,2,train
Day_202102191756_P_Right_Back_Cut1_00475_jpg.jpg,Day_202102191756_P_Right_Back_Cut1,val,outdoor,d6-10,10,1,train
Day_202102191756_P_Right_Back_Cut1_00475_jpg__2.jpg,Day_202102191756_P_Right_Back_Cut1,val,outdoor,d6-10,10,1,train
image_755_jpg.jpg,image,train,indoor,d3-5,6,3,valid
image_755_jpg__2.jpg,image,train,indoor,d3-5,6,1,train
UAD8VF70N35F293AMG5B_jpg.jpg,UAD8VF70N35F293AMG5B,train,unknown,d3-5,3,2,train
01-08-2022__03-05-13PM_jpg__2.jpg,01-08-2022__03-05-13PM,test,indoor,d3-5,4,2,train
Day_2102191726_P_Right_Back_Cut1_00176_jpg.jpg,Day_2102191726_P_Right_Back_Cut1,train,outdoor,d3-5,3,5,train
image_350_jpg.jpg,image,train,indoor,d3-5,5,1,train
image_446_jpg.jpg,image,train,indoor,d3-5,4,2,valid
01-08-2022__01-09-31PM_jpg.jpg,01-08-2022__01-09-31PM,train,indoor,d0-2,1,3,valid
01-08-2022__01-09-31PM_jpg__2.jpg,01-08-2022__01-09-31PM,train,indoor,d0-2,1,1,test
CAM37-23-08-2022__06-33-28PMgt_jpg.jpg,CAM37-23-08-2022__06-33-28PMgt,train,unknown,d0-2,1,1,train
CAM37-23-08-2022__06-33-28PMgt_jpg__2.jpg,CAM37-23-08-2022__06-33-28PMgt,train,unknown,d0-2,1,2,train
image_63_jpg.jpg,image_63,train,indoor,d0-2,2,4,train
01-08-2022__11-54-39AM_jpg.jpg,01-08-2022__11-54-39AM,test,indoor,d3-5,4,1,train
01-08-2022__11-54-39AM_jpg__2.jpg,01-08-2022__11-54-39AM,test,indoor,d3-5,5,1,train
image_527_jpg.jpg,image,train,indoor,d3-5,4,2,train
01-08-2022__08-32-39AM_jpg.jpg,01-08-2022__08-32-39AM,val,indoor,d0-2,2,3,train
01-08-2022__08-32-39AM_jpg__2.jpg,01-08-2022__08-32-39AM,val,indoor,d0-2,2,1,test
Day_07141436_Right_Back_Cut1_00278_jpg.jpg,Day_07141436_Right_Back_Cut1,train,outdoor,d6-10,4,2,train
Day_07141436_Right_Back_Cut1_00278_jpg__2.jpg,Day_07141436_Right_Back_Cut1,train,outdoor,d6-10,2,2,train
Day_07141436_Right_Back_Cut1_01188_jpg.jpg,Day_07141436_Right_Back_Cut1,train,outdoor,d6-10,9,2,train
Day_07141436_Right_Back_Cut1_01188_jpg__2.jpg,Day_07141436_Right_Back_Cut1,train,outdoor,d6-10,9,1,test
S1-T1-C-01070_jpeg_jpg.jpg,S1-T1-C-01070_jpeg,train,unknown,d3-5,3,3,train
S1-T1-C-01070_jpeg_jpg__2.jpg,S1-T1-C-01070_jpeg,train,unknown,d3-5,3,1,valid
Day_2102191726_P_Right_Back_Cut1_00026_jpg.jpg,Day_2102191726_P_Right_Back_Cut1,train,outdoor,d3-5,2,2,train
QE_jpg.jpg,QE,val,unknown,d6-10,7,2,train
01-08-2022__12-11-31PM_jpg.jpg,01-08-2022__12-11-31PM,val,indoor,d3-5,4,4,train
BridgeEntrance-007_00503_jpg.jpg,BridgeEntrance-007,test,outdoor,d3-5,3,1,train
image_549_jpg.jpg,image,train,indoor,d3-5,4,2,train
01-08-2022__01-48-21PM_jpg.jpg,01-08-2022__01-48-21PM,train,indoor,d0-2,1,2,train
img97032463728_jpg.jpg,img97032463728,train,unknown,d3-5,5,3,valid
Day_08051212_Right_Back_Cut1_00143_jpg.jpg,Day_08051212_Right_Back_Cut1,test,outdoor,d0-2,1,2,train
01-08-2022__02-39-04PM_jpg.jpg,01-08-2022__02-39-04PM,train,indoor,d0-2,1,2,valid
image_921_jpg.jpg,image,train,indoor,d3-5,2,3,train
img970324137018_jpg.jpg,img970324137018,train,unknown,d3-5,3,1,train
Day_2102191709_N_Right_Back_Cut1_00009_jpg.jpg,Day_2102191709_N_Right_Back_Cut1,train,outdoor,d6-10,9,3,train
Day_2102191726_P_Right_Back_Cut1_00666_jpg.jpg,Day_2102191726_P_Right_Back_Cut1,train,outdoor,d3-5,6,2,train
01-08-2022__12-11-31PM_jpg__2.jpg,01-08-2022__12-11-31PM,val,indoor,d3-5,4,3,train
Day_2102191726_P_Right_Back_Cut1_00666_jpg__2.jpg,Day_2102191726_P_Right_Back_Cut1,train,outdoor,d3-5,6,2,valid
SeieeDept-020_00120_jpg.jpg,SeieeDept-020,train,outdoor,d0-2,2,2,train
img97360292993_jpg.jpg,img97360292993,train,unknown,d0-2,1,3,train
Day_07141436_Right_Back_Cut1_01078_jpg.jpg,Day_07141436_Right_Back_Cut1,train,outdoor,d6-10,8,2,test
image_722_jpg.jpg,image,train,indoor,d3-5,4,2,valid
image_722_jpg__2.jpg,image,train,indoor,d3-5,4,1,test
img973602153626_jpg.jpg,img973602153626,train,unknown,d3-5,3,1,train
Day_202102191756_P_Right_Back_Cut1_00385_jpg.jpg,Day_202102191756_P_Right_Back_Cut1,val,outdoor,d6-10,7,3,train
040840_51_364778_jpg.jpg,040840_51,train,semi,d0-2,1,1,train
040840_51_364778_jpg__2.jpg,040840_51,train,semi,d0-2,1,2,train
opencv_frame_15445_png_jpg.jpg,opencv_frame,train,indoor,d0-2,1,6,train
CAM39-25-08-2022__07-03-30PMgt_jpg.jpg,CAM39-25-08-2022__07-03-30PMgt,train,unknown,d0-2,1,3,train
SJTU_SEIEE-182_330-02962_jpg.jpg,SJTU_SEIEE-182_330,train,unknown,d3-5,4,1,train
Day_202102191756_P_Right_Back_Cut1_00585_jpg.jpg,Day_202102191756_P_Right_Back_Cut1,val,outdoor,d6-10,9,3,train
Day_202102191756_P_Right_Back_Cut1_00585_jpg__2.jpg,Day_202102191756_P_Right_Back_Cut1,val,outdoor,d6-10,9,1,train
image_872_jpg.jpg,image,train,indoor,d3-5,4,2,test
Day_2102191625_N_Right_Back_Cut1_00004_jpg.jpg,Day_2102191625_N_Right_Back_Cut1,train,outdoor,d0-2,2,2,train
040840_50_411716_jpg.jpg,040840_50,train,semi,d0-2,1,2,train
Day_202102191756_P_Right_Back_Cut1_00595_jpg.jpg,Day_202102191756_P_Right_Back_Cut1,val,outdoor,d6-10,9,1,train
Day_202102191756_P_Right_Back_Cut1_00595_jpg__2.jpg,Day_202102191756_P_Right_Back_Cut1,val,outdoor,d6-10,9,2,valid
01-08-2022__04-08-57PM_jpg.jpg,01-08-2022__04-08-57PM,train,indoor,d6-10,7,3,train
image_506_jpg__2.jpg,image,train,indoor,d3-5,7,3,train
opencv_frame_15445_png_jpg__2.jpg,opencv_frame,train,indoor,d0-2,1,2,train
img970324109443_jpg.jpg,img970324109443,train,unknown,d3-5,3,3,train
image_380_jpg.jpg,image,train,indoor,d3-5,6,3,train
image_840_jpg.jpg,image,train,indoor,d3-5,1,2,train
img970324161589_jpg.jpg,img970324161589,train,unknown,d3-5,3,2,train
Day_2102191726_P_Right_Back_Cut1_00506_jpg.jpg,Day_2102191726_P_Right_Back_Cut1,train,outdoor,d3-5,2,1,train
Day_2102191709_N_Right_Back_2_Cut2_00240_jpg.jpg,Day_2102191709_N_Right_Back_2_Cut2,train,outdoor,d6-10,5,2,train
opencv_frame_19425_png_jpg.jpg,opencv_frame,train,indoor,d0-2,1,3,train
040840_49_646146_jpg.jpg,040840_49,train,semi,d0-2,1,1,train
040840_49_646146_jpg__2.jpg,040840_49,train,semi,d0-2,1,2,valid
040840_52_395953_jpg.jpg,040840_52,train,semi,d0-2,1,2,train
opencv_frame_15445_png_jpg__3.jpg,opencv_frame,train,indoor,d0-2,1,3,train
CAM19-23-08-2022__03-30-35PMgt_jpg.jpg,CAM19-23-08-2022__03-30-35PMgt,test,unknown,d0-2,1,2,train
CAM19-23-08-2022__03-30-35PMgt_jpg__2.jpg,CAM19-23-08-2022__03-30-35PMgt,test,unknown,d0-2,1,1,valid
Day_06101541_Right_Back_2_Cut1_00420_jpg.jpg,Day_06101541_Right_Back_2_Cut1,train,outdoor,d6-10,6,1,train
Day_06101541_Right_Back_2_Cut1_00420_jpg__2.jpg,Day_06101541_Right_Back_2_Cut1,train,outdoor,d6-10,6,3,test
00394_jpg.jpg,00394,train,unknown,d0-2,1,2,train
image_205_jpg.jpg,image,train,indoor,d3-5,6,2,train
image_205_jpg__2.jpg,image,train,indoor,d3-5,6,1,train
60480_jpg.jpg,60480,train,unknown,d10+,11,1,train
Road-003_00441_jpg.jpg,Road-003,train,outdoor,d3-5,7,1,train
Day_07141436_Right_Back_Cut1_00038_jpg.jpg,Day_07141436_Right_Back_Cut1,train,outdoor,d6-10,2,5,train
image_287_jpg.jpg,image,train,indoor,d3-5,8,2,train
Road-006_00402_jpg.jpg,Road-006,train,outdoor,d0-2,3,2,train
Road-006_00402_jpg__2.jpg,Road-006,train,outdoor,d0-2,3,3,valid
Day_2102191709_N_Right_Back_2_Cut1_00521_jpg.jpg,Day_2102191709_N_Right_Back_2_Cut1,test,outdoor,d6-10,6,3,train
image_897_jpg.jpg,image,train,indoor,d3-5,4,3,valid
40320_jpg.jpg,40320,train,unknown,d10+,14,3,train
00917_jpg.jpg,00917,train,unknown,d0-2,1,1,train
00917_jpg__2.jpg,00917,train,unknown,d0-2,1,1,valid
CAM29-26-08-2022__05-14-46PMgt_jpg.jpg,CAM29-26-08-2022__05-14-46PMgt,val,unknown,d3-5,4,3,test
CAM29-26-08-2022__05-14-46PMgt_jpg__2.jpg,CAM29-26-08-2022__05-14-46PMgt,val,unknown,d3-5,4,1,train
opencv_frame_19360_png_jpg.jpg,opencv_frame,train,indoor,d0-2,2,3,train
01-08-2022__03-53-54PM_jpg.jpg,01-08-2022__03-53-54PM,val,indoor,d0-2,2,3,train
opencv_frame_19360_png_jpg__2.jpg,opencv_frame,train,indoor,d0-2,2,4,train
opencv_frame_19360_png_jpg__3.jpg,opencv_frame,train,indoor,d0-2,2,1,valid
00803_jpg.jpg,00803,train,unknown,d0-2,1,2,valid
00803_jpg__2.jpg,00803,train,unknown,d0-2,1,2,train
01-08-2022__12-58-12PM_jpg.jpg,01-08-2022__12-58-12PM,val,indoor,d0-2,1,2,train
img970324124253_jpg.jpg,img970324124253,train,unknown,d3-5,4,2,valid
img970324124253_jpg__2.jpg,img970324124253,train,unknown,d3-5,4,2,train
img970324124253_jpg__3.jpg,img970324124253,train,unknown,d3-5,4,3,test
CAM15-15-09-2022__05-50-10PMgt_jpg.jpg,CAM15-15-09-2022__05-50-10PMgt,train,unknown,d0-2,1,2,valid
CAM15-15-09-2022__05-50-10PMgt_jpg__2.jpg,CAM15-15-09-2022__05-50-10PMgt,train,unknown,d0-2,1,1,test
img97032414185_jpg.jpg,img97032414185,train,unknown,d3-5,3,2,train
img965796318884_jpg.jpg,img965796318884,train,unknown,d3-5,5,1,train
SeieeDept-025_01348_jpg.jpg,SeieeDept-025,train,outdoor,d0-2,1,1,train
SeieeDept-025_01348_jpg__2.jpg,SeieeDept-025,train,outdoor,d0-2,1,1,train
01-08-2022__03-25-18PM_jpg.jpg,01-08-2022__03-25-18PM,train,indoor,d3-5,3,1,train
image_439_jpg.jpg,image,train,indoor,d3-5,6,1,train
image_439_jpg__2.jpg,image,train,indoor,d3-5,5,1,train
Day_07141436_Right_Back_Cut1_01268_jpg.jpg,Day_07141436_Right_Back_Cut1,train,outdoor,d6-10,9,1,train
Day_07141436_Right_Back_Cut1_01268_jpg__2.jpg,Day_07141436_Right_Back_Cut1,train,outdoor,d6-10,9,1,train
image_89_jpg.jpg,image_89,train,indoor,d6-10,7,1,train
image_89_jpg__2.jpg,image_89,train,indoor,d6-10,7,2,valid
Day_07141436_Right_Back_Cut1_00538_jpg.jpg,Day_07141436_Right_Back_Cut1,train,outdoor,d6-10,5,5,train
opencv_frame_18830_png_jpg.jpg,opencv_frame,train,indoor,d0-2,2,4,test
img97360277154_jpg.jpg,img97360277154,val,unknown,d3-5,3,1,train
2_PNG_jpg.jpg,2_PNG,train,unknown,d0-2,1,2,valid
img97032476956_jpg.jpg,img97032476956,train,unknown,d3-5,5,1,train
img97032476956_jpg__2.jpg,img97032476956,train,unknown,d3-5,5,1,test
56160_jpg.jpg,56160,train,unknown,d6-10,10,2,valid
56160_jpg__2.jpg,56160,train,unknown,d6-10,10,1,train
SeieeDept-016_00331_jpg.jpg,SeieeDept-016,train,outdoor,d0-2,3,1,train
SeieeDept-016_00331_jpg__2.jpg,SeieeDept-016,train,outdoor,d0-2,3,1,train
output1_mp4-19_jpg.jpg,output1_mp4-19,train,unknown,d0-2,2,2,valid
Day_07141436_Right_Back_Cut1_00538_jpg__2.jpg,Day_07141436_Right_Back_Cut1,train,outdoor,d6-10,2,1,train
output1_mp4-19_jpg__2.jpg,output1_mp4-19,train,unknown,d0-2,2,4,train
01-08-2022__10-24-23AM_jpg.jpg,01-08-2022__10-24-23AM,train,indoor,d0-2,2,2,train
01-08-2022__10-24-23AM_jpg__2.jpg,01-08-2022__10-24-23AM,train,indoor,d0-2,2,1,train
image_112_jpg.jpg,image,train,indoor,d3-5,3,1,train
image_392_jpg.jpg,image,train,indoor,d3-5,8,3,train
image_392_jpg__2.jpg,image,train,indoor,d3-5,8,2,valid
01-08-2022__12-52-51PM_jpg.jpg,01-08-2022__12-52-51PM,train,indoor,d6-10,7,2,train
img96579681917_jpg.jpg,img96579681917,train,unknown,d6-10,6,2,train
image_375_jpg.jpg,image,train,indoor,d3-5,2,2,train
SeieeDept-030_00588_jpg.jpg,SeieeDept-030,train,outdoor,d0-2,1,2,train
Day_07141436_Right_Back_Cut1_00188_jpg.jpg,Day_07141436_Right_Back_Cut1,train,outdoor,d6-10,3,1,train
SeieeDept-030_00588_jpg__2.jpg,SeieeDept-030,train,outdoor,d0-2,1,3,train
Day_202102191756_P_Right_Back_Cut1_00245_jpg.jpg,Day_202102191756_P_Right_Back_Cut1,val,outdoor,d6-10,5,3,train
Day_202102191756_P_Right_Back_Cut1_00245_jpg__2.jpg,Day_202102191756_P_Right_Back_Cut1,val,outdoor,d6-10,5,1,test
Day_06101541_Right_Back_2_Cut1_00170_jpg.jpg,Day_06101541_Right_Back_2_Cut1,train,outdoor,d6-10,1,4,test
01-08-2022__08-32-41AM_jpg.jpg,01-08-2022__08-32-41AM,train,indoor,d0-2,1,1,train
CAM33-23-08-2022__05-28-36PMgt_jpg.jpg,CAM33-23-08-2022__05-28-36PMgt,train,unknown,d3-5,4,5,valid
CAM38-23-08-2022__05-28-37PMgt_jpg.jpg,CAM38-23-08-2022__05-28-37PMgt,val,unknown,d0-2,1,1,train
01197_jpg.jpg,01197,train,unknown,d0-2,1,4,valid
01197_jpg__2.jpg,01197,train,unknown,d0-2,1,2,valid
Day_2102191709_N_Right_Back_2_Cut1_00281_jpg.jpg,Day_2102191709_N_Right_Back_2_Cut1,test,outdoor,d6-10,6,2,train
Day_07141436_Right_Back_Cut1_00188_jpg__2.jpg,Day_07141436_Right_Back_Cut1,train,outdoor,d6-10,3,2,train
img970324128840_jpg.jpg,img970324128840,train,unknown,d3-5,5,1,train
img970324128840_jpg__2.jpg,img970324128840,train,unknown,d3-5,5,2,test
040841_01_311629_jpg.jpg,040841_01,train,semi,d0-2,1,1,train
Day_06101541_Right_Back_2_Cut1_00190_jpg.jpg,Day_06101541_Right_Back_2_Cut1,train,outdoor,d6-10,3,1,train
01736_jpg.jpg,01736,train,unknown,d0-2,1,2,train
01736_jpg__2.jpg,01736,train,unknown,d0-2,1,1,valid
01-08-2022__03-35-23PM_jpg.jpg,01-08-2022__03-35-23PM,train,indoor,d0-2,2,1,train
CAM21-23-08-2022__05-28-35PMgt_jpg.jpg,CAM21-23-08-2022__05-28-35PMgt,train,unknown,d0-2,2,4,train
image_460_jpg.jpg,image,train,indoor,d3-5,6,2,train
image_460_jpg__2.jpg,image,train,indoor,d3-5,6,1,test
image_917_jpg.jpg,image,train,indoor,d3-5,10,2,train
image_758_jpg.jpg,image,train,indoor,d3-5,2,3,train
image_758_jpg__2.jpg,image,train,indoor,d3-5,2,1,test
SJTU_SEIEE-182_330-01977_jpg.jpg,SJTU_SEIEE-182_330,train,unknown,d3-5,6,2,train
SJTU_SEIEE-182_330-01977_jpg__2.jpg,SJTU_SEIEE-182_330,train,unknown,d3-5,6,1,test
Day_202102191756_P_Right_Back_Cut1_00705_jpg.jpg,Day_202102191756_P_Right_Back_Cut1,val,outdoor,d6-10,7,1,train
01-08-2022__10-14-53AM_jpg.jpg,01-08-2022__10-14-53AM,val,indoor,d3-5,5,2,train
01-08-2022__03-13-13PM_jpg.jpg,01-08-2022__03-13-13PM,train,indoor,d3-5,3,1,train
img97032432300_jpg.jpg,img97032432300,train,unknown,d0-2,1,1,train
img97032432300_jpg__2.jpg,img97032432300,train,unknown,d0-2,1,1,valid
img970324115123_jpg.jpg,img970324115123,train,unknown,d0-2,2,2,valid
CrossRoad-001_00085_jpg.jpg,CrossRoad-001,val,outdoor,d0-2,3,1,train
image_917_jpg__2.jpg,image,train,indoor,d3-5,10,1,train
img97360274946_jpg.jpg,img97360274946,train,unknown,d3-5,3,1,train
img97360274946_jpg__2.jpg,img97360274946,train,unknown,d3-5,3,4,train
img97360274946_jpg__3.jpg,img97360274946,train,unknown,d3-5,3,1,valid
image_761_jpg.jpg,image,train,indoor,d3-5,1,2,train
040840_49_068063_jpg.jpg,040840_49,train,semi,d0-2,1,4,valid
040840_49_068063_jpg__2.jpg,040840_49,train,semi,d0-2,1,1,valid
img965796341711_jpg.jpg,img965796341711,val,unknown,d0-2,2,2,test
Day_2102191709_N_Right_Back_2_Cut2_00280_jpg.jpg,Day_2102191709_N_Right_Back_2_Cut2,train,outdoor,d6-10,5,3,train
00930_jpg.jpg,00930,train,unknown,d0-2,1,2,train
CAM12-23-08-2022__03-30-35PMgt_jpg.jpg,CAM12-23-08-2022__03-30-35PMgt,train,unknown,d3-5,3,2,test
01-08-2022__12-09-53PM_jpg.jpg,01-08-2022__12-09-53PM,train,indoor,d0-2,1,2,valid
CAM12-23-08-2022__03-30-35PMgt_jpg__2.jpg,CAM12-23-08-2022__03-30-35PMgt,train,unknown,d3-5,4,2,train
01-08-2022__09-51-27AM_jpg.jpg,01-08-2022__09-51-27AM,train,indoor,d3-5,4,2,train
01-08-2022__01-14-20PM_jpg.jpg,01-08-2022__01-14-20PM,train,indoor,d0-2,1,1,train
image_919_jpg.jpg,image,train,indoor,d3-5,2,4,train
image_919_jpg__2.jpg,image,train,indoor,d3-5,2,1,train
image_344_jpg.jpg,image,train,indoor,d3-5,4,2,valid
image_344_jpg__2.jpg,image,train,indoor,d3-5,5,1,valid
Day_2102191625_N_Right_Back_Cut1_00014_jpg.jpg,Day_2102191625_N_Right_Back_Cut1,train,outdoor,d0-2,2,3,train
Day_2102191625_N_Right_Back_Cut1_00014_jpg__2.jpg,Day_2102191625_N_Right_Back_Cut1,train,outdoor,d0-2,2,2,train
01-08-2022__11-57-07AM_jpg.jpg,01-08-2022__11-57-07AM,train,indoor,d3-5,5,3,train
01-08-2022__12-09-53PM_jpg__2.jpg,01-08-2022__12-09-53PM,train,indoor,d0-2,1,1,valid
20160_jpg.jpg,20160,val,unknown,d10+,13,2,train
20160_jpg__2.jpg,20160,val,unknown,d10+,13,1,train
01-08-2022__01-06-44PM_jpg.jpg,01-08-2022__01-06-44PM,train,indoor,d6-10,7,3,train
01-08-2022__01-47-07PM_jpg.jpg,01-08-2022__01-47-07PM,train,indoor,d6-10,6,3,train
01-08-2022__01-47-07PM_jpg__2.jpg,01-08-2022__01-47-07PM,train,indoor,d6-10,6,3,train
image04300_jpg.jpg,image04300,train,indoor,d10+,56,1,train
image_601_jpg.jpg,image,train,indoor,d3-5,6,1,train
image_601_jpg__2.jpg,image,train,indoor,d3-5,6,3,train
CrossRoad-001_00149_jpg.jpg,CrossRoad-001,val,outdoor,d0-2,4,2,train
Day_02191732_Right_Back_Cut1_00331_jpg.jpg,Day_02191732_Right_Back_Cut1,train,outdoor,d6-10,6,1,train
image_100_jpg.jpg,image,train,indoor,d3-5,6,3,train
Day_02191732_Right_Back_Cut1_00331_jpg__2.jpg,Day_02191732_Right_Back_Cut1,train,outdoor,d6-10,7,1,train
SeieeDept-019_00534_jpg.jpg,SeieeDept-019,train,outdoor,d0-2,2,2,train
img965796338647_jpg.jpg,img965796338647,train,unknown,d0-2,2,1,train
img965796338647_jpg__2.jpg,img965796338647,train,unknown,d0-2,2,1,train
040840_45_458939_jpg.jpg,040840_45,train,semi,d0-2,1,2,valid
040840_45_458939_jpg__2.jpg,040840_45,train,semi,d0-2,1,1,train
Day_2102191709_N_Right_Back_2_Cut2_00380_jpg.jpg,Day_2102191709_N_Right_Back_2_Cut2,train,outdoor,d6-10,7,4,train
image_332_jpg.jpg,image,train,indoor,d3-5,3,1,train
image_332_jpg__2.jpg,image,train,indoor,d3-5,3,1,train
img973602114464_jpg.jpg,img973602114464,train,unknown,d0-2,2,1,train
image_100_jpg__2.jpg,image,train,indoor,d3-5,6,1,train
img973602114464_jpg__2.jpg,img973602114464,train,unknown,d0-2,2,2,valid
image_702_jpg.jpg,image,train,indoor,d3-5,5,2,valid
image_702_jpg__2.jpg,image,train,indoor,d3-5,5,2,valid
Day_02191732_Right_Back_Cut1_00051_jpg.jpg,Day_02191732_Right_Back_Cut1,train,outdoor,d6-10,7,3,valid
01-08-2022__11-31-14AM_jpg.jpg,01-08-2022__11-31-14AM,test,indoor,d3-5,4,1,train
01-08-2022__11-31-14AM_jpg__2.jpg,01-08-2022__11-31-14AM,test,indoor,d3-5,4,3,valid
img970324147516_jpg.jpg,img970324147516,train,unknown,d3-5,4,2,valid
01-08-2022__02-35-45PM_jpg.jpg,01-08-2022__02-35-45PM,val,indoor,d3-5,5,2,train
BridgeEntrance-008_00551_jpg.jpg,BridgeEntrance-008,train,outdoor,d3-5,5,2,train
BridgeEntrance-008_00551_jpg__2.jpg,BridgeEntrance-008,train,outdoor,d3-5,5,2,train
Day_06101541_Right_Back_2_Cut1_00220_jpg.jpg,Day_06101541_Right_Back_2_Cut1,train,outdoor,d6-10,3,2,train
img97360248580_jpg.jpg,img97360248580,test,unknown,d0-2,1,1,train
img97360248580_jpg__2.jpg,img97360248580,test,unknown,d0-2,1,1,test
img97360212129_jpg.jpg,img97360212129,test,unknown,d3-5,4,1,train
img97360212129_jpg__2.jpg,img97360212129,test,unknown,d3-5,3,1,test
Day_02191732_Right_Back_Cut1_00551_jpg.jpg,Day_02191732_Right_Back_Cut1,train,outdoor,d6-10,7,1,train
output1_mp4-5_jpg.jpg,output1_mp4-5,train,unknown,d3-5,3,1,train
output1_mp4-5_jpg__2.jpg,output1_mp4-5,train,unknown,d3-5,3,2,test
8640_jpg.jpg,8640,train,unknown,d10+,15,1,train
8640_jpg__2.jpg,8640,train,unknown,d10+,15,1,train
01-08-2022__03-07-41PM_jpg.jpg,01-08-2022__03-07-41PM,val,indoor,d3-5,4,1,train
040841_00_379768_jpg.jpg,040841_00,train,semi,d0-2,1,4,train
01-08-2022__03-07-41PM_jpg__2.jpg,01-08-2022__03-07-41PM,val,indoor,d3-5,4,1,test
01-08-2022__09-49-54AM_jpg.jpg,01-08-2022__09-49-54AM,train,indoor,d0-2,1,2,train
01-08-2022__10-36-33AM_jpg.jpg,01-08-2022__10-36-33AM,train,indoor,d0-2,2,3,train
img970324163943_jpg.jpg,img970324163943,train,unknown,d0-2,1,2,valid
img970324163943_jpg__2.jpg,img970324163943,train,unknown,d0-2,1,1,train
01-08-2022__01-26-22PM_jpg.jpg,01-08-2022__01-26-22PM,train,indoor,d0-2,1,4,train
img96579661753_jpg.jpg,img96579661753,train,unknown,d3-5,4,2,train
img96579626867_jpg.jpg,img96579626867,train,unknown,d0-2,1,1,train
img96579626867_jpg__2.jpg,img96579626867,train,unknown,d0-2,1,2,train
img965796200431_jpg.jpg,img965796200431,val,unknown,d0-2,1,2,train
040841_00_379768_jpg__2.jpg,040841_00,train,semi,d0-2,1,1,train
01-08-2022__02-50-59PM_jpg.jpg,01-08-2022__02-50-59PM,train,indoor,d3-5,4,2,test
Day_07141436_Right_Back_Cut1_00718_jpg.jpg,Day_07141436_Right_Back_Cut1,train,outdoor,d6-10,8,3,train
Day_07141436_Right_Back_Cut1_00718_jpg__2.jpg,Day_07141436_Right_Back_Cut1,train,outdoor,d6-10,4,1,valid
Day_07141436_Right_Back_Cut1_00228_jpg.jpg,Day_07141436_Right_Back_Cut1,train,outdoor,d6-10,4,2,train
image_811_jpg.jpg,image,train,indoor,d3-5,11,1,train
01-08-2022__01-21-27PM_jpg.jpg,01-08-2022__01-21-27PM,test,indoor,d3-5,4,3,train
Day_07141436_Right_Back_Cut1_00528_jpg.jpg,Day_07141436_Right_Back_Cut1,train,outdoor,d6-10,5,4,train
Day_07141436_Right_Back_Cut1_00528_jpg__2.jpg,Day_07141436_Right_Back_Cut1,train,outdoor,d6-10,4,4,test
img965796332539_jpg.jpg,img965796332539,train,unknown,d6-10,8,2,train
img965796332539_jpg__2.jpg,img965796332539,train,unknown,d6-10,8,1,valid
image_397_jpg.jpg,image,train,indoor,d3-5,3,2,train
75d49d0b-691f-43f1-977f-6a13c66957dc_jpg.jpg,75d49d0b-691f-43f1-977f-6a13c66957dc,train,unknown,d0-2,2,3,train
Day_2102191625_N_Right_Back_Cut1_00164_jpg.jpg,Day_2102191625_N_Right_Back_Cut1,train,outdoor,d0-2,3,4,train
Day_07141436_Right_Back_Cut1_00898_jpg.jpg,Day_07141436_Right_Back_Cut1,train,outdoor,d6-10,9,4,train
01-08-2022__03-26-49PM_jpg.jpg,01-08-2022__03-26-49PM,train,indoor,d3-5,4,2,train
output1_mp4-17_jpg.jpg,output1_mp4-17,train,unknown,d3-5,3,4,valid
output1_mp4-17_jpg__2.jpg,output1_mp4-17,train,unknown,d3-5,3,2,valid
00987_jpg.jpg,00987,train,unknown,d0-2,1,3,train
img97032415239_jpg.jpg,img97032415239,train,unknown,d0-2,2,1,train
img97032415239_jpg__2.jpg,img97032415239,train,unknown,d0-2,2,1,train
image_301_jpg.jpg,image,train,indoor,d3-5,4,1,train
Day_2102191726_P_Right_Back_Cut1_00486_jpg.jpg,Day_2102191726_P_Right_Back_Cut1,train,outdoor,d3-5,2,4,train
S1-T1-C-01811_jpeg_jpg.jpg,S1-T1-C-01811_jpeg,train,unknown,d3-5,3,2,train
S1-T1-C-01811_jpeg_jpg__2.jpg,S1-T1-C-01811_jpeg,train,unknown,d3-5,3,2,test
75f04f24-75dc-4ce4-9d84-be4cb8051cab_jpg.jpg,75f04f24-75dc-4ce4-9d84-be4cb8051cab,train,unknown,d0-2,2,2,train
75f04f24-75dc-4ce4-9d84-be4cb8051cab_jpg__2.jpg,75f04f24-75dc-4ce4-9d84-be4cb8051cab,train,unknown,d0-2,2,1,train
Day_2102191726_P_Right_Back_Cut1_00426_jpg.jpg,Day_2102191726_P_Right_Back_Cut1,train,outdoor,d3-5,2,1,train
Day_2102191726_P_Right_Back_Cut1_00426_jpg__2.jpg,Day_2102191726_P_Right_Back_Cut1,train,outdoor,d3-5,2,2,test
img97032462630_jpg.jpg,img97032462630,train,unknown,d3-5,3,2,train
img97032462630_jpg__2.jpg,img97032462630,train,unknown,d3-5,3,2,test
CAM8-20-08-2022__11-50-37AMgt_jpg.jpg,CAM8-20-08-2022__11-50-37AMgt,train,unknown,d3-5,5,1,train
040840_51_583513_jpg.jpg,040840_51,train,semi,d0-2,1,2,train
CrossRoad-001_00085_jpg__2.jpg,CrossRoad-001,val,outdoor,d0-2,3,3,train
Day_2102191726_P_Right_Back_Cut1_00486_jpg__2.jpg,Day_2102191726_P_Right_Back_Cut1,train,outdoor,d3-5,2,2,train
Day_07141436_Right_Back_Cut1_01378_jpg.jpg,Day_07141436_Right_Back_Cut1,train,outdoor,d6-10,11,5,train
SJTU_SEIEE-182_330-02866_jpg.jpg,SJTU_SEIEE-182_330,train,unknown,d3-5,2,2,train
Day_07141436_Right_Back_Cut1_00668_jpg.jpg,Day_07141436_Right_Back_Cut1,train,outdoor,d6-10,7,2,test
040843_09_637055_jpg.jpg,040843_09,train,semi,d0-2,1,1,train
image_356_jpg.jpg,image,train,indoor,d3-5,5,2,train
040843_09_996403_jpg.jpg,040843_09,train,semi,d0-2,1,1,train
image_799_jpg.jpg,image,train,indoor,d3-5,1,3,test
image_24_jpg.jpg,image_24,train,indoor,d0-2,2,1,train
CAM31-15-09-2022__09-51-42AMgt_jpg.jpg,CAM31-15-09-2022__09-51-42AMgt,train,unknown,d0-2,1,4,train
CAM31-15-09-2022__09-51-42AMgt_jpg__2.jpg,CAM31-15-09-2022__09-51-42AMgt,train,unknown,d0-2,1,1,test
Day_2102191709_N_Right_Back_2_Cut1_00451_jpg.jpg,Day_2102191709_N_Right_Back_2_Cut1,test,outdoor,d6-10,4,1,train
01-08-2022__04-09-20PM_jpg.jpg,01-08-2022__04-09-20PM,train,indoor,d0-2,1,1,train
Day_07141436_Right_Back_Cut1_00108_jpg.jpg,Day_07141436_Right_Back_Cut1,train,outdoor,d6-10,3,3,train
Day_02191732_Right_Back_Cut1_00691_jpg.jpg,Day_02191732_Right_Back_Cut1,train,outdoor,d6-10,8,2,train
SeieeDept-025_00139_jpg.jpg,SeieeDept-025,train,outdoor,d0-2,3,2,train
SeieeDept-025_00139_jpg__2.jpg,SeieeDept-025,train,outdoor,d0-2,3,1,train
img96579655901_jpg.jpg,img96579655901,train,unknown,d3-5,4,1,train
S1-T1-C-00000_jpeg_jpg.jpg,S1-T1-C-00000_jpeg,train,unknown,d3-5,4,3,train
image_512_jpg.jpg,image,train,indoor,d3-5,1,3,train
image_512_jpg__2.jpg,image,train,indoor,d3-5,1,1,train
img965796275848_jpg.jpg,img965796275848,train,unknown,d0-2,1,1,train
01-08-2022__04-06-30PM_jpg.jpg,01-08-2022__04-06-30PM,val,indoor,d0-2,2,2,test
image_jpg.jpg,image,train,indoor,d3-5,2,1,train
image_jpg__2.jpg,image,train,indoor,d3-5,2,1,test
image_866_jpg.jpg,image,train,indoor,d3-5,1,1,train
image_866_jpg__2.jpg,image,train,indoor,d3-5,1,2,train
S1-T1-C-00968_jpeg_jpg.jpg,S1-T1-C-00968_jpeg,test,unknown,d0-2,2,2,train
BridgeEntrance-003_00295_jpg.jpg,BridgeEntrance-003,train,outdoor,d0-2,1,1,train
01-08-2022__12-26-21PM_jpg.jpg,01-08-2022__12-26-21PM,train,indoor,d0-2,1,1,train
Day_2102191709_N_Right_Back_2_Cut1_00141_jpg.jpg,Day_2102191709_N_Right_Back_2_Cut1,test,outdoor,d6-10,7,2,train
S1-T1-C-00095_jpeg_jpg.jpg,S1-T1-C-00095_jpeg,train,unknown,d0-2,1,2,train
img973602184261_jpg.jpg,img973602184261,train,unknown,d0-2,1,2,train
01-08-2022__04-06-30PM_jpg__2.jpg,01-08-2022__04-06-30PM,val,indoor,d0-2,2,1,train
CAM15-26-08-2022__05-14-45PMgt_jpg.jpg,CAM15-26-08-2022__05-14-45PMgt,train,unknown,d0-2,2,2,train
image_423_jpg.jpg,image,train,indoor,d3-5,3,4,valid
image_423_jpg__2.jpg,image,train,indoor,d3-5,3,1,valid
00273_jpg.jpg,00273,train,unknown,d0-2,1,2,train
00273_jpg__2.jpg,00273,train,unknown,d0-2,1,2,test
image_803_jpg.jpg,image,train,indoor,d3-5,2,1,train
image_803_jpg__2.jpg,image,train,indoor,d3-5,2,1,train
Day_07141436_Right_Back_Cut1_00218_jpg.jpg,Day_07141436_Right_Back_Cut1,train,outdoor,d6-10,4,5,train
img970324139330_jpg.jpg,img970324139330,train,unknown,d3-5,3,2,train
img970324139330_jpg__2.jpg,img970324139330,train,unknown,d3-5,3,1,valid
040843_10_746350_jpg.jpg,040843_10,train,semi,d0-2,1,2,train
img97032498156_jpg.jpg,img97032498156,train,unknown,d0-2,2,2,train
01-08-2022__01-54-35PM_jpg.jpg,01-08-2022__01-54-35PM,train,indoor,d6-10,6,1,train
01-08-2022__10-35-39AM_jpg.jpg,01-08-2022__10-35-39AM,val,indoor,d3-5,5,1,train
01-08-2022__10-35-39AM_jpg__2.jpg,01-08-2022__10-35-39AM,val,indoor,d3-5,5,1,valid
CAM9-26-08-2022__05-13-13PMgt_jpg.jpg,CAM9-26-08-2022__05-13-13PMgt,test,unknown,d3-5,4,4,valid
CAM9-26-08-2022__05-13-13PMgt_jpg__2.jpg,CAM9-26-08-2022__05-13-13PMgt,test,unknown,d3-5,4,2,train
SeieeDept-036_00040_jpg.jpg,SeieeDept-036,train,outdoor,d0-2,6,4,valid
Day_202102191756_P_Right_Back_Cut1_00745_jpg.jpg,Day_202102191756_P_Right_Back_Cut1,val,outdoor,d6-10,10,1,train
Day_202102191756_P_Right_Back_Cut1_00745_jpg__2.jpg,Day_202102191756_P_Right_Back_Cut1,val,outdoor,d6-10,10,2,valid
040840_56_708150_jpg.jpg,040840_56,train,semi,d0-2,1,1,train
040843_10_746350_jpg__2.jpg,040843_10,train,semi,d0-2,1,2,test
img97360251828_jpg.jpg,img97360251828,train,unknown,d0-2,2,1,train
img97360251828_jpg__2.jpg,img97360251828,train,unknown,d0-2,2,1,train
Day_202102191756_P_Right_Back_Cut1_00785_jpg.jpg,Day_202102191756_P_Right_Back_Cut1,val,outdoor,d6-10,7,2,train
Day_202102191756_P_Right_Back_Cut1_00785_jpg__2.jpg,Day_202102191756_P_Right_Back_Cut1,val,outdoor,d6-10,7,1,valid
SeieeDept-018_00491_jpg.jpg,SeieeDept-018,train,outdoor,d0-2,2,2,test
SeieeDept-018_00491_jpg__2.jpg,SeieeDept-018,train,outdoor,d0-2,2,1,valid
image00600_jpg.jpg,image00600,train,indoor,d10+,47,1,train
image00600_jpg__2.jpg,image00600,train,indoor,d10+,49,2,train
Day_202102191756_P_Right_Back_Cut1_00015_jpg.jpg,Day_202102191756_P_Right_Back_Cut1,val,outdoor,d6-10,5,4,train
image_443_jpg.jpg,image,train,indoor,d3-5,3,1,train
Day_07141436_Right_Back_Cut1_01338_jpg.jpg,Day_07141436_Right_Back_Cut1,train,outdoor,d6-10,9,1,train
image_443_jpg__2.jpg,image,train,indoor,d3-5,3,1,valid
image_647_jpg.jpg,image,train,indoor,d3-5,3,1,train
image_647_jpg__2.jpg,image,train,indoor,d3-5,3,2,valid
7_png_jpg.jpg,7,train,unknown,d6-10,6,1,train
7_png_jpg__2.jpg,7,train,unknown,d6-10,6,2,train
img97360215327_jpg.jpg,img97360215327,test,unknown,d3-5,5,2,train
image_178_jpg.jpg,image,train,indoor,d3-5,4,2,test
image_178_jpg__2.jpg,image,train,indoor,d3-5,4,1,test
Day_07141436_Right_Back_Cut1_00408_jpg.jpg,Day_07141436_Right_Back_Cut1,train,outdoor,d6-10,2,1,train
Day_07141436_Right_Back_Cut1_00408_jpg__2.jpg,Day_07141436_Right_Back_Cut1,train,outdoor,d6-10,2,1,valid
Day_07141436_Right_Back_Cut1_01338_jpg__2.jpg,Day_07141436_Right_Back_Cut1,train,outdoor,d6-10,9,1,valid
S1-T1-C-00222_jpeg_jpg.jpg,S1-T1-C-00222_jpeg,train,unknown,d6-10,6,2,valid
S1-T1-C-00222_jpeg_jpg__2.jpg,S1-T1-C-00222_jpeg,train,unknown,d6-10,5,1,valid
01-08-2022__01-25-44PM_jpg.jpg,01-08-2022__01-25-44PM,train,indoor,d6-10,7,3,test
img970324111715_jpg.jpg,img970324111715,test,unknown,d0-2,1,2,train
SeieeDept-019_00719_jpg.jpg,SeieeDept-019,train,outdoor,d0-2,1,1,train
SeieeDept-019_00719_jpg__2.jpg,SeieeDept-019,train,outdoor,d0-2,1,1,valid
01-08-2022__11-06-01AM_jpg.jpg,01-08-2022__11-06-01AM,train,indoor,d0-2,2,1,train
SeieeDept-051_00521_jpg.jpg,SeieeDept-051,train,outdoor,d0-2,1,3,test
SeieeDept-051_00521_jpg__2.jpg,SeieeDept-051,train,outdoor,d0-2,1,1,train
Day_2102191726_P_Right_Back_Cut1_00246_jpg.jpg,Day_2102191726_P_Right_Back_Cut1,train,outdoor,d3-5,9,3,test
01-08-2022__12-51-18PM_jpg.jpg,01-08-2022__12-51-18PM,train,indoor,d0-2,2,1,train
Day_07141436_Right_Back_Cut1_00918_jpg.jpg,Day_07141436_Right_Back_Cut1,train,outdoor,d6-10,10,5,train
railway-759_jpg.jpg,railway,test,unknown,d10+,19,4,valid
railway-759_jpg__2.jpg,railway,test,unknown,d10+,19,2,valid
01-08-2022__01-50-31PM_jpg.jpg,01-08-2022__01-50-31PM,train,indoor,d0-2,1,3,train
01-08-2022__01-50-31PM_jpg__2.jpg,01-08-2022__01-50-31PM,train,indoor,d0-2,1,1,valid
image_792_jpg.jpg,image,train,indoor,d3-5,5,4,train
01-08-2022__08-48-06AM_jpg.jpg,01-08-2022__08-48-06AM,train,indoor,d0-2,1,2,test
01-08-2022__08-48-06AM_jpg__2.jpg,01-08-2022__08-48-06AM,train,indoor,d0-2,1,2,valid
img965796335591_jpg.jpg,img965796335591,train,unknown,d6-10,6,2,test
image_25_jpg.jpg,image_25,train,indoor,d0-2,1,2,train
img96579646668_jpg.jpg,img96579646668,train,unknown,d3-5,5,2,train
10080_jpg.jpg,10080,train,unknown,d10+,12,1,train
image_256_jpg.jpg,image,train,indoor,d3-5,3,1,train
01-08-2022__02-22-20PM_jpg.jpg,01-08-2022__02-22-20PM,val,indoor,d0-2,2,1,train
01-08-2022__09-40-32AM_jpg.jpg,01-08-2022__09-40-32AM,train,indoor,d0-2,2,1,train
01-08-2022__09-40-32AM_jpg__2.jpg,01-08-2022__09-40-32AM,train,indoor,d0-2,2,3,train
Day_07141436_Right_Back_Cut1_01028_jpg.jpg,Day_07141436_Right_Back_Cut1,train,outdoor,d6-10,10,1,train
Day_07141436_Right_Back_Cut1_01028_jpg__2.jpg,Day_07141436_Right_Back_Cut1,train,outdoor,d6-10,10,2,test
Day_06101541_Right_Back_2_Cut1_00280_jpg.jpg,Day_06101541_Right_Back_2_Cut1,train,outdoor,d6-10,3,2,train
2018_8_13_19_8_54_677_jpg.jpg,2018_8_13_19_8_54,test,unknown,d6-10,10,1,train
2018_8_13_19_8_54_677_jpg__2.jpg,2018_8_13_19_8_54,test,unknown,d6-10,10,2,valid
1909906_515202711945604_3198680618213679373_n-jpg-gallery_jpg.jpg,1909906_515202711945604_3198680618213679373_n-jpg-gallery,train,semi,d0-2,1,2,train
image_732_jpg.jpg,image,train,indoor,d3-5,4,1,train
01-08-2022__04-09-38PM_jpg.jpg,01-08-2022__04-09-38PM,train,indoor,d0-2,1,2,train
01-08-2022__04-09-38PM_jpg__2.jpg,01-08-2022__04-09-38PM,train,indoor,d0-2,1,1,train
Day_202102191756_P_Right_Back_Cut1_00155_jpg.jpg,Day_202102191756_P_Right_Back_Cut1,val,outdoor,d6-10,5,4,valid
image_630_jpg.jpg,image,train,indoor,d3-5,7,1,train
image_630_jpg__2.jpg,image,train,indoor,d3-5,7,2,test
Road-004_00243_jpg.jpg,Road-004,train,outdoor,d0-2,1,1,train
Day_06101541_Right_Back_2_Cut1_00610_jpg.jpg,Day_06101541_Right_Back_2_Cut1,train,outdoor,d6-10,9,1,train
Day_06101541_Right_Back_2_Cut1_00610_jpg__2.jpg,Day_06101541_Right_Back_2_Cut1,train,outdoor,d6-10,9,1,test
image_732_jpg__2.jpg,image,train,indoor,d3-5,4,1,valid
Day_02191732_Right_Back_Cut1_00461_jpg.jpg,Day_02191732_Right_Back_Cut1,train,outdoor,d6-10,6,4,train
CAM46-25-08-2022__07-03-31PMgt_jpg.jpg,CAM46-25-08-2022__07-03-31PMgt,train,unknown,d3-5,4,2,valid
Day_02191732_Right_Back_Cut1_00711_jpg.jpg,Day_02191732_Right_Back_Cut1,train,outdoor,d6-10,8,1,train
img96579664099_jpg.jpg,img96579664099,test,unknown,d3-5,3,2,valid
img96579664099_jpg__2.jpg,img96579664099,test,unknown,d3-5,3,1,valid
image_391_jpg.jpg,image,train,indoor,d3-5,3,1,train
01529_jpg.jpg,01529,train,unknown,d0-2,1,4,train
01529_jpg__2.jpg,01529,train,unknown,d0-2,1,1,train
Day_2102191625_N_Right_Back_Cut1_00354_jpg.jpg,Day_2102191625_N_Right_Back_Cut1,train,outdoor,d0-2,2,2,train
image_735_jpg.jpg,image,train,indoor,d3-5,3,2,train
CAM29-24-08-2022__09-16-12PMgt_jpg.jpg,CAM29-24-08-2022__09-16-12PMgt,train,unknown,d0-2,2,3,valid
Day_07141436_Right_Back_Cut1_00288_jpg.jpg,Day_07141436_Right_Back_Cut1,train,outdoor,d6-10,3,1,train
00540_jpg.jpg,00540,train,unknown,d0-2,1,3,valid
00943_jpg.jpg,00943,train,unknown,d0-2,1,1,train
img96579638654_jpg.jpg,img96579638654,train,unknown,d0-2,1,2,valid
image_668_jpg.jpg,image,train,indoor,d3-5,3,1,train
01-08-2022__11-36-41AM_jpg.jpg,01-08-2022__11-36-41AM,train,indoor,d0-2,1,2,test
image_825_jpg.jpg,image,train,indoor,d3-5,7,2,train
image_825_jpg__2.jpg,image,train,indoor,d3-5,7,1,valid
01-08-2022__01-19-20PM_jpg.jpg,01-08-2022__01-19-20PM,train,indoor,d0-2,1,3,test
BridgeEntrance-002_00008_jpg.jpg,BridgeEntrance-002,train,outdoor,d3-5,8,3,train
CAM29-24-08-2022__09-16-12PMgt_jpg__2.jpg,CAM29-24-08-2022__09-16-12PMgt,train,unknown,d0-2,2,2,test
4_PNG_jpg.jpg,4_PNG,train,unknown,d0-2,2,1,train
4_PNG_jpg__2.jpg,4_PNG,train,unknown,d0-2,2,1,train
image_160_jpg.jpg,image,train,indoor,d3-5,4,2,valid
image_160_jpg__2.jpg,image,train,indoor,d3-5,4,1,train
trains-photo-shoot_jpg.jpg,trains-photo-shoot,train,unknown,d0-2,2,1,train
image_351_jpg.jpg,image,train,indoor,d3-5,6,3,test
CrossRoad-001_00081_jpg.jpg,CrossRoad-001,val,outdoor,d0-2,1,1,train
SJTU_SEIEE-182_330-02734_jpg.jpg,SJTU_SEIEE-182_330,train,unknown,d3-5,2,2,train
SJTU_SEIEE-182_330-02734_jpg__2.jpg,SJTU_SEIEE-182_330,train,unknown,d3-5,2,1,valid
image_662_jpg.jpg,image,train,indoor,d3-5,3,1,train
S1-T1-C-00377_jpeg_jpg.jpg,S1-T1-C-00377_jpeg,train,unknown,d3-5,3,1,train
SeieeDept-011_00995_jpg.jpg,SeieeDept-011,train,outdoor,d0-2,1,4,test
Day_2102191709_N_Right_Back_2_Cut1_00171_jpg.jpg,Day_2102191709_N_Right_Back_2_Cut1,test,outdoor,d6-10,7,3,train
img965796193569_jpg.jpg,img965796193569,train,unknown,d3-5,3,1,train
img965796193569_jpg__2.jpg,img965796193569,train,unknown,d3-5,3,1,valid
01681_jpg.jpg,01681,train,unknown,d0-2,1,3,train
Day_02191732_Right_Back_Cut1_00011_jpg.jpg,Day_02191732_Right_Back_Cut1,train,outdoor,d6-10,8,1,train
image_151_jpg.jpg,image,train,indoor,d3-5,7,3,train
image_151_jpg__2.jpg,image,train,indoor,d3-5,7,1,train
CAM26-15-09-2022__09-51-42AMgt_jpg.jpg,CAM26-15-09-2022__09-51-42AMgt,train,unknown,d0-2,1,1,train
Day_2102191709_N_Right_Back_2_Cut1_00481_jpg.jpg,Day_2102191709_N_Right_Back_2_Cut1,test,outdoor,d6-10,6,2,valid
Day_202102191756_P_Right_Back_Cut1_00185_jpg.jpg,Day_202102191756_P_Right_Back_Cut1,val,outdoor,d6-10,6,1,train
image_335_jpg.jpg,image,train,indoor,d3-5,6,3,train
CAM8-20-08-2022__11-54-34AMgt_jpg.jpg,CAM8-20-08-2022__11-54-34AMgt,train,unknown,d3-5,4,3,train
CAM8-20-08-2022__11-54-34AMgt_jpg__2.jpg,CAM8-20-08-2022__11-54-34AMgt,train,unknown,d3-5,4,1,valid
Day_2102191709_N_Right_Back_2_Cut1_00431_jpg.jpg,Day_2102191709_N_Right_Back_2_Cut1,test,outdoor,d6-10,5,2,train
Day_2102191709_N_Right_Back_2_Cut1_00431_jpg__2.jpg,Day_2102191709_N_Right_Back_2_Cut1,test,outdoor,d6-10,5,1,train
01-08-2022__02-51-39PM_jpg.jpg,01-08-2022__02-51-39PM,train,indoor,d0-2,2,2,train
01-08-2022__02-51-39PM_jpg__2.jpg,01-08-2022__02-51-39PM,train,indoor,d0-2,2,1,valid
SeieeDept-023_00382_jpg.jpg,SeieeDept-023,val,outdoor,d3-5,1,1,train
Day_2102191625_N_Right_Back_Cut1_00064_jpg.jpg,Day_2102191625_N_Right_Back_Cut1,train,outdoor,d0-2,3,2,train
image_139_jpg.jpg,image,train,indoor,d3-5,2,3,train
Day_202102191756_P_Right_Back_Cut1_00185_jpg__2.jpg,Day_202102191756_P_Right_Back_Cut1,val,outdoor,d6-10,6,1,train
img970324158059_jpg.jpg,img970324158059,val,unknown,d3-5,5,3,train
img970324158059_jpg__2.jpg,img970324158059,val,unknown,d3-5,5,1,train
img970324158059_jpg__3.jpg,img970324158059,val,unknown,d3-5,5,2,valid
040841_03_753376_jpg.jpg,040841_03,train,semi,d0-2,1,4,train
01847_jpg.jpg,01847,train,unknown,d0-2,1,1,train
Day_07141436_Right_Back_Cut1_00118_jpg.jpg,Day_07141436_Right_Back_Cut1,train,outdoor,d6-10,3,1,train
02037_jpg.jpg,02037,train,unknown,d0-2,1,4,train
02037_jpg__2.jpg,02037,train,unknown,d0-2,1,2,train
01-08-2022__09-01-59AM_jpg.jpg,01-08-2022__09-01-59AM,train,indoor,d3-5,4,2,valid
image_750_jpg.jpg,image,train,indoor,d3-5,7,1,train
51840_jpg.jpg,51840,train,unknown,d6-10,8,2,train
image_750_jpg__2.jpg,image,train,indoor,d3-5,7,1,train
Day_07141436_Right_Back_Cut1_01478_jpg.jpg,Day_07141436_Right_Back_Cut1,train,outdoor,d6-10,11,3,train
Day_07141436_Right_Back_Cut1_01478_jpg__2.jpg,Day_07141436_Right_Back_Cut1,train,outdoor,d6-10,10,2,train
SeieeDept-013_00686_jpg.jpg,SeieeDept-013,train,outdoor,d0-2,1,2,train
SeieeDept-013_00686_jpg__2.jpg,SeieeDept-013,train,outdoor,d0-2,1,1,train
img9657969186_jpg.jpg,img9657969186,train,unknown,d6-10,6,1,train
img9657969186_jpg__2.jpg,img9657969186,train,unknown,d6-10,6,1,train
Day_2102191625_N_Right_Back_Cut1_00594_jpg.jpg,Day_2102191625_N_Right_Back_Cut1,train,outdoor,d0-2,2,3,train
CAM18-23-08-2022__05-28-35PMgt_jpg.jpg,CAM18-23-08-2022__05-28-35PMgt,train,unknown,d0-2,1,1,train
Day_2102191625_N_Right_Back_Cut1_00714_jpg.jpg,Day_2102191625_N_Right_Back_Cut1,train,outdoor,d0-2,3,2,test
51840_jpg__2.jpg,51840,train,unknown,d6-10,8,2,train
image00050_jpg.jpg,image00050,train,indoor,d10+,33,2,train
image_389_jpg.jpg,image,train,indoor,d3-5,3,2,train
image_389_jpg__2.jpg,image,train,indoor,d3-5,2,1,valid
CAM33-15-09-2022__05-50-11PMgt_jpg.jpg,CAM33-15-09-2022__05-50-11PMgt,test,unknown,d3-5,3,3,valid
CAM33-15-09-2022__05-50-11PMgt_jpg__2.jpg,CAM33-15-09-2022__05-50-11PMgt,test,unknown,d3-5,3,1,valid
00565_jpg.jpg,00565,train,unknown,d0-2,1,2,train
CAM11-25-08-2022__07-01-56PMgt_jpg.jpg,CAM11-25-08-2022__07-01-56PMgt,train,unknown,d0-2,2,4,valid
SJTU_SEIEE-182_330-02071_jpg.jpg,SJTU_SEIEE-182_330,train,unknown,d3-5,5,1,train
Day_07141436_Right_Back_Cut1_00148_jpg.jpg,Day_07141436_Right_Back_Cut1,train,outdoor,d6-10,3,3,train
Day_07141436_Right_Back_Cut1_00148_jpg__2.jpg,Day_07141436_Right_Back_Cut1,train,outdoor,d6-10,2,2,test
opencv_frame_20115_png_jpg.jpg,opencv_frame,train,indoor,d0-2,1,4,train
img96579639792_jpg.jpg,img96579639792,val,unknown,d3-5,3,3,train
img96579639792_jpg__2.jpg,img96579639792,val,unknown,d3-5,3,1,train
01-08-2022__12-19-52PM_jpg.jpg,01-08-2022__12-19-52PM,train,indoor,d3-5,4,2,train
01-08-2022__12-19-52PM_jpg__2.jpg,01-08-2022__12-19-52PM,train,indoor,d3-5,4,1,valid
Day_02191732_Right_Back_Cut1_00021_jpg.jpg,Day_02191732_Right_Back_Cut1,train,outdoor,d6-10,7,3,train
040840_51_177288_jpg.jpg,040840_51,train,semi,d0-2,1,1,train
040840_51_177288_jpg__2.jpg,040840_51,train,semi,d0-2,1,3,train
01-08-2022__03-24-32PM_jpg.jpg,01-08-2022__03-24-32PM,val,indoor,d3-5,4,1,train
01-08-2022__03-24-32PM_jpg__2.jpg,01-08-2022__03-24-32PM,val,indoor,d3-5,4,1,valid
01-08-2022__02-15-12PM_jpg.jpg,01-08-2022__02-15-12PM,train,indoor,d0-2,2,3,test
01-08-2022__08-37-18AM_jpg.jpg,01-08-2022__08-37-18AM,test,indoor,d3-5,4,3,train
opencv_frame_20115_png_jpg__2.jpg,opencv_frame,train,indoor,d0-2,1,3,valid
SeieeDept-014_00316_jpg.jpg,SeieeDept-014,train,outdoor,d3-5,3,2,valid
SeieeDept-014_00316_jpg__2.jpg,SeieeDept-014,train,outdoor,d3-5,3,1,test
SeieeDept-022_00554_jpg.jpg,SeieeDept-022,train,outdoor,d0-2,1,3,train
CAM39-26-08-2022__05-14-48PMgt_jpg.jpg,CAM39-26-08-2022__05-14-48PMgt,train,unknown,d0-2,2,2,train
CAM39-26-08-2022__05-14-48PMgt_jpg__2.jpg,CAM39-26-08-2022__05-14-48PMgt,train,unknown,d0-2,2,1,valid
Day_02191732_Right_Back_Cut1_00541_jpg.jpg,Day_02191732_Right_Back_Cut1,train,outdoor,d6-10,8,1,train
image_650_jpg.jpg,image,train,indoor,d3-5,7,1,train
59040_jpg.jpg,59040,train,unknown,d6-10,8,4,train
01-08-2022__08-51-12AM_jpg.jpg,01-08-2022__08-51-12AM,train,indoor,d0-2,2,1,train
cctv-looking-down-on-city-square-overhead-view-of-people-walking-in-city-or-town-square-stock-footage_csp92508717_jpg.jpg,cctv-looking-down-on-city-square-overhead-view-of-people-walking-in-city-or-town-square-stock-footage_csp92508717,train,unknown,d10+,39,2,train
opencv_frame_20115_png_jpg__3.jpg,opencv_frame,train,indoor,d0-2,1,2,valid
BridgeEntrance-005_00035_jpg.jpg,BridgeEntrance-005,train,outdoor,d3-5,4,1,train
01-08-2022__04-19-59PM_jpg.jpg,01-08-2022__04-19-59PM,train,indoor,d3-5,3,1,train
Day_2102191726_P_Right_Back_Cut1_00406_jpg.jpg,Day_2102191726_P_Right_Back_Cut1,train,outdoor,d3-5,4,1,train
Day_202102191756_P_Right_Back_Cut1_00795_jpg.jpg,Day_202102191756_P_Right_Back_Cut1,val,outdoor,d6-10,7,1,train
Day_02191732_Right_Back_Cut1_00031_jpg.jpg,Day_02191732_Right_Back_Cut1,train,outdoor,d6-10,7,3,train
Day_02191732_Right_Back_Cut1_00031_jpg__2.jpg,Day_02191732_Right_Back_Cut1,train,outdoor,d6-10,7,1,valid
BridgeEntrance-008_00294_jpg.jpg,BridgeEntrance-008,train,outdoor,d3-5,3,3,train
image_305_jpg.jpg,image,train,indoor,d3-5,6,1,train
CAM39-21-08-2022__06-27-33PMgt_jpg.jpg,CAM39-21-08-2022__06-27-33PMgt,train,unknown,d0-2,2,1,train
BridgeEntrance-008_00318_jpg.jpg,BridgeEntrance-008,train,outdoor,d3-5,1,2,train
opencv_frame_20115_png_jpg__4.jpg,opencv_frame,train,indoor,d0-2,1,2,train
040840_52_599063_jpg.jpg,040840_52,train,semi,d0-2,1,3,valid
SeieeDept-036_00721_jpg.jpg,SeieeDept-036,train,outdoor,d0-2,1,2,valid
Day_02191732_Right_Back_Cut1_00111_jpg.jpg,Day_02191732_Right_Back_Cut1,train,outdoor,d6-10,6,3,train
Day_02191732_Right_Back_Cut1_00111_jpg__2.jpg,Day_02191732_Right_Back_Cut1,train,outdoor,d6-10,6,1,train
image_913_jpg.jpg,image,train,indoor,d3-5,3,4,valid
image_913_jpg__2.jpg,image,train,indoor,d3-5,3,2,train
CAM9-15-09-2022__09-51-41AMgt_jpg.jpg,CAM9-15-09-2022__09-51-41AMgt,train,unknown,d6-10,10,1,train
SeieeDept-025_01468_jpg.jpg,SeieeDept-025,train,outdoor,d0-2,2,1,train
01-08-2022__12-30-36PM_jpg.jpg,01-08-2022__12-30-36PM,val,indoor,d6-10,7,5,valid
Day_2102191726_P_Right_Back_Cut1_00446_jpg.jpg,Day_2102191726_P_Right_Back_Cut1,train,outdoor,d3-5,2,3,test
image04650_jpg.jpg,image04650,train,indoor,d10+,26,1,train
Day_07141436_Right_Back_Cut1_01118_jpg.jpg,Day_07141436_Right_Back_Cut1,train,outdoor,d6-10,9,1,train
Day_07141436_Right_Back_Cut1_01118_jpg__2.jpg,Day_07141436_Right_Back_Cut1,train,outdoor,d6-10,10,2,test
01-08-2022__04-25-56PM_jpg.jpg,01-08-2022__04-25-56PM,val,indoor,d0-2,1,1,train
01-08-2022__04-06-29PM_jpg.jpg,01-08-2022__04-06-29PM,val,indoor,d3-5,3,2,test
01-08-2022__04-06-29PM_jpg__2.jpg,01-08-2022__04-06-29PM,val,indoor,d3-5,3,1,test
img97032412077_jpg.jpg,img97032412077,train,unknown,d0-2,1,2,valid
img97032412077_jpg__2.jpg,img97032412077,train,unknown,d0-2,1,3,valid
CrossRoad-001_00112_jpg.jpg,CrossRoad-001,val,outdoor,d0-2,1,3,train
01-08-2022__01-45-35PM_jpg.jpg,01-08-2022__01-45-35PM,train,indoor,d0-2,1,2,train
Day_07141436_Right_Back_Cut1_00738_jpg.jpg,Day_07141436_Right_Back_Cut1,train,outdoor,d6-10,9,3,train
image04650_jpg__2.jpg,image04650,train,indoor,d10+,26,1,train
image_347_jpg.jpg,image,train,indoor,d3-5,4,1,train
850978-tracks-cross-072219_jpg.jpg,850978-tracks-cross,train,semi,d10+,28,1,train
01-08-2022__02-41-12PM_jpg.jpg,01-08-2022__02-41-12PM,train,indoor,d0-2,2,2,train
SeieeDept-023_00342_jpg.jpg,SeieeDept-023,val,outdoor,d3-5,3,3,train
SeieeDept-023_00342_jpg__2.jpg,SeieeDept-023,val,outdoor,d3-5,3,2,test
Day_202102191756_P_Right_Back_Cut1_00175_jpg.jpg,Day_202102191756_P_Right_Back_Cut1,val,outdoor,d6-10,5,2,train
01-08-2022__02-27-18PM_jpg.jpg,01-08-2022__02-27-18PM,val,indoor,d0-2,1,2,valid
01-08-2022__02-27-18PM_jpg__2.jpg,01-08-2022__02-27-18PM,val,indoor,d0-2,1,2,valid
Road-002_00227_jpg.jpg,Road-002,train,outdoor,d3-5,3,1,train
44640_jpg.jpg,44640,train,unknown,d10+,14,1,train
Day_2102191625_N_Right_Back_Cut1_00624_jpg.jpg,Day_2102191625_N_Right_Back_Cut1,train,outdoor,d0-2,3,1,train
img970324127689_jpg.jpg,img970324127689,test,unknown,d3-5,4,1,train
01-08-2022__03-03-32PM_jpg.jpg,01-08-2022__03-03-32PM,train,indoor,d0-2,2,1,train
image_432_jpg.jpg,image,train,indoor,d3-5,3,2,train
00520_jpg.jpg,00520,train,unknown,d0-2,2,2,train
00520_jpg__2.jpg,00520,train,unknown,d0-2,2,1,train
01872_jpg.jpg,01872,train,unknown,d0-2,1,1,train
01872_jpg__2.jpg,01872,train,unknown,d0-2,1,2,valid
img970324156884_jpg.jpg,img970324156884,train,unknown,d3-5,3,2,train
img970324156884_jpg__2.jpg,img970324156884,train,unknown,d3-5,3,1,valid
image_196_jpg.jpg,image,train,indoor,d3-5,4,2,valid
Day_2102191625_N_Right_Back_Cut1_00624_jpg__2.jpg,Day_2102191625_N_Right_Back_Cut1,train,outdoor,d0-2,3,1,valid
image_140_jpg.jpg,image,train,indoor,d3-5,2,1,train
image_140_jpg__2.jpg,image,train,indoor,d3-5,2,1,train
SeieeDept-016_00049_jpg.jpg,SeieeDept-016,train,outdoor,d0-2,1,2,valid
SeieeDept-016_00049_jpg__2.jpg,SeieeDept-016,train,outdoor,d0-2,1,1,valid
image_729_jpg.jpg,image,train,indoor,d3-5,5,2,train
Day_2102191625_N_Right_Back_Cut1_00034_jpg.jpg,Day_2102191625_N_Right_Back_Cut1,train,outdoor,d0-2,2,2,train
Day_2102191625_N_Right_Back_Cut1_00034_jpg__2.jpg,Day_2102191625_N_Right_Back_Cut1,train,outdoor,d0-2,2,1,test
image07800_jpg.jpg,image07800,train,indoor,d10+,26,1,train
Day_06101541_Right_Back_2_Cut1_00230_jpg.jpg,Day_06101541_Right_Back_2_Cut1,train,outdoor,d6-10,2,3,train
Day_07141436_Right_Back_Cut1_01038_jpg.jpg,Day_07141436_Right_Back_Cut1,train,outdoor,d6-10,10,1,train
00335_jpg.jpg,00335,train,unknown,d0-2,2,6,train
Day_2102191709_N_Right_Back_2_Cut1_00211_jpg.jpg,Day_2102191709_N_Right_Back_2_Cut1,test,outdoor,d6-10,8,2,valid
Day_2102191709_N_Right_Back_2_Cut1_00211_jpg__2.jpg,Day_2102191709_N_Right_Back_2_Cut1,test,outdoor,d6-10,8,1,train
img97360243159_jpg.jpg,img97360243159,val,unknown,d0-2,2,2,train
img973602175961_jpg.jpg,img973602175961,train,unknown,d0-2,2,1,train
040841_00_582879_jpg.jpg,040841_00,train,semi,d0-2,1,4,test
040841_00_582879_jpg__2.jpg,040841_00,train,semi,d0-2,1,3,test
SeieeDept-027_00257_jpg.jpg,SeieeDept-027,train,outdoor,d0-2,2,3,train
040840_59_801684_jpg.jpg,040840_59,train,semi,d0-2,1,3,train
040840_59_801684_jpg__2.jpg,040840_59,train,semi,d0-2,1,2,train
image_555_jpg.jpg,image,train,indoor,d3-5,6,2,train
CAM42-21-08-2022__06-27-34PMgt_jpg.jpg,CAM42-21-08-2022__06-27-34PMgt,train,unknown,d0-2,1,1,train
01-08-2022__11-01-44AM_jpg.jpg,01-08-2022__11-01-44AM,train,indoor,d0-2,2,4,train
Day_202102191756_P_Right_Back_Cut1_00445_jpg.jpg,Day_202102191756_P_Right_Back_Cut1,val,outdoor,d6-10,11,1,train
Day_202102191756_P_Right_Back_Cut1_00445_jpg__2.jpg,Day_202102191756_P_Right_Back_Cut1,val,outdoor,d6-10,11,2,train
Day_02191732_Right_Back_Cut1_00671_jpg.jpg,Day_02191732_Right_Back_Cut1,train,outdoor,d6-10,7,4,train
img965796294976_jpg.jpg,img965796294976,train,unknown,d0-2,2,2,train
img97032495912_jpg.jpg,img97032495912,train,unknown,d0-2,2,1,train
img97360252913_jpg.jpg,img97360252913,test,unknown,d0-2,2,2,train
CAM38-21-08-2022__06-27-33PMgt_jpg.jpg,CAM38-21-08-2022__06-27-33PMgt,train,unknown,d0-2,1,1,train
CAM38-21-08-2022__06-27-33PMgt_jpg__2.jpg,CAM38-21-08-2022__06-27-33PMgt,train,unknown,d0-2,1,2,train
image08400_jpg.jpg,image08400,test,indoor,d10+,38,4,train
CAM42-21-08-2022__06-27-34PMgt_jpg__2.jpg,CAM42-21-08-2022__06-27-34PMgt,train,unknown,d0-2,1,1,train
image08400_jpg__2.jpg,image08400,test,indoor,d10+,39,1,valid
SJTU_SEIEE-182_330-02770_jpg.jpg,SJTU_SEIEE-182_330,train,unknown,d3-5,2,3,test
01-08-2022__10-58-33AM_jpg.jpg,01-08-2022__10-58-33AM,train,indoor,d3-5,5,2,train
CAM36-25-08-2022__07-03-30PMgt_jpg.jpg,CAM36-25-08-2022__07-03-30PMgt,train,unknown,d0-2,2,2,train
img965796311355_jpg.jpg,img965796311355,train,unknown,d6-10,8,1,train
img965796311355_jpg__2.jpg,img965796311355,train,unknown,d6-10,9,1,train
img965796311355_jpg__3.jpg,img965796311355,train,unknown,d6-10,9,1,test
Day_2102191726_P_Right_Back_Cut1_00476_jpg.jpg,Day_2102191726_P_Right_Back_Cut1,train,outdoor,d3-5,2,3,valid
Road-002_00454_jpg.jpg,Road-002,train,outdoor,d3-5,2,3,train
CAM38-24-08-2022__09-16-13PMgt_jpg.jpg,CAM38-24-08-2022__09-16-13PMgt,train,unknown,d0-2,2,1,train
opencv_frame_12410_png_jpg__2.jpg,opencv_frame,train,indoor,d0-2,1,2,train
01-08-2022__08-37-18AM_jpg__2.jpg,01-08-2022__08-37-18AM,test,indoor,d3-5,4,1,test
01-08-2022__04-00-48PM_jpg.jpg,01-08-2022__04-00-48PM,test,indoor,d3-5,4,3,test
CAM38-24-08-2022__09-16-13PMgt_jpg__2.jpg,CAM38-24-08-2022__09-16-13PMgt,train,unknown,d0-2,2,2,valid
Day_202102191756_P_Right_Back_Cut1_00405_jpg.jpg,Day_202102191756_P_Right_Back_Cut1,val,outdoor,d6-10,6,1,train
Day_2102191709_N_Right_Back_Cut1_00259_jpg.jpg,Day_2102191709_N_Right_Back_Cut1,train,outdoor,d6-10,6,1,train
01-08-2022__11-55-35AM_jpg.jpg,01-08-2022__11-55-35AM,train,indoor,d3-5,4,1,train
image_71_jpg.jpg,image_71,train,indoor,d3-5,3,2,test
image_71_jpg__2.jpg,image_71,train,indoor,d3-5,3,2,valid
Day_02191732_Right_Back_Cut1_00221_jpg.jpg,Day_02191732_Right_Back_Cut1,train,outdoor,d6-10,6,2,valid
SeieeDept-029_00351_jpg.jpg,SeieeDept-029,train,outdoor,d0-2,1,6,valid
image_433_jpg.jpg,image,train,indoor,d3-5,9,2,train
image_433_jpg__2.jpg,image,train,indoor,d3-5,9,1,test
01-08-2022__04-00-48PM_jpg__2.jpg,01-08-2022__04-00-48PM,test,indoor,d3-5,4,1,train
opencv_frame_18810_png_jpg.jpg,opencv_frame,train,indoor,d0-2,3,3,train
opencv_frame_18810_png_jpg__2.jpg,opencv_frame,train,indoor,d0-2,3,1,test
image_793_jpg.jpg,image,train,indoor,d3-5,2,2,train
image_793_jpg__2.jpg,image,train,indoor,d3-5,2,1,test
BridgeEntrance-006_00309_jpg.jpg,BridgeEntrance-006,test,outdoor,d3-5,2,2,train
Day_07141436_Right_Back_Cut1_01138_jpg.jpg,Day_07141436_Right_Back_Cut1,train,outdoor,d6-10,10,4,valid
image_496_jpg.jpg,image,train,indoor,d3-5,4,3,train
image_517_jpg.jpg,image,train,indoor,d3-5,1,1,train
01-08-2022__12-46-11PM_jpg.jpg,01-08-2022__12-46-11PM,train,indoor,d6-10,7,1,train
01-08-2022__12-46-11PM_jpg__2.jpg,01-08-2022__12-46-11PM,train,indoor,d6-10,7,2,train
01-08-2022__02-36-34PM_jpg.jpg,01-08-2022__02-36-34PM,test,indoor,d0-2,2,1,train
Day_2102191709_N_Right_Back_2_Cut2_00320_jpg.jpg,Day_2102191709_N_Right_Back_2_Cut2,train,outdoor,d6-10,5,3,train
image_892_jpg.jpg,image,train,indoor,d3-5,2,1,train
image_892_jpg__2.jpg,image,train,indoor,d3-5,2,2,train
040841_00_959988_jpg.jpg,040841_00,train,semi,d0-2,1,4,train
SeieeDept-032_00885_jpg.jpg,SeieeDept-032,train,outdoor,d0-2,1,1,train
SeieeDept-032_00885_jpg__2.jpg,SeieeDept-032,train,outdoor,d0-2,1,2,test
image_141_jpg.jpg,image,train,indoor,d3-5,1,3,valid
image_244_jpg.jpg,image,train,indoor,d3-5,3,1,train
Day_202102191756_P_Right_Back_Cut1_00775_jpg.jpg,Day_202102191756_P_Right_Back_Cut1,val,outdoor,d6-10,9,5,test
Day_07141436_Right_Back_Cut1_00948_jpg.jpg,Day_07141436_Right_Back_Cut1,train,outdoor,d6-10,10,4,train
01-08-2022__02-36-34PM_jpg__2.jpg,01-08-2022__02-36-34PM,test,indoor,d0-2,2,2,valid
01783_jpg.jpg,01783,train,unknown,d0-2,1,1,train
01783_jpg__2.jpg,01783,train,unknown,d0-2,1,2,train
01-08-2022__03-30-11PM_jpg.jpg,01-08-2022__03-30-11PM,train,indoor,d0-2,1,2,valid
01-08-2022__03-30-11PM_jpg__2.jpg,01-08-2022__03-30-11PM,train,indoor,d0-2,1,1,valid
01-08-2022__03-10-33PM_jpg.jpg,01-08-2022__03-10-33PM,test,indoor,d3-5,3,1,train
01-08-2022__03-10-33PM_jpg__2.jpg,01-08-2022__03-10-33PM,test,indoor,d3-5,3,1,test
Day_07141436_Right_Back_Cut1_00588_jpg.jpg,Day_07141436_Right_Back_Cut1,train,outdoor,d6-10,5,2,train
Day_07141436_Right_Back_Cut1_01458_jpg.jpg,Day_07141436_Right_Back_Cut1,train,outdoor,d6-10,11,1,train
Day_02191732_Right_Back_Cut1_00741_jpg.jpg,Day_02191732_Right_Back_Cut1,train,outdoor,d6-10,8,1,train
Day_02191732_Right_Back_Cut1_00741_jpg__2.jpg,Day_02191732_Right_Back_Cut1,train,outdoor,d6-10,7,1,train
Day_02191732_Right_Back_Cut1_00421_jpg.jpg,Day_02191732_Right_Back_Cut1,train,outdoor,d6-10,7,4,train
97d68e67-20ac-4ae7-9a68-6ee20643ed37_jpg.jpg,97d68e67-20ac-4ae7-9a68-6ee20643ed37,train,unknown,d3-5,3,2,test
01-08-2022__10-03-15AM_jpg.jpg,01-08-2022__10-03-15AM,train,indoor,d0-2,2,1,train
image_698_jpg.jpg,image,train,indoor,d3-5,2,1,train
00529_jpg.jpg,00529,train,unknown,d0-2,1,1,train
Day_02191732_Right_Back_Cut1_00271_jpg.jpg,Day_02191732_Right_Back_Cut1,train,outdoor,d6-10,8,2,train
01-08-2022__08-57-22AM_jpg.jpg,01-08-2022__08-57-22AM,val,indoor,d3-5,3,3,train
01-08-2022__08-57-22AM_jpg__2.jpg,01-08-2022__08-57-22AM,val,indoor,d3-5,3,1,train
Day_2102191709_N_Right_Back_2_Cut1_00581_jpg.jpg,Day_2102191709_N_Right_Back_2_Cut1,test,outdoor,d6-10,6,3,valid
Day_2102191709_N_Right_Back_2_Cut1_00581_jpg__2.jpg,Day_2102191709_N_Right_Back_2_Cut1,test,outdoor,d6-10,6,2,valid
SeieeDept-015_00073_jpg.jpg,SeieeDept-015,train,outdoor,d0-2,2,2,train
BridgeEntrance-008_00495_jpg.jpg,BridgeEntrance-008,train,outdoor,d3-5,4,1,train
SeieeDept-015_00073_jpg__2.jpg,SeieeDept-015,train,outdoor,d0-2,2,1,train
SJTU_SEIEE-182_330-02059_jpg.jpg,SJTU_SEIEE-182_330,train,unknown,d3-5,5,3,train
SJTU_SEIEE-182_330-02059_jpg__2.jpg,SJTU_SEIEE-182_330,train,unknown,d3-5,5,1,valid
01-08-2022__10-26-49AM_jpg.jpg,01-08-2022__10-26-49AM,train,indoor,d0-2,2,2,valid
01-08-2022__10-26-49AM_jpg__2.jpg,01-08-2022__10-26-49AM,train,indoor,d0-2,2,1,train
image_269_jpg.jpg,image,train,indoor,d3-5,3,1,train
img96579617976_jpg.jpg,img96579617976,val,unknown,d10+,11,2,train
img96579617976_jpg__2.jpg,img96579617976,val,unknown,d10+,11,1,train
CAM3-15-09-2022__09-50-10AMgt_jpg.jpg,CAM3-15-09-2022__09-50-10AMgt,train,unknown,d0-2,1,2,train
CAM3-15-09-2022__09-50-10AMgt_jpg__2.jpg,CAM3-15-09-2022__09-50-10AMgt,train,unknown,d0-2,1,2,valid
img97360223836_jpg.jpg,img97360223836,train,unknown,d3-5,5,4,train
image01350_jpg.jpg,image01350,train,indoor,d10+,55,2,train
01-08-2022__11-45-55AM_jpg.jpg,01-08-2022__11-45-55AM,val,indoor,d3-5,4,2,train
01-08-2022__11-45-55AM_jpg__2.jpg,01-08-2022__11-45-55AM,val,indoor,d3-5,4,1,valid
image_787_jpg.jpg,image,train,indoor,d3-5,7,1,train
01-08-2022__11-36-43AM_jpg.jpg,01-08-2022__11-36-43AM,train,indoor,d3-5,3,1,train
01-08-2022__04-28-28PM_jpg.jpg,01-08-2022__04-28-28PM,train,indoor,d0-2,1,3,train
01301_jpg.jpg,01301,train,unknown,d0-2,1,4,valid
01301_jpg__2.jpg,01301,train,unknown,d0-2,1,1,valid
Day_07141436_Right_Back_Cut1_01368_jpg.jpg,Day_07141436_Right_Back_Cut1,train,outdoor,d6-10,11,2,train
Day_07141436_Right_Back_Cut1_01368_jpg__2.jpg,Day_07141436_Right_Back_Cut1,train,outdoor,d6-10,8,1,valid
CAM23-23-08-2022__03-32-08PMgt_jpg.jpg,CAM23-23-08-2022__03-32-08PMgt,val,unknown,d3-5,3,4,valid
CAM18-23-08-2022__03-32-07PMgt_jpg.jpg,CAM18-23-08-2022__03-32-07PMgt,val,unknown,d0-2,1,1,train
BridgeEntrance-006_00546_jpg.jpg,BridgeEntrance-006,test,outdoor,d3-5,2,2,train
BridgeEntrance-006_00546_jpg__2.jpg,BridgeEntrance-006,test,outdoor,d3-5,2,1,train
image_334_jpg.jpg,image,train,indoor,d3-5,5,1,train
img965796399850_jpg.jpg,img965796399850,train,unknown,d0-2,2,2,train
image_264_jpg.jpg,image,train,indoor,d3-5,4,1,train
image_264_jpg__2.jpg,image,train,indoor,d3-5,4,1,valid
CAM18-25-08-2022__07-03-28PMgt_jpg.jpg,CAM18-25-08-2022__07-03-28PMgt,train,unknown,d0-2,1,1,train
SeieeDept-032_00470_jpg.jpg,SeieeDept-032,train,outdoor,d0-2,1,2,train
Day_07141436_Right_Back_Cut1_00338_jpg.jpg,Day_07141436_Right_Back_Cut1,train,outdoor,d6-10,2,2,train
SeieeDept-017_00496_jpg.jpg,SeieeDept-017,train,outdoor,d0-2,1,2,train
SeieeDept-012_00880_jpg.jpg,SeieeDept-012,train,outdoor,d0-2,1,1,train
image_641_jpg.jpg,image,train,indoor,d3-5,9,2,train
SeieeDept-051_00546_jpg.jpg,SeieeDept-051,train,outdoor,d0-2,2,3,valid
00957_jpg.jpg,00957,train,unknown,d0-2,1,2,train
01-08-2022__02-22-22PM_jpg.jpg,01-08-2022__02-22-22PM,train,indoor,d0-2,1,3,train
01-08-2022__02-22-22PM_jpg__2.jpg,01-08-2022__02-22-22PM,train,indoor,d0-2,1,1,train
img965796321902_jpg.jpg,img965796321902,train,unknown,d6-10,8,1,train
img965796321902_jpg__2.jpg,img965796321902,train,unknown,d6-10,8,1,train
img97360230257_jpg.jpg,img97360230257,train,unknown,d3-5,3,2,train
01-08-2022__12-06-59PM_jpg.jpg,01-08-2022__12-06-59PM,train,indoor,d0-2,2,3,train
Day_07141436_Right_Back_Cut1_00938_jpg.jpg,Day_07141436_Right_Back_Cut1,train,outdoor,d6-10,10,2,train
Day_07141436_Right_Back_Cut1_00498_jpg.jpg,Day_07141436_Right_Back_Cut1,train,outdoor,d6-10,4,1,train
01-08-2022__03-25-17PM_jpg.jpg,01-08-2022__03-25-17PM,train,indoor,d3-5,4,2,train
01-08-2022__12-22-01PM_jpg.jpg,01-08-2022__12-22-01PM,train,indoor,d3-5,4,2,valid
01-08-2022__12-22-01PM_jpg__2.jpg,01-08-2022__12-22-01PM,train,indoor,d3-5,4,1,train
040840_48_896199_jpg.jpg,040840_48,train,semi,d0-2,1,1,train
01-08-2022__09-34-22AM_jpg.jpg,01-08-2022__09-34-22AM,train,indoor,d0-2,2,4,train
f98ac8d9-e80f-4489-ae0d-f4cbf37d4da5_jpg.jpg,f98ac8d9-e80f-4489-ae0d-f4cbf37d4da5,train,unknown,d3-5,5,2,train
Day_08051212_Right_Back_Cut1_00003_jpg.jpg,Day_08051212_Right_Back_Cut1,test,outdoor,d0-2,1,1,train
01341_jpg.jpg,01341,train,unknown,d0-2,1,1,train
01-08-2022__09-09-42AM_jpg.jpg,01-08-2022__09-09-42AM,train,indoor,d3-5,3,4,valid
Day_2102191709_N_Right_Back_2_Cut2_00470_jpg.jpg,Day_2102191709_N_Right_Back_2_Cut2,train,outdoor,d6-10,5,1,train
Day_07141436_Right_Back_Cut1_00938_jpg__2.jpg,Day_07141436_Right_Back_Cut1,train,outdoor,d6-10,10,1,train
img97032488074_jpg.jpg,img97032488074,val,unknown,d0-2,1,2,valid
SeieeDept-015_00962_jpg.jpg,SeieeDept-015,train,outdoor,d0-2,1,2,train
img965796297933_jpg.jpg,img965796297933,train,unknown,d3-5,3,1,train
img97360216378_jpg.jpg,img97360216378,train,unknown,d3-5,5,1,train
img97360216378_jpg__2.jpg,img97360216378,train,unknown,d3-5,5,1,train
image_886_jpg.jpg,image,train,indoor,d3-5,3,1,train
01-08-2022__01-15-53PM_jpg.jpg,01-08-2022__01-15-53PM,val,indoor,d6-10,7,3,train
01-08-2022__01-15-53PM_jpg__2.jpg,01-08-2022__01-15-53PM,val,indoor,d6-10,7,1,train
Day_2102191709_N_Right_Back_2_Cut1_00121_jpg.jpg,Day_2102191709_N_Right_Back_2_Cut1,test,outdoor,d6-10,6,1,train
01-08-2022__04-01-37PM_jpg.jpg,01-08-2022__04-01-37PM,train,indoor,d6-10,7,1,train
01-08-2022__01-36-28PM_jpg.jpg,01-08-2022__01-36-28PM,val,indoor,d6-10,6,2,train
01-08-2022__04-01-37PM_jpg__2.jpg,01-08-2022__04-01-37PM,train,indoor,d6-10,7,2,valid
img970324166305_jpg.jpg,img970324166305,train,unknown,d0-2,2,1,train
img970324166305_jpg__2.jpg,img970324166305,train,unknown,d0-2,1,1,train
SeieeDept-022_00836_jpg.jpg,SeieeDept-022,train,outdoor,d0-2,2,4,train
SeieeDept-022_00836_jpg__2.jpg,SeieeDept-022,train,outdoor,d0-2,2,1,train
01252_jpg.jpg,01252,train,unknown,d0-2,1,2,train
01252_jpg__2.jpg,01252,train,unknown,d0-2,1,1,train
01-08-2022__03-46-30PM_jpg.jpg,01-08-2022__03-46-30PM,test,indoor,d3-5,3,5,valid
01-08-2022__03-46-30PM_jpg__2.jpg,01-08-2022__03-46-30PM,test,indoor,d3-5,3,1,train
02026_jpg.jpg,02026,train,unknown,d0-2,1,3,test
image_540_jpg.jpg,image,train,indoor,d3-5,5,2,train
img9703245760_jpg.jpg,img9703245760,train,unknown,d3-5,5,2,train
SeieeDept-014_00204_jpg.jpg,SeieeDept-014,train,outdoor,d3-5,3,3,test
image_404_jpg.jpg,image,train,indoor,d3-5,3,1,train
img96579683224_jpg.jpg,img96579683224,train,unknown,d3-5,4,4,train
Day_06101541_Right_Back_2_Cut1_00470_jpg.jpg,Day_06101541_Right_Back_2_Cut1,train,outdoor,d6-10,7,1,train
img965796324936_jpg.jpg,img965796324936,train,unknown,d3-5,3,2,train
img965796324936_jpg__2.jpg,img965796324936,train,unknown,d3-5,3,1,train
Day_06101541_Right_Back_2_Cut1_00510_jpg.jpg,Day_06101541_Right_Back_2_Cut1,train,outdoor,d6-10,8,3,train
Day_06101541_Right_Back_2_Cut1_00510_jpg__2.jpg,Day_06101541_Right_Back_2_Cut1,train,outdoor,d6-10,8,1,valid
01-08-2022__11-31-50AM_jpg.jpg,01-08-2022__11-31-50AM,train,indoor,d3-5,4,2,train
img965796161376_jpg.jpg,img965796161376,train,unknown,d0-2,2,3,train
img973602107658_jpg.jpg,img973602107658,train,unknown,d0-2,1,2,train
img973602107658_jpg__2.jpg,img973602107658,train,unknown,d0-2,1,2,valid
Day_2102191625_N_Right_Back_Cut1_00174_jpg.jpg,Day_2102191625_N_Right_Back_Cut1,train,outdoor,d0-2,2,1,train
Day_2102191709_N_Right_Back_2_Cut1_00681_jpg.jpg,Day_2102191709_N_Right_Back_2_Cut1,test,outdoor,d6-10,6,2,valid
Day_2102191709_N_Right_Back_2_Cut1_00681_jpg__2.jpg,Day_2102191709_N_Right_Back_2_Cut1,test,outdoor,d6-10,6,1,valid
image09350_jpg.jpg,image09350,train,indoor,d10+,14,2,train
0880a98b-a9b8-4166-8514-350a2b416338_jpg.jpg,0880a98b-a9b8-4166-8514-350a2b416338,train,unknown,d0-2,2,5,train
output_mp4-52_jpg.jpg,output_mp4-52,train,indoor,d0-2,2,2,train
SeieeDept-014_00086_jpg.jpg,SeieeDept-014,train,outdoor,d3-5,2,1,train
SeieeDept-014_00086_jpg__2.jpg,SeieeDept-014,train,outdoor,d3-5,2,1,valid
img965796161376_jpg__2.jpg,img965796161376,train,unknown,d0-2,2,1,train
SeieeDept-031_00791_jpg.jpg,SeieeDept-031,test,outdoor,d0-2,1,3,valid
image_594_jpg.jpg,image,train,indoor,d3-5,5,1,train
image_594_jpg__2.jpg,image,train,indoor,d3-5,5,1,test
image_173_jpg.jpg,image,train,indoor,d3-5,5,1,train
img97360238826_jpg.jpg,img97360238826,train,unknown,d3-5,3,2,train
img97360238826_jpg__2.jpg,img97360238826,train,unknown,d3-5,3,1,test
040843_16_995910_jpg.jpg,040843_16,train,semi,d0-2,1,1,train
Day_06101541_Right_Back_2_Cut1_00140_jpg.jpg,Day_06101541_Right_Back_2_Cut1,train,outdoor,d6-10,2,1,train
Day_06101541_Right_Back_2_Cut1_00140_jpg__2.jpg,Day_06101541_Right_Back_2_Cut1,train,outdoor,d6-10,2,2,valid
image_831_jpg.jpg,image,train,indoor,d3-5,6,1,train
SeieeDept-036_00218_jpg.jpg,SeieeDept-036,train,outdoor,d0-2,1,2,train
CAM39-24-08-2022__09-16-13PMgt_jpg.jpg,CAM39-24-08-2022__09-16-13PMgt,train,unknown,d0-2,2,2,train
01-08-2022__01-36-27PM_jpg.jpg,01-08-2022__01-36-27PM,train,indoor,d3-5,4,3,train
Day_07141436_Right_Back_Cut1_01348_jpg.jpg,Day_07141436_Right_Back_Cut1,train,outdoor,d6-10,9,1,train
BridgeEntrance-001_00030_jpg.jpg,BridgeEntrance-001,train,outdoor,d0-2,1,2,train
01-08-2022__03-00-17PM_jpg.jpg,01-08-2022__03-00-17PM,train,indoor,d0-2,2,2,train
CAM33-26-08-2022__05-14-47PMgt_jpg.jpg,CAM33-26-08-2022__05-14-47PMgt,train,unknown,d3-5,3,2,train
image_197_jpg.jpg,image,train,indoor,d3-5,2,4,valid
01-08-2022__04-11-28PM_jpg.jpg,01-08-2022__04-11-28PM,val,indoor,d3-5,4,1,train
BridgeEntrance-004_00397_jpg.jpg,BridgeEntrance-004,train,outdoor,d0-2,3,3,train
BridgeEntrance-004_00397_jpg__2.jpg,BridgeEntrance-004,train,outdoor,d0-2,3,1,valid
Day_07141436_Right_Back_Cut1_00508_jpg.jpg,Day_07141436_Right_Back_Cut1,train,outdoor,d6-10,5,2,train
00988_jpg.jpg,00988,test,unknown,d0-2,1,3,train
040843_16_245964_jpg.jpg,040843_16,train,semi,d0-2,1,4,valid
874046-mahim-tracks-100719_jpg.jpg,874046-mahim-tracks,train,semi,d6-10,8,2,train
CAM8-20-08-2022__11-50-44AMgt_jpg.jpg,CAM8-20-08-2022__11-50-44AMgt,train,unknown,d3-5,5,3,train
BridgeEntrance-006_00156_jpg.jpg,BridgeEntrance-006,test,outdoor,d3-5,2,1,train
BridgeEntrance-006_00156_jpg__2.jpg,BridgeEntrance-006,test,outdoor,d3-5,2,2,valid
2880_jpg.jpg,2880,train,unknown,d6-10,10,2,train
2880_jpg__2.jpg,2880,train,unknown,d6-10,10,2,train
CAM47-25-08-2022__07-03-31PMgt_jpg.jpg,CAM47-25-08-2022__07-03-31PMgt,train,unknown,d3-5,4,1,train
CAM47-25-08-2022__07-03-31PMgt_jpg__2.jpg,CAM47-25-08-2022__07-03-31PMgt,train,unknown,d3-5,4,1,train
SeieeDept-051_00552_jpg.jpg,SeieeDept-051,train,outdoor,d0-2,1,1,train
image_740_jpg.jpg,image,train,indoor,d3-5,3,1,train
219abadf-24d9-4e09-9d12-debb94e54a1b_jpg.jpg,219abadf-24d9-4e09-9d12-debb94e54a1b,train,unknown,d0-2,1,1,train
219abadf-24d9-4e09-9d12-debb94e54a1b_jpg__2.jpg,219abadf-24d9-4e09-9d12-debb94e54a1b,train,unknown,d0-2,1,1,train
01-08-2022__01-42-57PM_jpg.jpg,01-08-2022__01-42-57PM,train,indoor,d0-2,1,1,train
image_358_jpg.jpg,image,train,indoor,d3-5,4,1,train
image_871_jpg.jpg,image,train,indoor,d3-5,8,1,train
image_871_jpg__2.jpg,image,train,indoor,d3-5,8,1,train
BridgeEntrance-004_00731_jpg.jpg,BridgeEntrance-004,train,outdoor,d0-2,3,2,train
image_86_jpg.jpg,image_86,train,indoor,d3-5,4,1,train
image_86_jpg__2.jpg,image_86,train,indoor,d3-5,4,1,valid
SeieeDept-051_00552_jpg__2.jpg,SeieeDept-051,train,outdoor,d0-2,1,2,train
01-08-2022__03-42-25PM_jpg.jpg,01-08-2022__03-42-25PM,test,indoor,d3-5,4,2,train
01-08-2022__03-42-25PM_jpg__2.jpg,01-08-2022__03-42-25PM,test,indoor,d3-5,4,1,train
Day_2102191625_N_Right_Back_Cut1_00294_jpg.jpg,Day_2102191625_N_Right_Back_Cut1,train,outdoor,d0-2,1,2,train
Day_2102191625_N_Right_Back_Cut1_00294_jpg__2.jpg,Day_2102191625_N_Right_Back_Cut1,train,outdoor,d0-2,1,2,valid
image_823_jpg.jpg,image,train,indoor,d3-5,2,2,train
image_823_jpg__2.jpg,image,train,indoor,d3-5,2,2,valid
Day_06101541_Right_Back_2_Cut1_00670_jpg.jpg,Day_06101541_Right_Back_2_Cut1,train,outdoor,d6-10,10,1,train
CrossRoad-001_00089_jpg.jpg,CrossRoad-001,val,outdoor,d0-2,3,1,train
01-08-2022__10-03-24AM_jpg.jpg,01-08-2022__10-03-24AM,train,indoor,d0-2,1,2,train
01-08-2022__10-03-24AM_jpg__2.jpg,01-08-2022__10-03-24AM,train,indoor,d0-2,1,1,valid
output1_mp4-7_jpg.jpg,output1_mp4-7,test,unknown,d3-5,3,6,train
image_158_jpg.jpg,image,train,indoor,d3-5,3,1,train
image_879_jpg.jpg,image,train,indoor,d3-5,6,1,train
01-08-2022__09-31-18AM_jpg.jpg,01-08-2022__09-31-18AM,train,indoor,d0-2,1,4,train
01-08-2022__03-20-22PM_jpg.jpg,01-08-2022__03-20-22PM,train,indoor,d0-2,1,1,train
Day_02191732_Right_Back_Cut1_00041_jpg.jpg,Day_02191732_Right_Back_Cut1,train,outdoor,d6-10,6,2,train
image_320_jpg.jpg,image,train,indoor,d3-5,4,1,train
SJTU_SEIEE-182_330-02746_jpg.jpg,SJTU_SEIEE-182_330,train,unknown,d3-5,2,3,train
Day_2102191709_N_Right_Back_2_Cut2_00350_jpg.jpg,Day_2102191709_N_Right_Back_2_Cut2,train,outdoor,d6-10,6,2,train
S1-T1-C-00784_jpeg_jpg.jpg,S1-T1-C-00784_jpeg,train,unknown,d0-2,2,2,train
image_598_jpg.jpg,image,train,indoor,d3-5,5,1,train
Day_2102191709_N_Right_Back_2_Cut2_00470_jpg__2.jpg,Day_2102191709_N_Right_Back_2_Cut2,train,outdoor,d6-10,5,1,train
output1_mp4-7_jpg__2.jpg,output1_mp4-7,test,unknown,d3-5,3,1,train
image_598_jpg__2.jpg,image,train,indoor,d3-5,5,3,valid
Day_2102191709_N_Right_Back_Cut1_00019_jpg.jpg,Day_2102191709_N_Right_Back_Cut1,train,outdoor,d6-10,9,1,train
Day_202102191756_P_Right_Back_Cut1_00105_jpg.jpg,Day_202102191756_P_Right_Back_Cut1,val,outdoor,d6-10,6,2,train
image_409_jpg.jpg,image,train,indoor,d3-5,5,1,train
image_409_jpg__2.jpg,image,train,indoor,d3-5,5,1,train
Day_2102191625_N_Right_Back_Cut1_00534_jpg.jpg,Day_2102191625_N_Right_Back_Cut1,train,outdoor,d0-2,2,1,train
image_809_jpg.jpg,image,train,indoor,d3-5,5,1,train
image_809_jpg__2.jpg,image,train,indoor,d3-5,5,1,test
img970324113987_jpg.jpg,img970324113987,train,unknown,d0-2,1,1,train
image_484_jpg.jpg,image,train,indoor,d3-5,3,2,train
output1_mp4-7_jpg__3.jpg,output1_mp4-7,test,unknown,d3-5,3,3,train
image_814_jpg.jpg,image,train,indoor,d3-5,4,1,train
01-08-2022__12-33-23PM_jpg.jpg,01-08-2022__12-33-23PM,test,indoor,d6-10,7,1,train
image_739_jpg.jpg,image,train,indoor,d3-5,7,1,train
image_739_jpg__2.jpg,image,train,indoor,d3-5,7,1,valid
image_80_jpg.jpg,image_80,test,indoor,d0-2,2,1,train
image_80_jpg__2.jpg,image_80,test,indoor,d0-2,2,1,train
01-08-2022__09-15-51AM_jpg.jpg,01-08-2022__09-15-51AM,train,indoor,d0-2,2,3,train
Day_202102191756_P_Right_Back_Cut1_01045_jpg.jpg,Day_202102191756_P_Right_Back_Cut1,val,outdoor,d6-10,3,1,train
image_230_jpg.jpg,image,train,indoor,d3-5,7,2,train
01-08-2022__01-49-53PM_jpg.jpg,01-08-2022__01-49-53PM,test,indoor,d6-10,6,2,train
output1_mp4-7_jpg__4.jpg,output1_mp4-7,test,unknown,d3-5,3,2,valid
SJTU_SEIEE-182_330-02938_jpg.jpg,SJTU_SEIEE-182_330,train,unknown,d3-5,4,1,train
SJTU_SEIEE-182_330-02938_jpg__2.jpg,SJTU_SEIEE-182_330,train,unknown,d3-5,4,2,valid
Day_02191732_Right_Back_Cut1_00001_jpg.jpg,Day_02191732_Right_Back_Cut1,train,outdoor,d6-10,8,1,train
img970324116258_jpg.jpg,img970324116258,train,unknown,d0-2,1,1,train
Day_06101541_Right_Back_2_Cut1_00490_jpg.jpg,Day_06101541_Right_Back_2_Cut1,train,outdoor,d6-10,7,3,train
Day_2102191709_N_Right_Back_2_Cut1_00071_jpg.jpg,Day_2102191709_N_Right_Back_2_Cut1,test,outdoor,d6-10,7,1,train
Day_2102191709_N_Right_Back_2_Cut1_00071_jpg__2.jpg,Day_2102191709_N_Right_Back_2_Cut1,test,outdoor,d6-10,7,1,test
img96579616879_jpg.jpg,img96579616879,train,unknown,d6-10,6,1,train
img96579616879_jpg__2.jpg,img96579616879,train,unknown,d6-10,6,1,test
2018_12_9_14_59_35_257_jpg.jpg,2018_12_9_14_59_35,val,unknown,d6-10,8,2,train
Day_202102191756_P_Right_Back_Cut1_00115_jpg.jpg,Day_202102191756_P_Right_Back_Cut1,val,outdoor,d6-10,6,2,train
2018_12_9_14_59_35_257_jpg__2.jpg,2018_12_9_14_59_35,val,unknown,d6-10,8,2,train
01-08-2022__02-41-14PM_jpg.jpg,01-08-2022__02-41-14PM,val,indoor,d0-2,1,4,test
Day_2102191726_P_Right_Back_Cut1_00686_jpg.jpg,Day_2102191726_P_Right_Back_Cut1,train,outdoor,d3-5,9,1,train
img97360278258_jpg.jpg,img97360278258,train,unknown,d0-2,2,1,train
CrossRoad-001_00099_jpg.jpg,CrossRoad-001,val,outdoor,d0-2,3,4,valid
01-08-2022__10-28-21AM_jpg.jpg,01-08-2022__10-28-21AM,test,indoor,d3-5,5,1,train
01-08-2022__10-28-21AM_jpg__2.jpg,01-08-2022__10-28-21AM,test,indoor,d3-5,5,1,valid
Day_2102191625_N_Right_Back_Cut1_00084_jpg.jpg,Day_2102191625_N_Right_Back_Cut1,train,outdoor,d0-2,4,1,train
01-08-2022__01-04-02PM_jpg.jpg,01-08-2022__01-04-02PM,train,indoor,d6-10,7,3,train
Day_202102191756_P_Right_Back_Cut1_00465_jpg.jpg,Day_202102191756_P_Right_Back_Cut1,val,outdoor,d6-10,10,2,test
Day_202102191756_P_Right_Back_Cut1_00115_jpg__2.jpg,Day_202102191756_P_Right_Back_Cut1,val,outdoor,d6-10,6,1,train
02066_jpg.jpg,02066,train,unknown,d0-2,1,2,train
image_620_jpg.jpg,image,train,indoor,d3-5,4,2,train
image_620_jpg__2.jpg,image,train,indoor,d3-5,4,2,test
040840_53_536498_jpg.jpg,040840_53,train,semi,d0-2,1,2,test
image_427_jpg.jpg,image,train,indoor,d3-5,5,1,train
image_778_jpg.jpg,image,train,indoor,d3-5,1,1,train
opencv_frame_13780_png_jpg.jpg,opencv_frame,train,indoor,d0-2,1,1,train
image_853_jpg.jpg,image,train,indoor,d3-5,4,1,train
image_853_jpg__2.jpg,image,train,indoor,d3-5,4,1,test
00406_jpg.jpg,00406,train,unknown,d0-2,1,1,train
01-08-2022__03-48-59PM_jpg.jpg,01-08-2022__03-48-59PM,train,indoor,d0-2,2,1,train
01-08-2022__03-13-11PM_jpg.jpg,01-08-2022__03-13-11PM,test,indoor,d0-2,2,2,train
01-08-2022__12-34-00PM_jpg.jpg,01-08-2022__12-34-00PM,train,indoor,d0-2,1,1,train
CrossRoad-001_00057_jpg.jpg,CrossRoad-001,val,outdoor,d0-2,1,2,valid
image_693_jpg.jpg,image,train,indoor,d3-5,5,1,train
img973602147798_jpg.jpg,img973602147798,train,unknown,d0-2,1,1,train
img973602147798_jpg__2.jpg,img973602147798,train,unknown,d0-2,1,2,train
Day_06101541_Right_Back_2_Cut1_00440_jpg.jpg,Day_06101541_Right_Back_2_Cut1,train,outdoor,d6-10,6,2,train
image_481_jpg.jpg,image,train,indoor,d3-5,2,1,train
image_481_jpg__2.jpg,image,train,indoor,d3-5,2,1,test
image_535_jpg.jpg,image,train,indoor,d3-5,1,2,train
01-08-2022__03-48-59PM_jpg__2.jpg,01-08-2022__03-48-59PM,train,indoor,d0-2,2,2,train
image_516_jpg.jpg,image,train,indoor,d3-5,5,1,train
image_516_jpg__2.jpg,image,train,indoor,d3-5,5,1,valid
040841_02_659702_jpg.jpg,040841_02,train,semi,d0-2,1,3,test
image_289_jpg.jpg,image,train,indoor,d3-5,10,2,train
image_289_jpg__2.jpg,image,train,indoor,d3-5,10,2,valid
Day_2102191709_N_Right_Back_Cut1_00099_jpg.jpg,Day_2102191709_N_Right_Back_Cut1,train,outdoor,d6-10,7,1,train
Day_2102191709_N_Right_Back_Cut1_00099_jpg__2.jpg,Day_2102191709_N_Right_Back_Cut1,train,outdoor,d6-10,6,1,test
01-08-2022__09-49-55AM_jpg.jpg,01-08-2022__09-49-55AM,train,indoor,d0-2,1,3,train
BridgeEntrance-001_00213_jpg.jpg,BridgeEntrance-001,train,outdoor,d0-2,2,3,train
01-08-2022__02-48-22PM_jpg.jpg,01-08-2022__02-48-22PM,train,indoor,d0-2,1,2,train
Day_202102191756_P_Right_Back_Cut1_00035_jpg.jpg,Day_202102191756_P_Right_Back_Cut1,val,outdoor,d6-10,6,3,train
SeieeDept-019_00331_jpg.jpg,SeieeDept-019,train,outdoor,d0-2,1,2,train
Day_2102191709_N_Right_Back_2_Cut2_00460_jpg.jpg,Day_2102191709_N_Right_Back_2_Cut2,train,outdoor,d6-10,5,2,train
Day_2102191709_N_Right_Back_2_Cut2_00460_jpg__2.jpg,Day_2102191709_N_Right_Back_2_Cut2,train,outdoor,d6-10,5,2,train
img97032433369_jpg.jpg,img97032433369,train,unknown,d0-2,1,1,train
040840_55_005149_jpg.jpg,040840_55,train,semi,d0-2,1,1,train
image_816_jpg.jpg,image,train,indoor,d3-5,3,3,valid
01-08-2022__02-20-13PM_jpg.jpg,01-08-2022__02-20-13PM,train,indoor,d0-2,1,7,train
01-08-2022__09-37-28AM_jpg.jpg,01-08-2022__09-37-28AM,train,indoor,d0-2,1,1,train
01-08-2022__09-37-28AM_jpg__2.jpg,01-08-2022__09-37-28AM,train,indoor,d0-2,1,1,valid
img965796422578_jpg.jpg,img965796422578,train,unknown,d3-5,4,1,train
Day_202102191756_P_Right_Back_Cut1_00035_jpg__2.jpg,Day_202102191756_P_Right_Back_Cut1,val,outdoor,d6-10,6,2,train
img965796422578_jpg__2.jpg,img965796422578,train,unknown,d3-5,4,1,valid
image_311_jpg.jpg,image,train,indoor,d3-5,5,2,train
01-08-2022__11-52-24AM_jpg.jpg,01-08-2022__11-52-24AM,val,indoor,d3-5,4,2,valid
01-08-2022__11-52-24AM_jpg__2.jpg,01-08-2022__11-52-24AM,val,indoor,d3-5,5,1,valid
Day_202102191756_P_Right_Back_Cut1_00495_jpg.jpg,Day_202102191756_P_Right_Back_Cut1,val,outdoor,d6-10,8,5,valid
People_On_Tracks_At_Thorndale_2_jpg.jpg,People_On_Tracks_At_Thorndale_2,train,unknown,d3-5,3,1,train
People_On_Tracks_At_Thorndale_2_jpg__2.jpg,People_On_Tracks_At_Thorndale_2,train,unknown,d3-5,3,2,test
Day_2102191625_N_Right_Back_Cut1_00184_jpg.jpg,Day_2102191625_N_Right_Back_Cut1,train,outdoor,d0-2,3,4,test
01-08-2022__12-09-02PM_jpg.jpg,01-08-2022__12-09-02PM,val,indoor,d3-5,4,1,train
01-08-2022__12-09-02PM_jpg__2.jpg,01-08-2022__12-09-02PM,val,indoor,d3-5,4,2,test
image_570_jpg.jpg,image,train,indoor,d3-5,2,2,train
image_447_jpg.jpg,image,train,indoor,d3-5,3,2,train
image_676_jpg.jpg,image,train,indoor,d3-5,4,1,train
00985_jpg.jpg,00985,train,unknown,d0-2,1,3,train
CAM24-23-08-2022__06-33-27PMgt_jpg.jpg,CAM24-23-08-2022__06-33-27PMgt,train,unknown,d0-2,2,2,test
CAM24-23-08-2022__06-33-27PMgt_jpg__2.jpg,CAM24-23-08-2022__06-33-27PMgt,train,unknown,d0-2,2,1,test
CAM8-15-09-2022__05-50-10PMgt_jpg.jpg,CAM8-15-09-2022__05-50-10PMgt,train,unknown,d3-5,3,1,train
CAM8-15-09-2022__05-50-10PMgt_jpg__2.jpg,CAM8-15-09-2022__05-50-10PMgt,train,unknown,d3-5,3,1,valid
image_337_jpg.jpg,image,train,indoor,d3-5,2,1,train
SeieeDept-028_00282_jpg.jpg,SeieeDept-028,train,outdoor,d0-2,1,2,valid
S1-T1-C-00766_jpeg_jpg.jpg,S1-T1-C-00766_jpeg,train,unknown,d3-5,3,2,train
01-08-2022__08-51-10AM_jpg.jpg,01-08-2022__08-51-10AM,train,indoor,d0-2,2,3,train
opencv_frame_20050_png_jpg.jpg,opencv_frame,train,indoor,d0-2,1,4,test
image_626_jpg.jpg,image,train,indoor,d3-5,2,1,train
Day_07141436_Right_Back_Cut1_00708_jpg.jpg,Day_07141436_Right_Back_Cut1,train,outdoor,d6-10,8,4,valid
image_210_jpg.jpg,image,train,indoor,d3-5,6,2,train
image_255_jpg.jpg,image,train,indoor,d3-5,6,1,train
SeieeDept-037_00689_jpg.jpg,SeieeDept-037,train,outdoor,d0-2,2,3,train
CAM16-23-08-2022__05-27-02PMgt_jpg.jpg,CAM16-23-08-2022__05-27-02PMgt,train,unknown,d0-2,2,1,train
01-08-2022__03-46-28PM_jpg.jpg,01-08-2022__03-46-28PM,train,indoor,d0-2,2,1,train
Day_07141436_Right_Back_Cut1_01158_jpg.jpg,Day_07141436_Right_Back_Cut1,train,outdoor,d6-10,10,2,train
Day_08051212_Right_Back_Cut1_00043_jpg.jpg,Day_08051212_Right_Back_Cut1,test,outdoor,d0-2,1,2,train
img97360220604_jpg.jpg,img97360220604,train,unknown,d0-2,2,1,train
opencv_frame_20050_png_jpg__2.jpg,opencv_frame,train,indoor,d0-2,1,3,train
img96579625750_jpg.jpg,img96579625750,test,unknown,d3-5,5,1,train
CAM46-21-08-2022__06-27-34PMgt_jpg.jpg,CAM46-21-08-2022__06-27-34PMgt,train,unknown,d0-2,1,1,train
img965796406343_jpg.jpg,img965796406343,train,unknown,d0-2,2,1,train
img965796406343_jpg__2.jpg,img965796406343,train,unknown,d0-2,2,1,valid
british-transport-police-release-shocking-video-to-warn-people-to-stay-off-tracks-00_00_26_10-still006_jpg.jpg,british-transport-police-release-shocking-video-to-warn-people-to-stay-off-tracks-00_00_26_10-still006,train,unknown,d0-2,2,1,train
img965796272930_jpg.jpg,img965796272930,train,unknown,d3-5,5,2,valid
img965796272930_jpg__2.jpg,img965796272930,train,unknown,d3-5,5,2,valid
img9703244714_jpg.jpg,img9703244714,train,unknown,d3-5,3,1,train
img970324131140_jpg.jpg,img970324131140,train,unknown,d3-5,3,2,valid
01-08-2022__08-58-54AM_jpg.jpg,01-08-2022__08-58-54AM,train,indoor,d3-5,4,1,train
opencv_frame_20050_png_jpg__3.jpg,opencv_frame,train,indoor,d0-2,1,4,valid
Road-006_00427_jpg.jpg,Road-006,train,outdoor,d0-2,3,2,train
01-08-2022__03-03-41PM_jpg.jpg,01-08-2022__03-03-41PM,train,indoor,d3-5,3,3,train
01-08-2022__11-57-54AM_jpg.jpg,01-08-2022__11-57-54AM,train,indoor,d3-5,3,2,train
BridgeEntrance-008_00203_jpg.jpg,BridgeEntrance-008,train,outdoor,d3-5,4,2,train
01-08-2022__01-07-22PM_jpg.jpg,01-08-2022__01-07-22PM,train,indoor,d0-2,1,2,train
01-08-2022__01-07-22PM_jpg__2.jpg,01-08-2022__01-07-22PM,train,indoor,d0-2,1,1,valid
01-08-2022__12-46-56PM_jpg.jpg,01-08-2022__12-46-56PM,train,indoor,d0-2,1,1,train
Day_2102191709_N_Right_Back_2_Cut2_00390_jpg.jpg,Day_2102191709_N_Right_Back_2_Cut2,train,outdoor,d6-10,7,1,train
01-08-2022__02-38-07PM_jpg.jpg,01-08-2022__02-38-07PM,test,indoor,d3-5,5,2,test
CAM26-26-08-2022__05-14-46PMgt_jpg.jpg,CAM26-26-08-2022__05-14-46PMgt,train,unknown,d0-2,1,2,train
opencv_frame_20050_png_jpg__4.jpg,opencv_frame,train,indoor,d0-2,1,2,test
CAM26-26-08-2022__05-14-46PMgt_jpg__2.jpg,CAM26-26-08-2022__05-14-46PMgt,train,unknown,d0-2,1,2,test
Day_06101541_Right_Back_2_Cut1_00410_jpg.jpg,Day_06101541_Right_Back_2_Cut1,train,outdoor,d6-10,5,1,train
Day_06101541_Right_Back_2_Cut1_00410_jpg__2.jpg,Day_06101541_Right_Back_2_Cut1,train,outdoor,d6-10,5,1,valid
image_852_jpg.jpg,image,train,indoor,d3-5,2,2,valid
Day_2102191709_N_Right_Back_Cut1_00249_jpg.jpg,Day_2102191709_N_Right_Back_Cut1,train,outdoor,d6-10,5,1,train
image_513_jpg.jpg,image,train,indoor,d3-5,6,2,train
image_513_jpg__2.jpg,image,train,indoor,d3-5,6,1,test
img965796177347_jpg.jpg,img965796177347,train,unknown,d0-2,1,1,train
Day_2102191709_N_Right_Back_2_Cut2_00050_jpg.jpg,Day_2102191709_N_Right_Back_2_Cut2,train,outdoor,d6-10,5,2,valid
Day_02191732_Right_Back_Cut1_00431_jpg.jpg,Day_02191732_Right_Back_Cut1,train,outdoor,d6-10,8,1,train
01-08-2022__10-33-13AM_jpg.jpg,01-08-2022__10-33-13AM,train,indoor,d3-5,5,3,train
Day_07141436_Right_Back_Cut1_01288_jpg.jpg,Day_07141436_Right_Back_Cut1,train,outdoor,d6-10,9,2,train
image09100_jpg.jpg,image09100,train,indoor,d10+,32,1,train
image09100_jpg__2.jpg,image09100,train,indoor,d10+,31,1,valid
01810_jpg.jpg,01810,train,unknown,d0-2,2,2,valid
01810_jpg__2.jpg,01810,train,unknown,d0-2,2,1,valid
image_42_jpg.jpg,image_42,train,indoor,d3-5,3,1,train
01-08-2022__02-25-09PM_jpg.jpg,01-08-2022__02-25-09PM,train,indoor,d0-2,1,2,valid
BridgeEntrance-001_00126_jpg.jpg,BridgeEntrance-001,train,outdoor,d0-2,2,1,train
SeieeDept-051_00525_jpg.jpg,SeieeDept-051,train,outdoor,d0-2,1,2,train
SeieeDept-051_00525_jpg__2.jpg,SeieeDept-051,train,outdoor,d0-2,1,1,train
01-08-2022__08-35-44AM_jpg.jpg,01-08-2022__08-35-44AM,test,indoor,d0-2,2,2,train
image_876_jpg.jpg,image,train,indoor,d3-5,4,1,train
CrossRoad-001_00016_jpg.jpg,CrossRoad-001,val,outdoor,d0-2,2,2,train
CrossRoad-001_00016_jpg__2.jpg,CrossRoad-001,val,outdoor,d0-2,2,1,train
01832_jpg.jpg,01832,test,unknown,d0-2,2,2,train
image_405_jpg.jpg,image,train,indoor,d3-5,9,1,train
image_405_jpg__2.jpg,image,train,indoor,d3-5,9,2,valid
00466_jpg.jpg,00466,train,unknown,d0-2,1,2,valid
opencv_frame_12385_png_jpg.jpg,opencv_frame,train,indoor,d0-2,1,1,train
opencv_frame_12385_png_jpg__2.jpg,opencv_frame,train,indoor,d0-2,1,1,test
01-08-2022__04-14-01PM_jpg.jpg,01-08-2022__04-14-01PM,test,indoor,d3-5,4,2,train
01-08-2022__08-35-44AM_jpg__2.jpg,01-08-2022__08-35-44AM,test,indoor,d0-2,2,2,train
01-08-2022__09-15-53AM_jpg.jpg,01-08-2022__09-15-53AM,train,indoor,d3-5,3,1,train
Day_202102191756_P_Right_Back_Cut1_00875_jpg.jpg,Day_202102191756_P_Right_Back_Cut1,val,outdoor,d6-10,8,1,train
Day_202102191756_P_Right_Back_Cut1_00875_jpg__2.jpg,Day_202102191756_P_Right_Back_Cut1,val,outdoor,d6-10,8,2,valid
Day_2102191726_P_Right_Back_Cut1_00626_jpg.jpg,Day_2102191726_P_Right_Back_Cut1,train,outdoor,d3-5,5,2,train
01-08-2022__11-24-14AM_jpg.jpg,01-08-2022__11-24-14AM,train,indoor,d3-5,4,1,train
img970324154536_jpg.jpg,img970324154536,train,unknown,d6-10,6,2,train
BridgeEntrance-004_00427_jpg.jpg,BridgeEntrance-004,train,outdoor,d0-2,2,2,test
BridgeEntrance-004_00427_jpg__2.jpg,BridgeEntrance-004,train,outdoor,d0-2,2,1,valid
01-08-2022__03-06-07PM_jpg.jpg,01-08-2022__03-06-07PM,train,indoor,d0-2,1,1,train
Day_07141436_Right_Back_Cut1_00568_jpg.jpg,Day_07141436_Right_Back_Cut1,train,outdoor,d6-10,5,1,train
image_813_jpg.jpg,image,train,indoor,d3-5,5,4,train
01-08-2022__02-42-45PM_jpg.jpg,01-08-2022__02-42-45PM,train,indoor,d3-5,5,2,train
Day_07141436_Right_Back_Cut1_01008_jpg.jpg,Day_07141436_Right_Back_Cut1,train,outdoor,d6-10,10,1,train
Day_07141436_Right_Back_Cut1_01178_jpg.jpg,Day_07141436_Right_Back_Cut1,train,outdoor,d6-10,9,1,train
CAM20-25-08-2022__07-01-55PMgt_jpg.jpg,CAM20-25-08-2022__07-01-55PMgt,train,unknown,d0-2,1,1,train
CAM20-25-08-2022__07-01-55PMgt_jpg__2.jpg,CAM20-25-08-2022__07-01-55PMgt,train,unknown,d0-2,1,2,valid
image_769_jpg.jpg,image,train,indoor,d3-5,5,1,train
SeieeDept-031_00048_jpg.jpg,SeieeDept-031,test,outdoor,d0-2,1,1,train
01-08-2022__02-05-07PM_jpg.jpg,01-08-2022__02-05-07PM,train,indoor,d0-2,1,2,train
01-08-2022__02-05-07PM_jpg__2.jpg,01-08-2022__02-05-07PM,train,indoor,d0-2,1,1,train
image_753_jpg.jpg,image,train,indoor,d3-5,2,1,train
image_813_jpg__2.jpg,image,train,indoor,d3-5,5,1,train
01-08-2022__12-14-24PM_jpg.jpg,01-08-2022__12-14-24PM,val,indoor,d3-5,4,1,train
image_505_jpg.jpg,image,train,indoor,d3-5,3,1,train
BridgeEntrance-008_00101_jpg.jpg,BridgeEntrance-008,train,outdoor,d3-5,3,1,train
BridgeEntrance-006_00283_jpg.jpg,BridgeEntrance-006,test,outdoor,d3-5,4,3,valid
Day_06101541_Right_Back_2_Cut1_00580_jpg.jpg,Day_06101541_Right_Back_2_Cut1,train,outdoor,d6-10,9,1,train
Day_2102191709_N_Right_Back_Cut1_00299_jpg.jpg,Day_2102191709_N_Right_Back_Cut1,train,outdoor,d6-10,10,2,test
Day_2102191625_N_Right_Back_Cut1_00424_jpg.jpg,Day_2102191625_N_Right_Back_Cut1,train,outdoor,d0-2,3,1,train
Day_06101541_Right_Back_2_Cut1_00210_jpg.jpg,Day_06101541_Right_Back_2_Cut1,train,outdoor,d6-10,2,1,train
CAM12-24-08-2022__09-14-39PMgt_jpg.jpg,CAM12-24-08-2022__09-14-39PMgt,val,unknown,d0-2,1,3,test
Day_2102191726_P_Right_Back_Cut1_00146_jpg.jpg,Day_2102191726_P_Right_Back_Cut1,train,outdoor,d3-5,1,1,train
img970324133442_jpg.jpg,img970324133442,train,unknown,d3-5,4,4,valid
040843_09_808919_jpg.jpg,040843_09,train,semi,d0-2,1,2,train
Day_07141436_Right_Back_Cut1_01468_jpg.jpg,Day_07141436_Right_Back_Cut1,train,outdoor,d6-10,10,2,train
01-08-2022__11-24-50AM_jpg.jpg,01-08-2022__11-24-50AM,test,indoor,d3-5,3,2,train
01-08-2022__11-24-50AM_jpg__2.jpg,01-08-2022__11-24-50AM,test,indoor,d3-5,3,1,valid
Day_08051212_Right_Back_Cut1_00113_jpg.jpg,Day_08051212_Right_Back_Cut1,test,outdoor,d0-2,1,2,train
image_258_jpg.jpg,image,train,indoor,d3-5,6,1,train
image_159_jpg.jpg,image,train,indoor,d3-5,6,1,train
image_159_jpg__2.jpg,image,train,indoor,d3-5,5,1,valid
SeieeDept-015_00033_jpg.jpg,SeieeDept-015,train,outdoor,d0-2,6,2,train
Day_2102191709_N_Right_Back_Cut1_00209_jpg.jpg,Day_2102191709_N_Right_Back_Cut1,train,outdoor,d6-10,6,2,valid
01-08-2022__08-51-10AM_jpg__2.jpg,01-08-2022__08-51-10AM,train,indoor,d0-2,2,3,train
Day_202102191756_P_Right_Back_Cut1_00025_jpg.jpg,Day_202102191756_P_Right_Back_Cut1,val,outdoor,d6-10,6,2,train
Day_2102191709_N_Right_Back_Cut1_00209_jpg__2.jpg,Day_2102191709_N_Right_Back_Cut1,train,outdoor,d6-10,6,1,test
Road-006_00356_jpg.jpg,Road-006,train,outdoor,d0-2,1,3,test
Day_02191732_Right_Back_Cut1_00061_jpg.jpg,Day_02191732_Right_Back_Cut1,train,outdoor,d6-10,7,1,train
Day_02191732_Right_Back_Cut1_00061_jpg__2.jpg,Day_02191732_Right_Back_Cut1,train,outdoor,d6-10,7,2,valid
image_164_jpg.jpg,image,train,indoor,d3-5,2,2,train
dpa-ang-71335_jpg.jpg,dpa-ang,train,unknown,d10+,19,1,train
img970324160410_jpg.jpg,img970324160410,train,unknown,d6-10,6,2,valid
img970324160410_jpg__2.jpg,img970324160410,train,unknown,d6-10,6,1,test
img965796411195_jpg.jpg,img965796411195,val,unknown,d3-5,3,3,valid
img965796411195_jpg__2.jpg,img965796411195,val,unknown,d3-5,3,1,valid
img965796409576_jpg.jpg,img965796409576,test,unknown,d3-5,3,1,train
img965796411195_jpg__3.jpg,img965796411195,val,unknown,d3-5,3,1,test
image_560_jpg.jpg,image,train,indoor,d3-5,3,1,train
01-08-2022__03-08-24PM_jpg.jpg,01-08-2022__03-08-24PM,val,indoor,d3-5,3,1,train
SeieeDept-022_00145_jpg.jpg,SeieeDept-022,train,outdoor,d0-2,1,2,test
SeieeDept-022_00145_jpg__2.jpg,SeieeDept-022,train,outdoor,d0-2,1,2,valid
image_122_jpg.jpg,image,train,indoor,d3-5,2,1,train
image_122_jpg__2.jpg,image,train,indoor,d3-5,2,2,train
Day_202102191756_P_Right_Back_Cut1_00885_jpg.jpg,Day_202102191756_P_Right_Back_Cut1,val,outdoor,d6-10,7,2,test
Day_202102191756_P_Right_Back_Cut1_00885_jpg__2.jpg,Day_202102191756_P_Right_Back_Cut1,val,outdoor,d6-10,7,1,valid
CAM21-23-08-2022__03-32-08PMgt_jpg.jpg,CAM21-23-08-2022__03-32-08PMgt,test,unknown,d0-2,2,2,train
img965796409576_jpg__2.jpg,img965796409576,test,unknown,d3-5,3,3,train
01-08-2022__10-48-44AM_jpg.jpg,01-08-2022__10-48-44AM,train,indoor,d0-2,2,1,train
01-08-2022__10-48-44AM_jpg__2.jpg,01-08-2022__10-48-44AM,train,indoor,d0-2,2,1,test
Day_07141436_Right_Back_Cut1_01238_jpg.jpg,Day_07141436_Right_Back_Cut1,train,outdoor,d6-10,9,2,train
image_367_jpg.jpg,image,train,indoor,d3-5,5,2,train
CAM37-25-08-2022__07-03-30PMgt_jpg.jpg,CAM37-25-08-2022__07-03-30PMgt,train,unknown,d0-2,2,3,train
SeieeDept-023_00271_jpg.jpg,SeieeDept-023,val,outdoor,d3-5,4,2,test
img970324153362_jpg.jpg,img970324153362,train,unknown,d3-5,4,2,train
img970324153362_jpg__2.jpg,img970324153362,train,unknown,d3-5,4,1,valid
01-08-2022__09-34-24AM_jpg.jpg,01-08-2022__09-34-24AM,train,indoor,d3-5,3,2,train
01-08-2022__01-05-13PM_jpg.jpg,01-08-2022__01-05-13PM,train,indoor,d0-2,1,2,test
img9703243673_jpg.jpg,img9703243673,val,unknown,d3-5,3,3,train
01-08-2022__01-05-13PM_jpg__2.jpg,01-08-2022__01-05-13PM,train,indoor,d0-2,1,2,test
Day_2102191625_N_Right_Back_Cut1_00514_jpg.jpg,Day_2102191625_N_Right_Back_Cut1,train,outdoor,d0-2,1,2,train
Day_2102191709_N_Right_Back_2_Cut1_00691_jpg.jpg,Day_2102191709_N_Right_Back_2_Cut1,test,outdoor,d6-10,6,1,train
Day_2102191709_N_Right_Back_2_Cut1_00691_jpg__2.jpg,Day_2102191709_N_Right_Back_2_Cut1,test,outdoor,d6-10,6,3,test
01-08-2022__12-39-33PM_jpg.jpg,01-08-2022__12-39-33PM,train,indoor,d0-2,1,3,test
Day_07141436_Right_Back_Cut1_00178_jpg.jpg,Day_07141436_Right_Back_Cut1,train,outdoor,d6-10,3,2,valid
SeieeDept-021_00389_jpg.jpg,SeieeDept-021,train,outdoor,d0-2,1,1,train
Day_2102191709_N_Right_Back_Cut1_00129_jpg.jpg,Day_2102191709_N_Right_Back_Cut1,train,outdoor,d6-10,8,1,train
Day_2102191709_N_Right_Back_Cut1_00129_jpg__2.jpg,Day_2102191709_N_Right_Back_Cut1,train,outdoor,d6-10,8,2,train
image_815_jpg.jpg,image,train,indoor,d3-5,2,1,train
img9703243673_jpg__2.jpg,img9703243673,val,unknown,d3-5,3,1,valid
image_815_jpg__2.jpg,image,train,indoor,d3-5,2,1,train
CAM43-26-08-2022__05-14-48PMgt_jpg.jpg,CAM43-26-08-2022__05-14-48PMgt,train,unknown,d6-10,6,1,train
CAM43-26-08-2022__05-14-48PMgt_jpg__2.jpg,CAM43-26-08-2022__05-14-48PMgt,train,unknown,d6-10,6,1,test
Day_08051212_Right_Back_Cut1_00173_jpg.jpg,Day_08051212_Right_Back_Cut1,test,outdoor,d0-2,1,1,train
opencv_frame_13755_png_jpg.jpg,opencv_frame,train,indoor,d0-2,1,2,valid
14400_jpg.jpg,14400,train,unknown,d10+,13,1,train
Day_02191732_Right_Back_Cut1_00501_jpg.jpg,Day_02191732_Right_Back_Cut1,train,outdoor,d6-10,7,1,train
Day_02191732_Right_Back_Cut1_00501_jpg__2.jpg,Day_02191732_Right_Back_Cut1,train,outdoor,d6-10,7,1,valid
SeieeDept-022_00007_jpg.jpg,SeieeDept-022,train,outdoor,d0-2,1,1,train
Day_06101541_Right_Back_2_Cut1_00550_jpg.jpg,Day_06101541_Right_Back_2_Cut1,train,outdoor,d6-10,8,1,train
01-08-2022__09-08-09AM_jpg.jpg,01-08-2022__09-08-09AM,test,indoor,d3-5,4,3,train
Day_06101541_Right_Back_2_Cut1_00550_jpg__2.jpg,Day_06101541_Right_Back_2_Cut1,train,outdoor,d6-10,8,1,test
01-08-2022__09-12-48AM_jpg.jpg,01-08-2022__09-12-48AM,test,indoor,d3-5,3,2,train
image_590_jpg.jpg,image,train,indoor,d3-5,3,1,train
image_263_jpg.jpg,image,train,indoor,d3-5,4,1,train
Day_2102191709_N_Right_Back_2_Cut1_00341_jpg.jpg,Day_2102191709_N_Right_Back_2_Cut1,test,outdoor,d6-10,5,1,train
image_79_jpg.jpg,image_79,test,indoor,d3-5,5,1,train
SeieeDept-021_00907_jpg.jpg,SeieeDept-021,train,outdoor,d0-2,1,2,train
SeieeDept-021_00907_jpg__2.jpg,SeieeDept-021,train,outdoor,d0-2,1,1,valid
01669_jpg.jpg,01669,train,unknown,d0-2,1,3,train
01669_jpg__2.jpg,01669,train,unknown,d0-2,1,2,test
01-08-2022__09-08-09AM_jpg__2.jpg,01-08-2022__09-08-09AM,test,indoor,d3-5,4,1,train
Day_06101541_Right_Back_2_Cut1_00620_jpg.jpg,Day_06101541_Right_Back_2_Cut1,train,outdoor,d6-10,9,1,train
img965796231221_jpg.jpg,img965796231221,test,unknown,d0-2,1,1,train
image_410_jpg.jpg,image,train,indoor,d3-5,1,1,train
image_410_jpg__2.jpg,image,train,indoor,d3-5,1,2,valid
01-08-2022__02-08-11PM_jpg.jpg,01-08-2022__02-08-11PM,train,indoor,d0-2,2,2,train
image_822_jpg.jpg,image,train,indoor,d3-5,4,1,train
image_470_jpg.jpg,image,train,indoor,d3-5,6,1,train
CAM24-26-08-2022__05-14-46PMgt_jpg.jpg,CAM24-26-08-2022__05-14-46PMgt,train,unknown,d3-5,3,2,test
CAM24-26-08-2022__05-14-46PMgt_jpg__2.jpg,CAM24-26-08-2022__05-14-46PMgt,train,unknown,d3-5,3,3,valid
01927_jpg.jpg,01927,train,unknown,d0-2,1,1,train
image_268_jpg.jpg,image,train,indoor,d3-5,5,3,train
AVSS-2007-video-dataset-Images-captured-via-a-typical-surveillance-camera-are-looking_png_jpg.jpg,AVSS-2007-video-dataset-Images-captured-via-a-typical-surveillance-camera-are-looking,test,unknown,d6-10,7,1,train
AVSS-2007-video-dataset-Images-captured-via-a-typical-surveillance-camera-are-looking_png_jpg__2.jpg,AVSS-2007-video-dataset-Images-captured-via-a-typical-surveillance-camera-are-looking,test,unknown,d6-10,7,1,valid
image_365_jpg.jpg,image,train,indoor,d3-5,3,2,valid
image_714_jpg.jpg,image,train,indoor,d3-5,4,1,train
01-08-2022__12-59-44PM_jpg.jpg,01-08-2022__12-59-44PM,train,indoor,d6-10,7,3,train
01-08-2022__12-59-44PM_jpg__2.jpg,01-08-2022__12-59-44PM,train,indoor,d6-10,7,1,valid
img973602157142_jpg.jpg,img973602157142,train,unknown,d3-5,3,1,train
01-08-2022__01-34-00PM_jpg.jpg,01-08-2022__01-34-00PM,train,indoor,d3-5,4,2,train
Day_2102191625_N_Right_Back_Cut1_00234_jpg.jpg,Day_2102191625_N_Right_Back_Cut1,train,outdoor,d0-2,2,2,test
Day_2102191625_N_Right_Back_Cut1_00574_jpg.jpg,Day_2102191625_N_Right_Back_Cut1,train,outdoor,d0-2,3,2,train
image_268_jpg__2.jpg,image,train,indoor,d3-5,5,3,train
Day_2102191625_N_Right_Back_Cut1_00754_jpg.jpg,Day_2102191625_N_Right_Back_Cut1,train,outdoor,d0-2,2,1,train
Day_2102191625_N_Right_Back_Cut1_00754_jpg__2.jpg,Day_2102191625_N_Right_Back_Cut1,train,outdoor,d0-2,2,1,valid
image_450_jpg.jpg,image,train,indoor,d3-5,4,1,train
12960_jpg.jpg,12960,train,unknown,d10+,17,1,train
00855_jpg.jpg,00855,train,unknown,d0-2,1,2,test
image_640_jpg.jpg,image,train,indoor,d3-5,3,2,valid
image_640_jpg__2.jpg,image,train,indoor,d3-5,3,1,valid
S1-T1-C-01184_jpeg_jpg.jpg,S1-T1-C-01184_jpeg,val,unknown,d3-5,5,1,train
Day_07141436_Right_Back_Cut1_01018_jpg.jpg,Day_07141436_Right_Back_Cut1,train,outdoor,d6-10,10,1,valid
040840_56_520668_jpg.jpg,040840_56,train,semi,d0-2,1,2,valid
4ffcf632-6d35-42ba-bc1c-0c08f361f069_jpg.jpg,4ffcf632-6d35-42ba-bc1c-0c08f361f069,train,unknown,d6-10,6,2,train
040840_56_520668_jpg__2.jpg,040840_56,train,semi,d0-2,1,1,valid
SJTU_SEIEE-182_330-02035_jpg.jpg,SJTU_SEIEE-182_330,train,unknown,d3-5,5,1,valid
img97032450629_jpg.jpg,img97032450629,train,unknown,d3-5,4,3,valid
scene91921_jpg.jpg,scene91921,train,outdoor,d0-2,1,1,valid
344_png_jpg.jpg,344,train,unknown,d0-2,1,1,valid
image_861_jpg.jpg,image,train,indoor,d3-5,4,2,valid
Day_2102191625_N_Right_Back_Cut1_00784_jpg.jpg,Day_2102191625_N_Right_Back_Cut1,train,outdoor,d0-2,1,1,valid
441_png_jpg.jpg,441,train,unknown,d0-2,1,1,valid
01-08-2022__12-28-52PM_jpg.jpg,01-08-2022__12-28-52PM,train,indoor,d0-2,2,1,valid
437_png_jpg.jpg,437,train,unknown,d0-2,2,1,valid
image_429_jpg.jpg,image,train,indoor,d3-5,5,3,train
Day_07141436_Right_Back_Cut1_01448_jpg.jpg,Day_07141436_Right_Back_Cut1,train,outdoor,d6-10,9,2,train
SeieeDept-017_00233_jpg.jpg,SeieeDept-017,train,outdoor,d0-2,4,1,valid
SeieeDept-017_00233_jpg__2.jpg,SeieeDept-017,train,outdoor,d0-2,4,1,valid
453_png_jpg.jpg,453,train,unknown,d0-2,1,2,valid
472_png_jpg.jpg,472,train,unknown,d0-2,2,1,valid
image_146_jpg.jpg,image,train,indoor,d3-5,1,1,valid
image_923_jpg.jpg,image,train,indoor,d3-5,9,1,valid
image_923_jpg__2.jpg,image,train,indoor,d3-5,9,1,test
48960_jpg.jpg,48960,train,unknown,d10+,12,1,valid
image_291_jpg.jpg,image,train,indoor,d3-5,5,2,test
040840_55_770717_jpg.jpg,040840_55,train,semi,d0-2,1,1,valid
Day_07141436_Right_Back_Cut1_01448_jpg__2.jpg,Day_07141436_Right_Back_Cut1,train,outdoor,d6-10,11,1,train
Day_07141436_Right_Back_Cut1_01108_jpg.jpg,Day_07141436_Right_Back_Cut1,train,outdoor,d6-10,10,2,valid
Day_07141436_Right_Back_Cut1_01108_jpg__2.jpg,Day_07141436_Right_Back_Cut1,train,outdoor,d6-10,10,1,test
BridgeEntrance-006_00262_jpg.jpg,BridgeEntrance-006,test,outdoor,d3-5,2,2,valid
scene87461_jpg.jpg,scene87461,train,outdoor,d0-2,1,1,valid
00908_jpg.jpg,00908,train,unknown,d0-2,1,2,valid
image_855_jpg.jpg,image,train,indoor,d3-5,9,1,valid
Day_07141436_Right_Back_Cut1_00748_jpg.jpg,Day_07141436_Right_Back_Cut1,train,outdoor,d6-10,10,2,test
489_png_jpg.jpg,489,train,unknown,d0-2,2,1,valid
CrossRoad-001_00019_jpg.jpg,CrossRoad-001,val,outdoor,d0-2,1,1,valid
Day_02191732_Right_Back_Cut1_00181_jpg.jpg,Day_02191732_Right_Back_Cut1,train,outdoor,d6-10,7,3,valid
Day_07141436_Right_Back_Cut1_00268_jpg.jpg,Day_07141436_Right_Back_Cut1,train,outdoor,d6-10,4,6,train
scene96901_jpg.jpg,scene96901,train,outdoor,d0-2,1,1,valid
39_png_jpg.jpg,39,train,unknown,d0-2,1,1,valid
BridgeEntrance-001_00287_jpg.jpg,BridgeEntrance-001,train,outdoor,d0-2,1,1,valid
BridgeEntrance-001_00287_jpg__2.jpg,BridgeEntrance-001,train,outdoor,d0-2,1,1,valid
84_png_jpg.jpg,84,test,unknown,d0-2,1,1,valid
459_png_jpg.jpg,459,train,unknown,d0-2,2,1,valid
BridgeEntrance-001_00163_jpg.jpg,BridgeEntrance-001,train,outdoor,d0-2,1,2,valid
BridgeEntrance-001_00163_jpg__2.jpg,BridgeEntrance-001,train,outdoor,d0-2,1,1,valid
01-08-2022__01-28-31PM_jpg.jpg,01-08-2022__01-28-31PM,val,indoor,d0-2,1,1,valid
01-08-2022__10-59-34AM_jpg.jpg,01-08-2022__10-59-34AM,train,indoor,d0-2,2,1,valid
Day_2102191709_N_Right_Back_2_Cut2_00130_jpg.jpg,Day_2102191709_N_Right_Back_2_Cut2,train,outdoor,d6-10,7,4,train
Day_07141436_Right_Back_Cut1_01518_jpg.jpg,Day_07141436_Right_Back_Cut1,train,outdoor,d6-10,10,1,valid
sshoes00519_jpg.jpg,sshoes00519,train,unknown,d0-2,1,1,valid
01-08-2022__09-12-46AM_jpg.jpg,01-08-2022__09-12-46AM,train,indoor,d0-2,2,1,valid
01-08-2022__09-12-46AM_jpg__2.jpg,01-08-2022__09-12-46AM,train,indoor,d0-2,2,1,test
Day_2102191709_N_Right_Back_2_Cut1_00391_jpg.jpg,Day_2102191709_N_Right_Back_2_Cut1,test,outdoor,d6-10,5,2,valid
S1-T1-C-00862_jpeg_jpg.jpg,S1-T1-C-00862_jpeg,val,unknown,d0-2,1,1,valid
image_466_jpg.jpg,image,train,indoor,d3-5,1,1,valid
image_466_jpg__2.jpg,image,train,indoor,d3-5,1,1,test
CAM18-23-08-2022__05-27-02PMgt_jpg.jpg,CAM18-23-08-2022__05-27-02PMgt,test,unknown,d0-2,2,1,valid
image_772_jpg.jpg,image,train,indoor,d3-5,8,1,valid
image_489_jpg.jpg,image,train,indoor,d3-5,9,8,train
BridgeEntrance-004_00560_jpg.jpg,BridgeEntrance-004,train,outdoor,d0-2,3,1,valid
BridgeEntrance-004_00560_jpg__2.jpg,BridgeEntrance-004,train,outdoor,d0-2,3,1,test
img97360289651_jpg.jpg,img97360289651,train,unknown,d0-2,1,1,valid
Day_2102191709_N_Right_Back_2_Cut2_00300_jpg.jpg,Day_2102191709_N_Right_Back_2_Cut2,train,outdoor,d6-10,6,1,valid
447_png_jpg.jpg,447,train,unknown,d0-2,1,1,valid
01765_jpg.jpg,01765,train,unknown,d0-2,1,1,valid
scene88481_jpg.jpg,scene88481,train,outdoor,d0-2,1,1,valid
297_png_jpg.jpg,297,train,unknown,d3-5,5,1,valid
Day_202102191756_P_Right_Back_Cut1_00905_jpg.jpg,Day_202102191756_P_Right_Back_Cut1,val,outdoor,d6-10,6,1,valid
Day_202102191756_P_Right_Back_Cut1_00905_jpg__2.jpg,Day_202102191756_P_Right_Back_Cut1,val,outdoor,d6-10,6,1,test
01-08-2022__12-35-32PM_jpg.jpg,01-08-2022__12-35-32PM,train,indoor,d6-10,7,3,train
NVR-09_Trim_new_Trim-0664_jpg.jpg,NVR-09_Trim_new_Trim,train,unknown,d0-2,2,1,valid
image_829_jpg.jpg,image,train,indoor,d3-5,1,1,valid
CAM11-15-09-2022__09-51-41AMgt_jpg.jpg,CAM11-15-09-2022__09-51-41AMgt,train,unknown,d0-2,2,1,valid
sshoes00437_jpg.jpg,sshoes00437,test,unknown,d0-2,1,1,valid
Day_202102191756_P_Right_Back_Cut1_00295_jpg.jpg,Day_202102191756_P_Right_Back_Cut1,val,outdoor,d6-10,8,2,valid
Day_2102191709_N_Right_Back_Cut1_00229_jpg.jpg,Day_2102191709_N_Right_Back_Cut1,train,outdoor,d6-10,5,2,test
CAM21-26-08-2022__05-14-46PMgt_jpg.jpg,CAM21-26-08-2022__05-14-46PMgt,train,unknown,d3-5,3,1,valid
scene39321_png_jpg.jpg,scene39321,train,outdoor,d0-2,1,1,valid
SeieeDept-033_00311_jpg.jpg,SeieeDept-033,train,outdoor,d0-2,1,1,valid
image_129_jpg.jpg,image,train,indoor,d3-5,1,1,valid
01-08-2022__12-35-32PM_jpg__2.jpg,01-08-2022__12-35-32PM,train,indoor,d6-10,7,1,train
scene80481_jpg.jpg,scene80481,train,outdoor,d0-2,1,1,valid
NVR-09_Trim_new_Trim-1522_jpg.jpg,NVR-09_Trim_new_Trim,train,unknown,d0-2,2,1,valid
scene90101_jpg.jpg,scene90101,train,outdoor,d0-2,1,1,valid
040843_14_902308_jpg.jpg,040843_14,train,semi,d0-2,1,2,valid
040843_14_902308_jpg__2.jpg,040843_14,train,semi,d0-2,1,1,valid
495_jpg.jpg,495,train,unknown,d0-2,1,1,valid
51_png_jpg.jpg,51,train,unknown,d3-5,3,1,valid
scene96921_jpg.jpg,scene96921,train,outdoor,d0-2,1,1,valid
image_672_jpg.jpg,image,train,indoor,d3-5,2,1,valid
scene71101_jpg.jpg,scene71101,train,outdoor,d0-2,1,1,valid
opencv_frame_10815_png_jpg.jpg,opencv_frame,train,indoor,d0-2,2,1,valid
opencv_frame_10815_png_jpg__2.jpg,opencv_frame,train,indoor,d0-2,2,3,test
image_14_jpg.jpg,image_14,train,indoor,d6-10,7,1,valid
73_png_jpg.jpg,73,train,unknown,d3-5,5,1,valid
img97032445209_jpg.jpg,img97032445209,train,unknown,d0-2,2,1,valid
Day_202102191756_P_Right_Back_Cut1_00995_jpg.jpg,Day_202102191756_P_Right_Back_Cut1,val,outdoor,d6-10,7,1,valid
502_png_jpg.jpg,502,train,unknown,d0-2,1,1,valid
00765_jpg.jpg,00765,train,unknown,d0-2,1,2,test
494_jpg.jpg,494,train,unknown,d0-2,1,1,valid
Day_2102191709_N_Right_Back_Cut1_00069_jpg.jpg,Day_2102191709_N_Right_Back_Cut1,train,outdoor,d6-10,8,2,valid
img973602111046_jpg.jpg,img973602111046,train,unknown,d0-2,1,1,valid
040840_57_270611_jpg.jpg,040840_57,train,semi,d0-2,1,3,valid
040840_57_270611_jpg__2.jpg,040840_57,train,semi,d0-2,1,1,valid
img9736022681_jpg.jpg,img9736022681,train,unknown,d0-2,2,3,test
Day_202102191756_P_Right_Back_Cut1_00715_jpg.jpg,Day_202102191756_P_Right_Back_Cut1,val,outdoor,d6-10,7,1,valid
514_png_jpg.jpg,514,test,unknown,d0-2,1,1,valid
image_465_jpg.jpg,image,train,indoor,d3-5,4,2,valid
image_11_jpg.jpg,image_11,train,indoor,d3-5,4,1,valid
scene97701_jpg.jpg,scene97701,train,outdoor,d0-2,1,1,valid
Day_2102191726_P_Right_Back_Cut1_00726_jpg.jpg,Day_2102191726_P_Right_Back_Cut1,train,outdoor,d3-5,9,1,valid
scene91941_jpg.jpg,scene91941,test,outdoor,d0-2,1,1,valid
CAM42-15-09-2022__05-51-43PMgt_jpg.jpg,CAM42-15-09-2022__05-51-43PMgt,train,unknown,d3-5,3,1,valid
01-08-2022__09-46-50AM_jpg.jpg,01-08-2022__09-46-50AM,train,indoor,d0-2,1,1,valid
01-08-2022__09-46-50AM_jpg__2.jpg,01-08-2022__09-46-50AM,train,indoor,d0-2,1,1,valid
01-08-2022__03-20-21PM_jpg.jpg,01-08-2022__03-20-21PM,train,indoor,d0-2,2,3,valid
scene66201_jpg.jpg,scene66201,train,outdoor,d0-2,1,1,valid
Day_2102191709_N_Right_Back_2_Cut2_00100_jpg.jpg,Day_2102191709_N_Right_Back_2_Cut2,train,outdoor,d6-10,6,2,valid
01-08-2022__01-57-42PM_jpg.jpg,01-08-2022__01-57-42PM,val,indoor,d0-2,1,1,valid
01-08-2022__10-07-01AM_jpg.jpg,01-08-2022__10-07-01AM,val,indoor,d0-2,2,1,valid
01-08-2022__10-07-01AM_jpg__2.jpg,01-08-2022__10-07-01AM,val,indoor,d0-2,2,1,valid
00266_jpg.jpg,00266,train,unknown,d0-2,1,3,train
img965796403118_jpg.jpg,img965796403118,train,unknown,d0-2,1,1,valid
img965796403118_jpg__2.jpg,img965796403118,train,unknown,d0-2,1,1,valid
86_png_jpg.jpg,86,train,unknown,d0-2,1,1,valid
01-08-2022__11-22-43AM_jpg.jpg,01-08-2022__11-22-43AM,train,indoor,d3-5,3,3,valid
500_png_jpg.jpg,500,train,unknown,d0-2,1,1,valid
img9703241592_jpg.jpg,img9703241592,val,unknown,d3-5,3,1,valid
scene71061_jpg.jpg,scene71061,train,outdoor,d0-2,1,1,valid
scene87641_jpg.jpg,scene87641,train,outdoor,d0-2,1,1,valid
SeieeDept-022_00796_jpg.jpg,SeieeDept-022,train,outdoor,d0-2,5,2,valid
SeieeDept-022_00796_jpg__2.jpg,SeieeDept-022,train,outdoor,d0-2,5,2,valid
NVR-09_Trim_new_Trim-0277_jpg.jpg,NVR-09_Trim_new_Trim,train,unknown,d0-2,2,1,valid
img97360298612_jpg.jpg,img97360298612,train,unknown,d0-2,1,1,valid
img97360298612_jpg__2.jpg,img97360298612,train,unknown,d0-2,1,1,valid
img965796221262_jpg.jpg,img965796221262,train,unknown,d6-10,6,1,valid
img965796221262_jpg__2.jpg,img965796221262,train,unknown,d6-10,6,1,valid
img973602106506_jpg.jpg,img973602106506,test,unknown,d0-2,1,1,valid
img973602106506_jpg__2.jpg,img973602106506,test,unknown,d0-2,1,1,valid
01-08-2022__02-51-51PM_jpg.jpg,01-08-2022__02-51-51PM,train,indoor,d3-5,3,1,valid
CAM33-23-08-2022__03-32-09PMgt_jpg.jpg,CAM33-23-08-2022__03-32-09PMgt,train,unknown,d3-5,5,1,valid
CAM33-23-08-2022__03-32-09PMgt_jpg__2.jpg,CAM33-23-08-2022__03-32-09PMgt,train,unknown,d3-5,5,2,valid
image_575_jpg.jpg,image,train,indoor,d3-5,7,4,train
scene87801_jpg.jpg,scene87801,train,outdoor,d0-2,1,1,valid
356_png_jpg.jpg,356,train,unknown,d0-2,2,1,valid
scene96881_jpg.jpg,scene96881,train,outdoor,d0-2,1,1,valid
image_177_jpg.jpg,image,train,indoor,d3-5,4,1,valid
SeieeDept-032_00678_jpg.jpg,SeieeDept-032,train,outdoor,d0-2,1,1,valid
CAM29-23-08-2022__06-33-27PMgt_jpg.jpg,CAM29-23-08-2022__06-33-27PMgt,train,unknown,d0-2,1,1,valid
01-08-2022__09-12-47AM_jpg.jpg,01-08-2022__09-12-47AM,train,indoor,d0-2,2,1,valid
47_png_jpg.jpg,47,test,unknown,d6-10,6,1,valid
image_854_jpg.jpg,image,train,indoor,d3-5,6,2,valid
01-08-2022__12-00-22PM_jpg.jpg,01-08-2022__12-00-22PM,train,indoor,d3-5,4,1,valid
image_575_jpg__2.jpg,image,train,indoor,d3-5,7,5,train
Day_2102191709_N_Right_Back_2_Cut2_00110_jpg.jpg,Day_2102191709_N_Right_Back_2_Cut2,train,outdoor,d6-10,6,1,valid
01-08-2022__03-58-16PM_jpg.jpg,01-08-2022__03-58-16PM,train,indoor,d3-5,4,2,valid
Day_02191732_Right_Back_Cut1_00731_jpg.jpg,Day_02191732_Right_Back_Cut1,train,outdoor,d6-10,8,2,valid
img97032480279_jpg.jpg,img97032480279,train,unknown,d0-2,2,1,valid
Road-002_00166_jpg.jpg,Road-002,train,outdoor,d3-5,4,1,valid
img97032459353_jpg.jpg,img97032459353,train,unknown,d3-5,3,2,valid
image07550_jpg.jpg,image07550,train,indoor,d10+,22,1,valid
img970324106049_jpg.jpg,img970324106049,train,unknown,d0-2,1,2,valid
Day_06101541_Right_Back_2_Cut1_00300_jpg.jpg,Day_06101541_Right_Back_2_Cut1,train,outdoor,d6-10,4,2,valid
01743_jpg.jpg,01743,train,unknown,d0-2,1,1,valid
image_857_jpg.jpg,image,train,indoor,d3-5,2,3,train
scene67901_jpg.jpg,scene67901,train,outdoor,d0-2,1,1,valid
NVR-09_Trim_new_Trim-0213_jpg.jpg,NVR-09_Trim_new_Trim,train,unknown,d0-2,1,1,valid
CAM43-23-08-2022__05-28-37PMgt_jpg.jpg,CAM43-23-08-2022__05-28-37PMgt,train,unknown,d6-10,7,1,valid
CAM40-15-09-2022__05-51-43PMgt_jpg.jpg,CAM40-15-09-2022__05-51-43PMgt,train,unknown,d0-2,2,1,valid
CAM40-15-09-2022__05-51-43PMgt_jpg__2.jpg,CAM40-15-09-2022__05-51-43PMgt,train,unknown,d0-2,2,3,valid
361_png_jpg.jpg,361,train,unknown,d0-2,1,1,valid
image_217_jpg.jpg,image,train,indoor,d3-5,3,2,valid
Day_2102191709_N_Right_Back_2_Cut2_00250_jpg.jpg,Day_2102191709_N_Right_Back_2_Cut2,train,outdoor,d6-10,5,2,valid
scene87661_jpg.jpg,scene87661,train,outdoor,d0-2,1,1,valid
image_568_jpg.jpg,image,train,indoor,d3-5,4,1,valid
01-08-2022__09-25-07AM_jpg.jpg,01-08-2022__09-25-07AM,val,indoor,d0-2,2,3,train
scene88921_jpg.jpg,scene88921,train,outdoor,d0-2,1,1,valid
sshoes00523_jpg.jpg,sshoes00523,train,unknown,d0-2,1,1,valid
image_395_jpg.jpg,image,train,indoor,d3-5,8,1,valid
f993318e-8237-4f20-adf6-bc9029308c02_jpg.jpg,f993318e-8237-4f20-adf6-bc9029308c02,train,unknown,d6-10,9,1,valid
scene39401_png_jpg.jpg,scene39401,test,outdoor,d0-2,2,1,valid
scene47691_png_jpg.jpg,scene47691,train,outdoor,d0-2,1,1,valid
img96579668826_jpg.jpg,img96579668826,train,unknown,d0-2,2,3,test
CAM4-15-09-2022__05-48-38PMgt_jpg.jpg,CAM4-15-09-2022__05-48-38PMgt,train,unknown,d0-2,2,2,valid
01-08-2022__11-07-33AM_jpg.jpg,01-08-2022__11-07-33AM,test,indoor,d3-5,5,3,valid
SJTU_SEIEE-182_330-02782_jpg.jpg,SJTU_SEIEE-182_330,train,unknown,d3-5,2,1,valid
01-08-2022__09-25-07AM_jpg__2.jpg,01-08-2022__09-25-07AM,val,indoor,d0-2,2,2,valid
Day_202102191756_P_Right_Back_Cut1_00645_jpg.jpg,Day_202102191756_P_Right_Back_Cut1,val,outdoor,d6-10,7,1,valid
image_373_jpg.jpg,image,train,indoor,d3-5,5,2,valid
image_373_jpg__2.jpg,image,train,indoor,d3-5,5,1,test
040840_46_052649_jpg.jpg,040840_46,train,semi,d0-2,1,1,valid
scene38921_png_jpg.jpg,scene38921,train,outdoor,d0-2,1,1,valid
377_png_jpg.jpg,377,train,unknown,d0-2,2,1,valid
75_png_jpg.jpg,75,train,unknown,d0-2,1,1,valid
img965796401513_jpg.jpg,img965796401513,train,unknown,d3-5,4,1,valid
scene80301_jpg.jpg,scene80301,train,outdoor,d0-2,1,1,valid
01-08-2022__11-29-43AM_jpg.jpg,01-08-2022__11-29-43AM,test,indoor,d3-5,3,3,valid
01-08-2022__04-15-00PM_jpg.jpg,01-08-2022__04-15-00PM,train,indoor,d0-2,1,1,train
Day_07141436_Right_Back_Cut1_01388_jpg.jpg,Day_07141436_Right_Back_Cut1,train,outdoor,d6-10,10,1,valid
image_208_jpg.jpg,image,train,indoor,d3-5,3,1,valid
image_208_jpg__2.jpg,image,train,indoor,d3-5,3,1,test
01-08-2022__11-43-47AM_jpg.jpg,01-08-2022__11-43-47AM,val,indoor,d3-5,3,1,valid
image_50_jpg.jpg,image_50,train,indoor,d3-5,4,2,valid
01-08-2022__09-34-23AM_jpg.jpg,01-08-2022__09-34-23AM,train,indoor,d0-2,1,1,valid
scene88441_jpg.jpg,scene88441,train,outdoor,d0-2,1,1,valid
scene80181_jpg.jpg,scene80181,train,outdoor,d0-2,1,1,valid
Day_202102191756_P_Right_Back_Cut1_00125_jpg.jpg,Day_202102191756_P_Right_Back_Cut1,val,outdoor,d6-10,3,1,valid
300_png_jpg.jpg,300,train,unknown,d0-2,1,1,valid
01-08-2022__04-15-00PM_jpg__2.jpg,01-08-2022__04-15-00PM,train,indoor,d0-2,1,2,train
SeieeDept-034_00405_jpg.jpg,SeieeDept-034,train,outdoor,d0-2,1,1,valid
image_270_jpg.jpg,image,train,indoor,d3-5,7,1,valid
sshoes00110_jpg.jpg,sshoes00110,val,unknown,d0-2,2,1,valid
CAM17-23-08-2022__05-27-02PMgt_jpg.jpg,CAM17-23-08-2022__05-27-02PMgt,train,unknown,d0-2,1,1,valid
Day_07141436_Right_Back_Cut1_00398_jpg.jpg,Day_07141436_Right_Back_Cut1,train,outdoor,d6-10,2,1,valid
01-08-2022__03-55-25PM_jpg.jpg,01-08-2022__03-55-25PM,train,indoor,d3-5,4,1,valid
80_png_jpg.jpg,80,val,unknown,d0-2,1,1,valid
01-08-2022__12-15-08PM_jpg.jpg,01-08-2022__12-15-08PM,test,indoor,d3-5,4,1,valid
Day_07141436_Right_Back_Cut1_01098_jpg.jpg,Day_07141436_Right_Back_Cut1,train,outdoor,d6-10,8,1,valid
img965796173316_jpg.jpg,img965796173316,train,unknown,d3-5,4,1,valid
18720_jpg.jpg,18720,train,unknown,d10+,13,2,train
scene97721_jpg.jpg,scene97721,train,outdoor,d0-2,1,1,valid
scene88941_jpg.jpg,scene88941,train,outdoor,d0-2,1,1,valid
scene87421_jpg.jpg,scene87421,train,outdoor,d0-2,1,1,valid
img965796323419_jpg.jpg,img965796323419,train,unknown,d0-2,2,1,valid
01-08-2022__04-09-37PM_jpg.jpg,01-08-2022__04-09-37PM,train,indoor,d0-2,1,1,valid
scene35361_jpg.jpg,scene35361,train,outdoor,d0-2,1,1,valid
Day_2102191709_N_Right_Back_Cut1_00139_jpg.jpg,Day_2102191709_N_Right_Back_Cut1,train,outdoor,d6-10,8,1,valid
img96579621324_jpg.jpg,img96579621324,train,unknown,d3-5,4,1,valid
image_245_jpg.jpg,image,train,indoor,d3-5,9,1,valid
Day_2102191726_P_Right_Back_Cut1_00716_jpg.jpg,Day_2102191726_P_Right_Back_Cut1,train,outdoor,d3-5,9,2,test
00266_jpg__2.jpg,00266,train,unknown,d0-2,1,2,train
image_523_jpg.jpg,image,train,indoor,d3-5,4,2,train
Day_2102191709_N_Right_Back_2_Cut2_00290_jpg.jpg,Day_2102191709_N_Right_Back_2_Cut2,train,outdoor,d6-10,6,1,valid
Day_2102191709_N_Right_Back_2_Cut2_00290_jpg__2.jpg,Day_2102191709_N_Right_Back_2_Cut2,train,outdoor,d6-10,6,1,test
scene80501_jpg.jpg,scene80501,train,outdoor,d0-2,1,1,valid
01-08-2022__09-32-50AM_jpg.jpg,01-08-2022__09-32-50AM,train,indoor,d3-5,4,2,valid
435_png_jpg.jpg,435,train,unknown,d0-2,2,1,valid
SeieeDept-019_00515_jpg.jpg,SeieeDept-019,train,outdoor,d0-2,4,1,valid
image_665_jpg.jpg,image,train,indoor,d3-5,6,3,test
image_665_jpg__2.jpg,image,train,indoor,d3-5,6,1,test
SeieeDept-013_00512_jpg.jpg,SeieeDept-013,train,outdoor,d0-2,1,1,valid
01014_jpg.jpg,01014,train,unknown,d0-2,2,1,valid
image_67_jpg.jpg,image_67,train,indoor,d3-5,5,3,train
01-08-2022__10-54-27AM_jpg.jpg,01-08-2022__10-54-27AM,train,indoor,d0-2,1,2,valid
scene87561_jpg.jpg,scene87561,train,outdoor,d0-2,1,1,valid
01-08-2022__01-05-12PM_jpg.jpg,01-08-2022__01-05-12PM,train,indoor,d0-2,1,2,valid
image_604_jpg.jpg,image,train,indoor,d3-5,2,1,valid
image_604_jpg__2.jpg,image,train,indoor,d3-5,2,1,test
scene90121_jpg.jpg,scene90121,train,outdoor,d0-2,1,1,valid
BridgeEntrance-008_00265_jpg.jpg,BridgeEntrance-008,train,outdoor,d3-5,5,2,valid
img965796287586_jpg.jpg,img965796287586,train,unknown,d0-2,2,1,valid
img97360299737_jpg.jpg,img97360299737,train,unknown,d0-2,2,1,valid
43200_jpg.jpg,43200,train,unknown,d10+,14,2,valid
63360_jpg.jpg,63360,train,unknown,d6-10,10,2,test
455_png_jpg.jpg,455,train,unknown,d0-2,1,1,valid
img973602562_jpg.jpg,img973602562,train,unknown,d0-2,1,1,valid
image_649_jpg.jpg,image,train,indoor,d3-5,5,1,valid
image_97_jpg.jpg,image_97,train,indoor,d6-10,8,1,valid
img97360231322_jpg.jpg,img97360231322,train,unknown,d0-2,2,1,valid
01-08-2022__10-54-32AM_jpg.jpg,01-08-2022__10-54-32AM,train,indoor,d0-2,2,1,valid
Day_07141436_Right_Back_Cut1_00778_jpg.jpg,Day_07141436_Right_Back_Cut1,train,outdoor,d6-10,8,1,valid
Day_06101541_Right_Back_2_Cut1_00250_jpg.jpg,Day_06101541_Right_Back_2_Cut1,train,outdoor,d6-10,3,1,valid
040840_57_801826_jpg.jpg,040840_57,train,semi,d0-2,1,1,valid
scene81361_jpg.jpg,scene81361,train,outdoor,d0-2,1,1,valid
63360_jpg__2.jpg,63360,train,unknown,d6-10,10,3,valid
img97360214231_jpg.jpg,img97360214231,val,unknown,d3-5,5,2,valid
scene80221_jpg.jpg,scene80221,test,outdoor,d0-2,1,1,valid
Day_08051212_Right_Back_Cut1_00033_jpg.jpg,Day_08051212_Right_Back_Cut1,test,outdoor,d0-2,1,1,valid
Day_2102191726_P_Right_Back_Cut1_00036_jpg.jpg,Day_2102191726_P_Right_Back_Cut1,train,outdoor,d3-5,3,1,valid
S1-T1-C-00326_jpeg_jpg.jpg,S1-T1-C-00326_jpeg,train,unknown,d3-5,4,2,valid
scene87401_jpg.jpg,scene87401,train,outdoor,d0-2,1,1,valid
01-08-2022__09-06-37AM_jpg.jpg,01-08-2022__09-06-37AM,train,indoor,d3-5,3,3,valid
SeieeDept-025_01877_jpg.jpg,SeieeDept-025,train,outdoor,d0-2,1,1,valid
CAM35-23-08-2022__03-32-09PMgt_jpg.jpg,CAM35-23-08-2022__03-32-09PMgt,test,unknown,d0-2,2,1,valid
01-08-2022__11-38-14AM_jpg.jpg,01-08-2022__11-38-14AM,train,indoor,d3-5,4,1,valid
Day_2102191709_N_Right_Back_2_Cut2_00270_jpg.jpg,Day_2102191709_N_Right_Back_2_Cut2,train,outdoor,d6-10,5,1,valid
scene88501_jpg.jpg,scene88501,train,outdoor,d0-2,1,1,valid
image_154_jpg.jpg,image,train,indoor,d3-5,4,2,test
Day_02191732_Right_Back_Cut1_00611_jpg.jpg,Day_02191732_Right_Back_Cut1,train,outdoor,d6-10,7,2,test
CAM20-23-08-2022__06-33-27PMgt_jpg.jpg,CAM20-23-08-2022__06-33-27PMgt,train,unknown,d0-2,1,2,valid
00868_jpg.jpg,00868,train,unknown,d0-2,1,2,valid
00868_jpg__2.jpg,00868,train,unknown,d0-2,1,1,test
scene87761_jpg.jpg,scene87761,train,outdoor,d0-2,1,1,valid
485_png_jpg.jpg,485,train,unknown,d0-2,1,1,valid
497_png_jpg.jpg,497,train,unknown,d0-2,2,1,valid
01-08-2022__09-59-11AM_jpg.jpg,01-08-2022__09-59-11AM,train,indoor,d3-5,4,1,valid
SeieeDept-030_00204_jpg.jpg,SeieeDept-030,train,outdoor,d0-2,1,1,valid
CAM16-23-08-2022__06-31-54PMgt_jpg.jpg,CAM16-23-08-2022__06-31-54PMgt,train,unknown,d3-5,5,1,valid
NVR-09_Trim_new_Trim-0201_jpg.jpg,NVR-09_Trim_new_Trim,train,unknown,d0-2,2,1,valid
image_603_jpg.jpg,image,train,indoor,d3-5,4,1,valid
01561_jpg.jpg,01561,train,unknown,d0-2,1,1,valid
Day_2102191726_P_Right_Back_Cut1_00466_jpg.jpg,Day_2102191726_P_Right_Back_Cut1,train,outdoor,d3-5,2,1,valid
image_646_jpg.jpg,image,train,indoor,d3-5,6,2,valid
00242_jpg.jpg,00242,train,unknown,d0-2,1,1,valid
img965796357120_jpg.jpg,img965796357120,train,unknown,d3-5,5,1,valid
Day_202102191756_P_Right_Back_Cut1_00275_jpg.jpg,Day_202102191756_P_Right_Back_Cut1,val,outdoor,d6-10,6,1,valid
00720_jpg.jpg,00720,test,unknown,d0-2,1,1,valid
01-08-2022__03-17-59PM_jpg.jpg,01-08-2022__03-17-59PM,train,indoor,d3-5,3,1,valid
img965796442334_jpg.jpg,img965796442334,train,unknown,d0-2,1,1,valid
sshoes00514_jpg.jpg,sshoes00514,train,unknown,d0-2,1,1,valid
Day_2102191709_N_Right_Back_2_Cut2_00180_jpg.jpg,Day_2102191709_N_Right_Back_2_Cut2,train,outdoor,d6-10,3,1,valid
Day_2102191709_N_Right_Back_2_Cut2_00180_jpg__2.jpg,Day_2102191709_N_Right_Back_2_Cut2,train,outdoor,d6-10,3,1,valid
98_png_jpg.jpg,98,train,unknown,d0-2,1,1,valid
403_png_jpg.jpg,403,train,unknown,d0-2,1,1,valid
scene96861_jpg.jpg,scene96861,train,outdoor,d0-2,1,1,valid
img970324134593_jpg.jpg,img970324134593,train,unknown,d0-2,2,2,valid
01-08-2022__03-09-56PM_jpg.jpg,01-08-2022__03-09-56PM,test,indoor,d3-5,4,1,valid
530_png_jpg.jpg,530,train,unknown,d0-2,1,1,valid
scene87681_jpg.jpg,scene87681,train,outdoor,d0-2,1,1,valid
scene87481_jpg.jpg,scene87481,test,outdoor,d0-2,1,1,valid
30240_jpg.jpg,30240,val,unknown,d6-10,9,1,valid
392_png_jpg.jpg,392,train,unknown,d3-5,3,1,valid
opencv_frame_13745_png_jpg.jpg,opencv_frame,train,indoor,d0-2,1,1,valid
scene80201_jpg.jpg,scene80201,train,outdoor,d0-2,1,1,valid
image_7_jpg.jpg,image_7,val,indoor,d3-5,5,1,valid
output1_mp4-1_jpg.jpg,output1_mp4-1,train,unknown,d0-2,1,5,valid
01-08-2022__10-03-30AM_jpg.jpg,01-08-2022__10-03-30AM,train,indoor,d0-2,1,1,valid
scene87781_jpg.jpg,scene87781,train,outdoor,d0-2,1,1,valid
36000_jpg.jpg,36000,train,unknown,d10+,15,1,valid
01-08-2022__10-34-08AM_jpg.jpg,01-08-2022__10-34-08AM,train,indoor,d0-2,2,2,test
310_png_jpg.jpg,310,train,unknown,d0-2,1,1,valid
Day_2102191709_N_Right_Back_2_Cut1_00111_jpg.jpg,Day_2102191709_N_Right_Back_2_Cut1,test,outdoor,d6-10,5,2,valid
image_302_jpg.jpg,image,train,indoor,d3-5,2,2,test
Day_02191732_Right_Back_Cut1_00391_jpg.jpg,Day_02191732_Right_Back_Cut1,train,outdoor,d6-10,7,1,valid
01-08-2022__01-05-11PM_jpg.jpg,01-08-2022__01-05-11PM,train,indoor,d0-2,2,1,valid
549_png_jpg.jpg,549,train,unknown,d0-2,1,1,valid
output1_mp4-1_jpg__2.jpg,output1_mp4-1,train,unknown,d0-2,1,2,train
image_874_jpg.jpg,image,train,indoor,d3-5,4,1,valid
38_png_jpg.jpg,38,train,unknown,d3-5,3,1,valid
scene71041_jpg.jpg,scene71041,train,outdoor,d0-2,1,1,valid
354_png_jpg.jpg,354,train,unknown,d0-2,2,1,valid
4a4eabba-ab8d-40b0-a41b-67e0aedfbfa5_jpg.jpg,4a4eabba-ab8d-40b0-a41b-67e0aedfbfa5,train,unknown,d3-5,3,2,valid
scene90141_jpg.jpg,scene90141,train,outdoor,d0-2,1,1,valid
Day_06101541_Right_Back_2_Cut1_00660_jpg.jpg,Day_06101541_Right_Back_2_Cut1,train,outdoor,d6-10,10,1,valid
image_621_jpg.jpg,image,train,indoor,d3-5,7,2,valid
46_png_jpg.jpg,46,test,unknown,d0-2,2,1,valid
Day_06101541_Right_Back_2_Cut1_00180_jpg.jpg,Day_06101541_Right_Back_2_Cut1,train,outdoor,d6-10,3,4,train
Day_2102191726_P_Right_Back_Cut1_00126_jpg.jpg,Day_2102191726_P_Right_Back_Cut1,train,outdoor,d3-5,1,1,valid
366_png_jpg.jpg,366,train,unknown,d0-2,2,1,valid
59_png_jpg.jpg,59,train,unknown,d0-2,1,1,valid
79_png_jpg.jpg,79,train,unknown,d0-2,1,1,valid
scene92021_jpg.jpg,scene92021,train,outdoor,d0-2,1,1,valid
01-08-2022__09-59-44AM_jpg.jpg,01-08-2022__09-59-44AM,train,indoor,d0-2,1,2,test
scene39101_png_jpg.jpg,scene39101,train,outdoor,d3-5,3,1,valid
Day_02191732_Right_Back_Cut1_00661_jpg.jpg,Day_02191732_Right_Back_Cut1,train,outdoor,d6-10,7,1,valid
people-crossing-tracks-in-front-of-approaching-train-mumbai-maharashtra-ERKEDP_jpg.jpg,people-crossing-tracks-in-front-of-approaching-train-mumbai-maharashtra-ERKEDP,train,unknown,d10+,11,1,valid
image01450_jpg.jpg,image01450,train,indoor,d10+,46,1,valid
scene80321_jpg.jpg,scene80321,train,outdoor,d0-2,1,1,valid
BridgeEntrance-008_00065_jpg.jpg,BridgeEntrance-008,train,outdoor,d3-5,1,2,valid
image_867_jpg.jpg,image,train,indoor,d3-5,3,1,valid
image_36_jpg.jpg,image_36,train,indoor,d3-5,5,1,valid
301_png_jpg.jpg,301,test,unknown,d0-2,1,1,valid
scene88461_jpg.jpg,scene88461,test,outdoor,d0-2,1,1,valid
01-08-2022__12-38-37PM_jpg.jpg,01-08-2022__12-38-37PM,train,indoor,d6-10,7,1,valid
Day_2102191709_N_Right_Back_2_Cut1_00381_jpg.jpg,Day_2102191709_N_Right_Back_2_Cut1,test,outdoor,d6-10,4,1,valid
54720_jpg.jpg,54720,test,unknown,d10+,11,1,valid
97_png_jpg.jpg,97,train,unknown,d0-2,1,1,valid
Day_02191732_Right_Back_Cut1_00141_jpg.jpg,Day_02191732_Right_Back_Cut1,train,outdoor,d6-10,7,1,test
img970324143970_jpg.jpg,img970324143970,train,unknown,d3-5,5,2,test
Day_202102191756_P_Right_Back_Cut1_00535_jpg.jpg,Day_202102191756_P_Right_Back_Cut1,val,outdoor,d6-10,10,1,test
CrossRoad-001_00091_jpg.jpg,CrossRoad-001,val,outdoor,d0-2,2,1,test
CAM8-23-08-2022__05-27-02PMgt_jpg.jpg,CAM8-23-08-2022__05-27-02PMgt,train,unknown,d0-2,2,1,test
Day_202102191756_P_Right_Back_Cut1_00815_jpg.jpg,Day_202102191756_P_Right_Back_Cut1,val,outdoor,d6-10,6,1,test
img97360290764_jpg.jpg,img97360290764,train,unknown,d0-2,1,1,test
CAM1-15-09-2022__09-50-10AMgt_jpg.jpg,CAM1-15-09-2022__09-50-10AMgt,train,unknown,d0-2,1,1,test
01-08-2022__01-36-52PM_jpg.jpg,01-08-2022__01-36-52PM,train,indoor,d0-2,1,2,test
image_340_jpg.jpg,image,train,indoor,d3-5,7,1,test
01-08-2022__09-35-55AM_jpg.jpg,01-08-2022__09-35-55AM,val,indoor,d3-5,4,1,test
01-08-2022__09-35-55AM_jpg__2.jpg,01-08-2022__09-35-55AM,val,indoor,d3-5,4,1,test
00800_jpg.jpg,00800,train,unknown,d0-2,1,1,test
01-08-2022__03-59-15PM_jpg.jpg,01-08-2022__03-59-15PM,train,indoor,d0-2,2,1,test
01-08-2022__03-59-15PM_jpg__2.jpg,01-08-2022__03-59-15PM,train,indoor,d0-2,2,1,test
Day_07141436_Right_Back_Cut1_00368_jpg.jpg,Day_07141436_Right_Back_Cut1,train,outdoor,d6-10,2,2,test
01-08-2022__10-00-06AM_jpg.jpg,01-08-2022__10-00-06AM,train,indoor,d0-2,2,1,test
Day_202102191756_P_Right_Back_Cut1_00135_jpg.jpg,Day_202102191756_P_Right_Back_Cut1,val,outdoor,d6-10,5,1,test
CAM16-23-08-2022__03-30-34PMgt_jpg.jpg,CAM16-23-08-2022__03-30-34PMgt,train,unknown,d3-5,5,1,test
CAM44-25-08-2022__07-03-31PMgt_jpg.jpg,CAM44-25-08-2022__07-03-31PMgt,test,unknown,d0-2,1,1,test
CAM29-15-09-2022__05-50-11PMgt_jpg.jpg,CAM29-15-09-2022__05-50-11PMgt,train,unknown,d0-2,1,1,test
img97360239903_jpg.jpg,img97360239903,train,unknown,d0-2,2,1,test
CAM15-23-08-2022__05-28-34PMgt_jpg.jpg,CAM15-23-08-2022__05-28-34PMgt,train,unknown,d0-2,1,1,test
Road-006_00256_jpg.jpg,Road-006,train,outdoor,d0-2,4,1,test
Day_2102191726_P_Right_Back_Cut1_00516_jpg.jpg,Day_2102191726_P_Right_Back_Cut1,train,outdoor,d3-5,1,2,test
BridgeEntrance-005_00056_jpg.jpg,BridgeEntrance-005,train,outdoor,d3-5,2,1,test
01-08-2022__02-53-28PM_jpg.jpg,01-08-2022__02-53-28PM,test,indoor,d3-5,5,1,test
01-08-2022__02-53-28PM_jpg__2.jpg,01-08-2022__02-53-28PM,test,indoor,d3-5,5,1,test
Day_2102191709_N_Right_Back_2_Cut2_00340_jpg.jpg,Day_2102191709_N_Right_Back_2_Cut2,train,outdoor,d6-10,7,1,test
SJTU_SEIEE-182_330-02758_jpg.jpg,SJTU_SEIEE-182_330,train,unknown,d3-5,2,1,test
CAM24-15-09-2022__05-50-11PMgt_jpg.jpg,CAM24-15-09-2022__05-50-11PMgt,train,unknown,d0-2,1,1,test
040841_01_116227_jpg.jpg,040841_01,train,semi,d0-2,1,1,test
SeieeDept-031_00697_jpg.jpg,SeieeDept-031,test,outdoor,d0-2,1,1,test
Day_07141436_Right_Back_Cut1_01638_jpg.jpg,Day_07141436_Right_Back_Cut1,train,outdoor,d6-10,12,1,test
SeieeDept-035_00423_jpg.jpg,SeieeDept-035,train,outdoor,d0-2,1,1,test
CAM32-15-09-2022__09-51-43AMgt_jpg.jpg,CAM32-15-09-2022__09-51-43AMgt,train,unknown,d3-5,3,1,test
image03450_jpg.jpg,image03450,train,indoor,d10+,15,1,test
img965796280239_jpg.jpg,img965796280239,train,unknown,d0-2,2,1,test
img965796277313_jpg.jpg,img965796277313,train,unknown,d0-2,1,1,test
Day_202102191756_P_Right_Back_Cut1_00865_jpg.jpg,Day_202102191756_P_Right_Back_Cut1,val,outdoor,d6-10,8,1,test
01-08-2022__10-46-18AM_jpg.jpg,01-08-2022__10-46-18AM,test,indoor,d0-2,2,1,test
01-08-2022__10-46-18AM_jpg__2.jpg,01-08-2022__10-46-18AM,test,indoor,d0-2,2,1,test
Day_202102191756_P_Right_Back_Cut1_00525_jpg.jpg,Day_202102191756_P_Right_Back_Cut1,val,outdoor,d6-10,9,1,test
Day_202102191756_P_Right_Back_Cut1_01075_jpg.jpg,Day_202102191756_P_Right_Back_Cut1,val,outdoor,d6-10,2,1,test
BridgeEntrance-004_00603_jpg.jpg,BridgeEntrance-004,train,outdoor,d0-2,1,1,test
00427_jpg.jpg,00427,train,unknown,d0-2,1,1,test
Day_2102191709_N_Right_Back_Cut1_00049_jpg.jpg,Day_2102191709_N_Right_Back_Cut1,train,outdoor,d6-10,8,2,test
SeieeDept-022_00760_jpg.jpg,SeieeDept-022,train,outdoor,d0-2,1,2,test
040840_52_974037_jpg.jpg,040840_52,train,semi,d0-2,1,1,test
040840_45_271454_jpg.jpg,040840_45,train,semi,d0-2,1,1,test
Day_202102191756_P_Right_Back_Cut1_00195_jpg.jpg,Day_202102191756_P_Right_Back_Cut1,val,outdoor,d6-10,5,5,train
01-08-2022__09-14-20AM_jpg.jpg,01-08-2022__09-14-20AM,train,indoor,d3-5,4,1,test
01-08-2022__01-33-00PM_jpg.jpg,01-08-2022__01-33-00PM,train,indoor,d6-10,7,1,test
040840_50_208606_jpg.jpg,040840_50,train,semi,d0-2,1,1,test
CAM39-23-08-2022__06-33-29PMgt_jpg.jpg,CAM39-23-08-2022__06-33-29PMgt,train,unknown,d0-2,1,1,test
Day_07141436_Right_Back_Cut1_00088_jpg.jpg,Day_07141436_Right_Back_Cut1,train,outdoor,d6-10,2,1,test
CAM26-23-08-2022__06-33-27PMgt_jpg.jpg,CAM26-23-08-2022__06-33-27PMgt,train,unknown,d0-2,1,1,test
01-08-2022__11-43-46AM_jpg.jpg,01-08-2022__11-43-46AM,train,indoor,d3-5,4,1,test
01-08-2022__02-58-54PM_jpg.jpg,01-08-2022__02-58-54PM,train,indoor,d3-5,5,1,test
image_249_jpg.jpg,image,train,indoor,d3-5,9,1,test
-2018_jpg.jpg,,train,unknown,d10+,19,1,test
93b71e05-97a5-4397-b533-64d9260d31a7_jpg.jpg,93b71e05-97a5-4397-b533-64d9260d31a7,train,unknown,d3-5,4,2,valid
01-08-2022__11-17-12AM_jpg.jpg,01-08-2022__11-17-12AM,train,indoor,d3-5,4,1,test
img97032485840_jpg.jpg,img97032485840,train,unknown,d0-2,1,1,test
01-08-2022__10-19-29AM_jpg.jpg,01-08-2022__10-19-29AM,train,indoor,d3-5,4,1,test
image_381_jpg.jpg,image,train,indoor,d3-5,6,1,test
Day_2102191625_N_Right_Back_Cut1_00454_jpg.jpg,Day_2102191625_N_Right_Back_Cut1,train,outdoor,d0-2,2,1,test
Road-002_00278_jpg.jpg,Road-002,train,outdoor,d3-5,1,1,test
01882_jpg.jpg,01882,train,unknown,d0-2,1,1,train
Day_06101541_Right_Back_2_Cut1_00180_jpg__2.jpg,Day_06101541_Right_Back_2_Cut1,train,outdoor,d6-10,3,1,valid
01882_jpg__2.jpg,01882,train,unknown,d0-2,1,2,train
image06400_jpg.jpg,image06400,train,indoor,d10+,25,3,train
Day_2102191709_N_Right_Back_Cut1_00309_jpg.jpg,Day_2102191709_N_Right_Back_Cut1,train,outdoor,d6-10,9,3,train
Day_2102191709_N_Right_Back_Cut1_00309_jpg__2.jpg,Day_2102191709_N_Right_Back_Cut1,train,outdoor,d6-10,9,1,test
Day_02191732_Right_Back_Cut1_00151_jpg.jpg,Day_02191732_Right_Back_Cut1,train,outdoor,d6-10,7,3,train
image_300_jpg.jpg,image,train,indoor,d3-5,3,1,train
Day_02191732_Right_Back_Cut1_00091_jpg.jpg,Day_02191732_Right_Back_Cut1,train,outdoor,d6-10,5,1,train
Day_07141436_Right_Back_Cut1_01198_jpg.jpg,Day_07141436_Right_Back_Cut1,train,outdoor,d6-10,9,3,test
Day_07141436_Right_Back_Cut1_01198_jpg__2.jpg,Day_07141436_Right_Back_Cut1,train,outdoor,d6-10,9,2,test
image_214_jpg.jpg,image,train,indoor,d3-5,4,3,train
opencv_frame_12410_png_jpg__3.jpg,opencv_frame,train,indoor,d0-2,1,2,train
00964_jpg.jpg,00964,train,unknown,d0-2,1,3,train
image_214_jpg__2.jpg,image,train,indoor,d3-5,4,3,valid
SeieeDept-015_00586_jpg.jpg,SeieeDept-015,train,outdoor,d0-2,1,1,train
SeieeDept-015_00586_jpg__2.jpg,SeieeDept-015,train,outdoor,d0-2,1,1,test
output_mp4-53_jpg.jpg,output_mp4-53,test,indoor,d0-2,2,4,train
output_mp4-53_jpg__2.jpg,output_mp4-53,test,indoor,d0-2,2,2,test
output_mp4-53_jpg__3.jpg,output_mp4-53,test,indoor,d0-2,2,4,valid
output_mp4-53_jpg__4.jpg,output_mp4-53,test,indoor,d0-2,2,1,valid
output1_mp4-153_jpg.jpg,output1_mp4,train,unknown,d0-2,2,8,valid
CAM27-23-08-2022__03-32-08PMgt_jpg.jpg,CAM27-23-08-2022__03-32-08PMgt,train,unknown,d0-2,2,1,train
CAM27-23-08-2022__03-32-08PMgt_jpg__2.jpg,CAM27-23-08-2022__03-32-08PMgt,train,unknown,d0-2,2,3,train
00964_jpg__2.jpg,00964,train,unknown,d0-2,1,1,train
SeieeDept-023_00420_jpg.jpg,SeieeDept-023,val,outdoor,d3-5,4,1,train
SeieeDept-023_00420_jpg__2.jpg,SeieeDept-023,val,outdoor,d3-5,4,1,train
img965796320393_jpg.jpg,img965796320393,train,unknown,d6-10,9,2,train
img965796320393_jpg__2.jpg,img965796320393,train,unknown,d6-10,9,1,test
CAM16-26-08-2022__05-13-12PMgt_jpg.jpg,CAM16-26-08-2022__05-13-12PMgt,train,unknown,d0-2,1,2,train
CAM16-26-08-2022__05-13-12PMgt_jpg__2.jpg,CAM16-26-08-2022__05-13-12PMgt,train,unknown,d0-2,1,1,train
Day_2102191726_P_Right_Back_Cut1_00606_jpg.jpg,Day_2102191726_P_Right_Back_Cut1,train,outdoor,d3-5,4,2,train
Day_2102191726_P_Right_Back_Cut1_00606_jpg__2.jpg,Day_2102191726_P_Right_Back_Cut1,train,outdoor,d3-5,4,2,train
SeieeDept-016_00647_jpg.jpg,SeieeDept-016,train,outdoor,d0-2,1,7,train
img965796224184_jpg.jpg,img965796224184,test,unknown,d3-5,5,2,train
040840_54_661418_jpg.jpg,040840_54,train,semi,d0-2,1,2,train
img965796224184_jpg__2.jpg,img965796224184,test,unknown,d3-5,5,1,train
image_45_jpg.jpg,image_45,val,indoor,d3-5,4,2,train
image_45_jpg__2.jpg,image_45,val,indoor,d3-5,4,2,train
output_mp4-22_jpg.jpg,output_mp4-22,train,indoor,d3-5,3,4,train
output_mp4-22_jpg__2.jpg,output_mp4-22,train,indoor,d3-5,3,2,train
Day_2102191726_P_Right_Back_Cut1_00276_jpg.jpg,Day_2102191726_P_Right_Back_Cut1,train,outdoor,d3-5,8,2,train
image_348_jpg.jpg,image,train,indoor,d3-5,3,2,train
Day_2102191709_N_Right_Back_Cut1_00169_jpg.jpg,Day_2102191709_N_Right_Back_Cut1,train,outdoor,d6-10,6,1,train
01251_jpg.jpg,01251,train,unknown,d0-2,1,2,valid
01251_jpg__2.jpg,01251,train,unknown,d0-2,1,2,train
040840_54_661418_jpg__2.jpg,040840_54,train,semi,d0-2,1,1,test
Day_2102191709_N_Right_Back_2_Cut1_00251_jpg.jpg,Day_2102191709_N_Right_Back_2_Cut1,test,outdoor,d6-10,7,2,train
Day_2102191709_N_Right_Back_2_Cut1_00251_jpg__2.jpg,Day_2102191709_N_Right_Back_2_Cut1,test,outdoor,d6-10,7,2,train
Day_07141436_Right_Back_Cut1_01308_jpg.jpg,Day_07141436_Right_Back_Cut1,train,outdoor,d6-10,8,2,train
image_797_jpg.jpg,image,train,indoor,d3-5,3,3,train
image_797_jpg__2.jpg,image,train,indoor,d3-5,3,1,train
image_30_jpg.jpg,image_30,train,indoor,d3-5,3,1,train
image_30_jpg__2.jpg,image_30,train,indoor,d3-5,3,2,train
01-08-2022__09-09-41AM_jpg.jpg,01-08-2022__09-09-41AM,test,indoor,d0-2,1,1,train
image_644_jpg.jpg,image,train,indoor,d3-5,3,2,train
image_644_jpg__2.jpg,image,train,indoor,d3-5,3,1,valid
2_png_jpg__2.jpg,2,train,unknown,d0-2,1,4,train
Day_06101541_Right_Back_2_Cut1_00160_jpg.jpg,Day_06101541_Right_Back_2_Cut1,train,outdoor,d6-10,1,1,train
img97032483616_jpg.jpg,img97032483616,train,unknown,d0-2,2,4,train
img97032483616_jpg__2.jpg,img97032483616,train,unknown,d0-2,1,2,train
img973602146637_jpg.jpg,img973602146637,test,unknown,d0-2,1,5,train
img973602146637_jpg__2.jpg,img973602146637,test,unknown,d0-2,1,2,valid
Day_2102191726_P_Right_Back_Cut1_00066_jpg.jpg,Day_2102191726_P_Right_Back_Cut1,train,outdoor,d3-5,3,2,train
Day_2102191726_P_Right_Back_Cut1_00066_jpg__2.jpg,Day_2102191726_P_Right_Back_Cut1,train,outdoor,d3-5,3,1,train
01-08-2022__03-52-59PM_jpg.jpg,01-08-2022__03-52-59PM,val,indoor,d3-5,4,2,train
01-08-2022__03-52-59PM_jpg__2.jpg,01-08-2022__03-52-59PM,val,indoor,d3-5,4,3,test
image_92_jpg.jpg,image_92,train,indoor,d3-5,3,3,train
2_png_jpg__3.jpg,2,train,unknown,d0-2,2,4,train
image_92_jpg__2.jpg,image_92,train,indoor,d3-5,3,1,train
image_652_jpg.jpg,image,train,indoor,d3-5,3,2,test
01-08-2022__04-03-10PM_jpg.jpg,01-08-2022__04-03-10PM,train,indoor,d3-5,4,2,train
image_317_jpg.jpg,image,train,indoor,d3-5,2,3,valid
BridgeEntrance-006_00460_jpg.jpg,BridgeEntrance-006,test,outdoor,d3-5,4,2,train
BridgeEntrance-006_00460_jpg__2.jpg,BridgeEntrance-006,test,outdoor,d3-5,4,1,train
01-08-2022__10-42-57AM_jpg.jpg,01-08-2022__10-42-57AM,val,indoor,d3-5,5,3,train
01-08-2022__10-42-57AM_jpg__2.jpg,01-08-2022__10-42-57AM,val,indoor,d3-5,5,2,train
Road-002_00339_jpg.jpg,Road-002,train,outdoor,d3-5,1,1,train
opencv_frame_12400_png_jpg.jpg,opencv_frame,train,indoor,d0-2,1,3,train
2_png_jpg__4.jpg,2,train,unknown,d0-2,5,3,train
opencv_frame_12400_png_jpg__2.jpg,opencv_frame,train,indoor,d0-2,1,1,train
opencv_frame_12400_png_jpg__3.jpg,opencv_frame,train,indoor,d0-2,1,1,train
opencv_frame_12400_png_jpg__4.jpg,opencv_frame,train,indoor,d0-2,1,2,valid
SeieeDept-051_00530_jpg.jpg,SeieeDept-051,train,outdoor,d0-2,3,2,train
SeieeDept-051_00530_jpg__2.jpg,SeieeDept-051,train,outdoor,d0-2,3,1,test
image_692_jpg.jpg,image,train,indoor,d3-5,9,2,valid
image_692_jpg__2.jpg,image,train,indoor,d3-5,9,3,train
Day_06101541_Right_Back_2_Cut1_00400_jpg.jpg,Day_06101541_Right_Back_2_Cut1,train,outdoor,d6-10,5,3,valid
Day_06101541_Right_Back_2_Cut1_00400_jpg__2.jpg,Day_06101541_Right_Back_2_Cut1,train,outdoor,d6-10,5,1,train
Day_02191732_Right_Back_Cut1_00471_jpg.jpg,Day_02191732_Right_Back_Cut1,train,outdoor,d6-10,6,2,train
2_png_jpg__5.jpg,2,train,unknown,d0-2,1,2,valid
CrossRoad-001_00021_jpg.jpg,CrossRoad-001,val,outdoor,d0-2,1,1,train
CrossRoad-001_00021_jpg__2.jpg,CrossRoad-001,val,outdoor,d0-2,1,4,train
output_mp4-24_jpg.jpg,output_mp4-24,val,indoor,d3-5,3,9,train
output_mp4-24_jpg__2.jpg,output_mp4-24,val,indoor,d3-5,3,1,train
image_850_jpg.jpg,image,train,indoor,d3-5,6,1,train
CrossRoad-001_00083_jpg.jpg,CrossRoad-001,val,outdoor,d0-2,1,2,train
CrossRoad-001_00083_jpg__2.jpg,CrossRoad-001,val,outdoor,d0-2,1,1,train
00566_jpg.jpg,00566,train,unknown,d0-2,1,2,train
00566_jpg__2.jpg,00566,train,unknown,d0-2,1,3,train
CrossRoad-001_00037_jpg.jpg,CrossRoad-001,val,outdoor,d0-2,3,5,test
2_png_jpg__6.jpg,2,train,unknown,d0-2,2,3,valid
CrossRoad-001_00037_jpg__2.jpg,CrossRoad-001,val,outdoor,d0-2,3,2,train
img965796296456_jpg.jpg,img965796296456,train,unknown,d3-5,3,2,train
img965796296456_jpg__2.jpg,img965796296456,train,unknown,d3-5,3,2,train
image_253_jpg.jpg,image,train,indoor,d3-5,3,4,train
image_253_jpg__2.jpg,image,train,indoor,d3-5,3,2,test
01-08-2022__12-25-44PM_jpg.jpg,01-08-2022__12-25-44PM,train,indoor,d0-2,2,2,train
Day_06101541_Right_Back_2_Cut1_00240_jpg.jpg,Day_06101541_Right_Back_2_Cut1,train,outdoor,d6-10,2,1,train
Day_06101541_Right_Back_2_Cut1_00240_jpg__2.jpg,Day_06101541_Right_Back_2_Cut1,train,outdoor,d6-10,2,1,valid
img965796372718_jpg.jpg,img965796372718,test,unknown,d0-2,2,4,valid
Day_06101541_Right_Back_2_Cut1_00390_jpg.jpg,Day_06101541_Right_Back_2_Cut1,train,outdoor,d6-10,6,2,train
2_png_jpg__7.jpg,2,train,unknown,d0-2,5,1,train
Day_06101541_Right_Back_2_Cut1_00390_jpg__2.jpg,Day_06101541_Right_Back_2_Cut1,train,outdoor,d6-10,6,1,train
image_349_jpg.jpg,image,train,indoor,d3-5,3,2,train
image_349_jpg__2.jpg,image,train,indoor,d3-5,3,1,train
Day_2102191709_N_Right_Back_2_Cut2_00330_jpg.jpg,Day_2102191709_N_Right_Back_2_Cut2,train,outdoor,d6-10,7,2,train
Day_2102191709_N_Right_Back_2_Cut2_00330_jpg__2.jpg,Day_2102191709_N_Right_Back_2_Cut2,train,outdoor,d6-10,7,2,train
01-08-2022__04-25-57PM_jpg.jpg,01-08-2022__04-25-57PM,test,indoor,d0-2,1,5,valid
img965796314362_jpg.jpg,img965796314362,train,unknown,d6-10,7,2,train
img965796314362_jpg__2.jpg,img965796314362,train,unknown,d6-10,7,5,train
Day_2102191726_P_Right_Back_Cut1_00356_jpg.jpg,Day_2102191726_P_Right_Back_Cut1,train,outdoor,d3-5,5,1,train
Day_2102191726_P_Right_Back_Cut1_00356_jpg__2.jpg,Day_2102191726_P_Right_Back_Cut1,train,outdoor,d3-5,5,3,train
opencv_frame_12410_png_jpg__4.jpg,opencv_frame,train,indoor,d0-2,1,1,valid
2_png_jpg__8.jpg,2,train,unknown,d0-2,1,2,valid
img96579648958_jpg.jpg,img96579648958,test,unknown,d3-5,3,2,train
img96579648958_jpg__2.jpg,img96579648958,test,unknown,d3-5,3,1,train
img96579648958_jpg__3.jpg,img96579648958,test,unknown,d3-5,3,1,test
image_810_jpg.jpg,image,train,indoor,d3-5,2,2,test
image_810_jpg__2.jpg,image,train,indoor,d3-5,2,2,train
01-08-2022__12-42-05PM_jpg.jpg,01-08-2022__12-42-05PM,train,indoor,d0-2,1,2,train
01-08-2022__08-48-07AM_jpg.jpg,01-08-2022__08-48-07AM,train,indoor,d0-2,2,8,train
01-08-2022__02-01-45PM_jpg.jpg,01-08-2022__02-01-45PM,train,indoor,d6-10,6,2,train
Day_02191732_Right_Back_Cut1_00601_jpg.jpg,Day_02191732_Right_Back_Cut1,train,outdoor,d6-10,7,3,train
Day_02191732_Right_Back_Cut1_00601_jpg__2.jpg,Day_02191732_Right_Back_Cut1,train,outdoor,d6-10,7,2,train
2_png_jpg__9.jpg,2,train,unknown,d0-2,1,3,valid
Day_2102191726_P_Right_Back_Cut1_00086_jpg.jpg,Day_2102191726_P_Right_Back_Cut1,train,outdoor,d3-5,2,2,train
Day_2102191726_P_Right_Back_Cut1_00086_jpg__2.jpg,Day_2102191726_P_Right_Back_Cut1,train,outdoor,d3-5,2,1,test
01-08-2022__03-44-57PM_jpg.jpg,01-08-2022__03-44-57PM,val,indoor,d3-5,4,3,train
01-08-2022__03-44-57PM_jpg__2.jpg,01-08-2022__03-44-57PM,val,indoor,d3-5,4,2,train
image_387_jpg.jpg,image,train,indoor,d3-5,3,1,train
image_387_jpg__2.jpg,image,train,indoor,d3-5,3,1,train
01-08-2022__01-53-02PM_jpg.jpg,01-08-2022__01-53-02PM,train,indoor,d0-2,2,3,train
01-08-2022__04-01-39PM_jpg.jpg,01-08-2022__04-01-39PM,train,indoor,d0-2,2,3,train
01-08-2022__04-01-39PM_jpg__2.jpg,01-08-2022__04-01-39PM,train,indoor,d0-2,2,2,train
Day_202102191756_P_Right_Back_Cut1_00515_jpg.jpg,Day_202102191756_P_Right_Back_Cut1,val,outdoor,d6-10,8,3,test
Day_2102191625_N_Right_Back_Cut1_00544_jpg.jpg,Day_2102191625_N_Right_Back_Cut1,train,outdoor,d0-2,2,2,train
Day_202102191756_P_Right_Back_Cut1_00515_jpg__2.jpg,Day_202102191756_P_Right_Back_Cut1,val,outdoor,d6-10,8,2,train
CAM20-23-08-2022__03-30-35PMgt_jpg.jpg,CAM20-23-08-2022__03-30-35PMgt,train,unknown,d0-2,2,1,train
CAM20-23-08-2022__03-30-35PMgt_jpg__2.jpg,CAM20-23-08-2022__03-30-35PMgt,train,unknown,d0-2,2,2,test
opencv_frame_10810_png_jpg.jpg,opencv_frame,train,indoor,d0-2,2,7,train
opencv_frame_10810_png_jpg__2.jpg,opencv_frame,train,indoor,d0-2,2,2,test
Day_02191732_Right_Back_Cut1_00161_jpg.jpg,Day_02191732_Right_Back_Cut1,train,outdoor,d6-10,7,3,train
BridgeEntrance-008_00534_jpg.jpg,BridgeEntrance-008,train,outdoor,d3-5,3,3,train
BridgeEntrance-008_00534_jpg__2.jpg,BridgeEntrance-008,train,outdoor,d3-5,3,1,train
01-08-2022__01-55-26PM_jpg.jpg,01-08-2022__01-55-26PM,val,indoor,d0-2,2,1,train
01-08-2022__01-55-26PM_jpg__2.jpg,01-08-2022__01-55-26PM,val,indoor,d0-2,2,1,valid
Day_2102191625_N_Right_Back_Cut1_00544_jpg__2.jpg,Day_2102191625_N_Right_Back_Cut1,train,outdoor,d0-2,2,2,train
01-08-2022__03-50-33PM_jpg.jpg,01-08-2022__03-50-33PM,val,indoor,d3-5,4,5,train
01-08-2022__03-50-33PM_jpg__2.jpg,01-08-2022__03-50-33PM,val,indoor,d3-5,4,3,train
image_213_jpg.jpg,image,train,indoor,d3-5,4,2,train
image_213_jpg__2.jpg,image,train,indoor,d3-5,4,2,train
00549_jpg.jpg,00549,train,unknown,d0-2,1,4,train
00549_jpg__2.jpg,00549,train,unknown,d0-2,1,2,train
01-08-2022__09-23-35AM_jpg.jpg,01-08-2022__09-23-35AM,test,indoor,d3-5,4,2,train
01-08-2022__09-23-35AM_jpg__2.jpg,01-08-2022__09-23-35AM,test,indoor,d3-5,4,1,valid
01-08-2022__02-08-12PM_jpg.jpg,01-08-2022__02-08-12PM,train,indoor,d3-5,3,2,train
img97032493669_jpg.jpg,img97032493669,train,unknown,d0-2,2,4,valid
opencv_frame_18780_png_jpg.jpg,opencv_frame,train,indoor,d0-2,3,4,train
01-08-2022__12-12-53PM_jpg.jpg,01-08-2022__12-12-53PM,train,indoor,d3-5,4,3,train
040841_02_090947_jpg.jpg,040841_02,train,semi,d0-2,1,3,valid
040841_02_090947_jpg__2.jpg,040841_02,train,semi,d0-2,1,1,train
opencv_frame_10795_png_jpg.jpg,opencv_frame,train,indoor,d0-2,2,4,train
opencv_frame_10795_png_jpg__2.jpg,opencv_frame,train,indoor,d0-2,2,2,train
opencv_frame_10795_png_jpg__3.jpg,opencv_frame,train,indoor,d0-2,2,1,train
opencv_frame_10795_png_jpg__4.jpg,opencv_frame,train,indoor,d0-2,2,3,train
opencv_frame_10795_png_jpg__5.jpg,opencv_frame,train,indoor,d0-2,2,2,test
image_455_jpg.jpg,image,train,indoor,d3-5,3,2,train
image_455_jpg__2.jpg,image,train,indoor,d3-5,3,3,valid
opencv_frame_18780_png_jpg__2.jpg,opencv_frame,train,indoor,d0-2,3,2,train
CAM46-23-08-2022__05-28-37PMgt_jpg.jpg,CAM46-23-08-2022__05-28-37PMgt,train,unknown,d6-10,9,2,test
image_920_jpg.jpg,image,train,indoor,d3-5,2,1,train
image_920_jpg__2.jpg,image,train,indoor,d3-5,2,2,train
Day_07141436_Right_Back_Cut1_00728_jpg.jpg,Day_07141436_Right_Back_Cut1,train,outdoor,d6-10,5,2,train
Day_07141436_Right_Back_Cut1_00728_jpg__2.jpg,Day_07141436_Right_Back_Cut1,train,outdoor,d6-10,10,1,test
01-08-2022__11-45-18AM_jpg.jpg,01-08-2022__11-45-18AM,test,indoor,d3-5,5,3,train
CAM19-15-09-2022__09-51-42AMgt_jpg.jpg,CAM19-15-09-2022__09-51-42AMgt,train,unknown,d0-2,2,2,valid
01-08-2022__02-45-49PM_jpg.jpg,01-08-2022__02-45-49PM,train,indoor,d0-2,1,6,train
01-08-2022__12-02-12PM_jpg.jpg,01-08-2022__12-02-12PM,test,indoor,d0-2,2,2,train
01-08-2022__12-02-12PM_jpg__2.jpg,01-08-2022__12-02-12PM,test,indoor,d0-2,2,2,valid
opencv_frame_18780_png_jpg__3.jpg,opencv_frame,train,indoor,d0-2,3,3,train
SeieeDept-012_00788_jpg.jpg,SeieeDept-012,train,outdoor,d0-2,2,1,train
SeieeDept-012_00788_jpg__2.jpg,SeieeDept-012,train,outdoor,d0-2,2,1,train
01-08-2022__04-09-16PM_jpg.jpg,01-08-2022__04-09-16PM,test,indoor,d0-2,1,1,train
01-08-2022__04-09-16PM_jpg__2.jpg,01-08-2022__04-09-16PM,test,indoor,d0-2,1,1,valid
img973602178343_jpg.jpg,img973602178343,train,unknown,d0-2,2,2,train
img973602178343_jpg__2.jpg,img973602178343,train,unknown,d0-2,2,1,train
img970324119679_jpg.jpg,img970324119679,val,unknown,d3-5,3,1,train
SeieeDept-019_00867_jpg.jpg,SeieeDept-019,train,outdoor,d0-2,2,1,train
SeieeDept-019_00867_jpg__2.jpg,SeieeDept-019,train,outdoor,d0-2,2,1,train
fhrailway210421_jpg.jpg,fhrailway210421,train,unknown,d3-5,3,3,train
_Km_Railway_Tra14927_jpg.jpg,_Km_Railway_Tra14927,train,unknown,d0-2,1,2,train
01-08-2022__02-32-04PM_jpg.jpg,01-08-2022__02-32-04PM,train,indoor,d0-2,1,8,train
040843_15_089797_jpg.jpg,040843_15,train,semi,d0-2,1,3,train
040843_15_089797_jpg__2.jpg,040843_15,train,semi,d0-2,1,2,train
BridgeEntrance-001_00071_jpg.jpg,BridgeEntrance-001,train,outdoor,d0-2,1,3,train
BridgeEntrance-001_00071_jpg__2.jpg,BridgeEntrance-001,train,outdoor,d0-2,1,2,valid
BridgeEntrance-007_00633_jpg.jpg,BridgeEntrance-007,test,outdoor,d3-5,5,4,train
01-08-2022__02-39-02PM_jpg.jpg,01-08-2022__02-39-02PM,train,indoor,d0-2,2,4,train
01-08-2022__02-39-02PM_jpg__2.jpg,01-08-2022__02-39-02PM,train,indoor,d0-2,2,1,train
01-08-2022__09-39-01AM_jpg.jpg,01-08-2022__09-39-01AM,test,indoor,d3-5,4,1,train
01-08-2022__09-39-01AM_jpg__2.jpg,01-08-2022__09-39-01AM,test,indoor,d3-5,4,1,valid
Day_06101541_Right_Back_2_Cut1_00680_jpg.jpg,Day_06101541_Right_Back_2_Cut1,train,outdoor,d6-10,10,2,train
image_186_jpg.jpg,image,train,indoor,d3-5,2,4,valid
image_186_jpg__2.jpg,image,train,indoor,d3-5,2,1,test
01-08-2022__03-17-52PM_jpg.jpg,01-08-2022__03-17-52PM,train,indoor,d0-2,2,3,train
01-08-2022__03-17-52PM_jpg__2.jpg,01-08-2022__03-17-52PM,train,indoor,d0-2,2,1,valid
01-08-2022__09-56-06AM_jpg.jpg,01-08-2022__09-56-06AM,train,indoor,d3-5,3,3,train
Road-001_00602_jpg.jpg,Road-001,train,outdoor,d3-5,3,1,train
img97032451718_jpg.jpg,img97032451718,train,unknown,d3-5,5,3,valid
img97032451718_jpg__2.jpg,img97032451718,train,unknown,d3-5,5,1,train
img97032482503_jpg.jpg,img97032482503,train,unknown,d0-2,2,1,train
image_581_jpg.jpg,image,train,indoor,d3-5,4,4,train
Day_06101541_Right_Back_2_Cut1_00680_jpg__2.jpg,Day_06101541_Right_Back_2_Cut1,train,outdoor,d6-10,10,1,train
image_581_jpg__2.jpg,image,train,indoor,d3-5,4,2,train
CAM8-23-08-2022__03-30-35PMgt_jpg.jpg,CAM8-23-08-2022__03-30-35PMgt,train,unknown,d3-5,3,3,test
Day_02191732_Right_Back_Cut1_00191_jpg.jpg,Day_02191732_Right_Back_Cut1,train,outdoor,d6-10,8,4,train
01-08-2022__03-56-45PM_jpg.jpg,01-08-2022__03-56-45PM,test,indoor,d0-2,1,5,train
CAM18-21-08-2022__06-27-51PMgt_jpg.jpg,CAM18-21-08-2022__06-27-51PMgt,train,unknown,d0-2,1,2,train
CAM18-21-08-2022__06-27-51PMgt_jpg__2.jpg,CAM18-21-08-2022__06-27-51PMgt,train,unknown,d0-2,1,1,train
img970324117397_jpg.jpg,img970324117397,train,unknown,d0-2,2,1,train
img970324117397_jpg__2.jpg,img970324117397,train,unknown,d0-2,2,1,valid
image_499_jpg.jpg,image,train,indoor,d3-5,1,2,train
CAM28-24-08-2022__09-16-12PMgt_jpg.jpg,CAM28-24-08-2022__09-16-12PMgt,train,unknown,d0-2,1,1,train
Day_2102191709_N_Right_Back_2_Cut2_00480_jpg.jpg,Day_2102191709_N_Right_Back_2_Cut2,train,outdoor,d6-10,5,1,train
Day_02191732_Right_Back_Cut1_00351_jpg.jpg,Day_02191732_Right_Back_Cut1,train,outdoor,d6-10,8,3,valid
CAM28-24-08-2022__09-16-12PMgt_jpg__2.jpg,CAM28-24-08-2022__09-16-12PMgt,train,unknown,d0-2,1,1,test
SeieeDept-015_00299_jpg.jpg,SeieeDept-015,train,outdoor,d0-2,2,2,train
Day_2102191709_N_Right_Back_Cut1_00109_jpg.jpg,Day_2102191709_N_Right_Back_Cut1,train,outdoor,d6-10,8,5,valid
Day_2102191709_N_Right_Back_Cut1_00109_jpg__2.jpg,Day_2102191709_N_Right_Back_Cut1,train,outdoor,d6-10,7,2,train
01276_jpg.jpg,01276,train,unknown,d0-2,1,4,train
01276_jpg__2.jpg,01276,train,unknown,d0-2,1,2,train
Day_2102191709_N_Right_Back_2_Cut1_00611_jpg.jpg,Day_2102191709_N_Right_Back_2_Cut1,test,outdoor,d6-10,3,5,train
01-08-2022__08-49-38AM_jpg.jpg,01-08-2022__08-49-38AM,train,indoor,d3-5,4,5,train
SeieeDept-017_00394_jpg.jpg,SeieeDept-017,train,outdoor,d0-2,2,1,train
SeieeDept-017_00394_jpg__2.jpg,SeieeDept-017,train,outdoor,d0-2,2,1,train
image_239_jpg.jpg,image,train,indoor,d3-5,4,1,train
01-08-2022__12-22-00PM_jpg.jpg,01-08-2022__12-22-00PM,train,indoor,d0-2,2,3,train
01-08-2022__12-22-00PM_jpg__2.jpg,01-08-2022__12-22-00PM,train,indoor,d0-2,2,2,train
Day_2102191726_P_Right_Back_Cut1_00526_jpg.jpg,Day_2102191726_P_Right_Back_Cut1,train,outdoor,d3-5,1,4,train
Day_2102191726_P_Right_Back_Cut1_00526_jpg__2.jpg,Day_2102191726_P_Right_Back_Cut1,train,outdoor,d3-5,1,2,train
image_239_jpg__2.jpg,image,train,indoor,d3-5,4,3,train
image_313_jpg.jpg,image,train,indoor,d3-5,2,2,train
image_313_jpg__2.jpg,image,train,indoor,d3-5,2,1,train
01-08-2022__08-29-36AM_jpg.jpg,01-08-2022__08-29-36AM,train,indoor,d0-2,1,1,train
01-08-2022__09-20-30AM_jpg.jpg,01-08-2022__09-20-30AM,val,indoor,d3-5,4,4,train
01-08-2022__09-20-30AM_jpg__2.jpg,01-08-2022__09-20-30AM,val,indoor,d3-5,4,2,train
opencv_frame_19355_png_jpg.jpg,opencv_frame,train,indoor,d0-2,2,1,train
opencv_frame_19355_png_jpg__2.jpg,opencv_frame,train,indoor,d0-2,2,1,train
opencv_frame_19355_png_jpg__3.jpg,opencv_frame,train,indoor,d0-2,2,1,train
opencv_frame_19355_png_jpg__4.jpg,opencv_frame,train,indoor,d0-2,2,1,test
img97032486957_jpg.jpg,img97032486957,train,unknown,d0-2,1,3,train
opencv_frame_15455_png_jpg.jpg,opencv_frame,train,indoor,d0-2,1,3,train
img97032486957_jpg__2.jpg,img97032486957,train,unknown,d0-2,1,3,train
Day_2102191625_N_Right_Back_Cut1_00104_jpg.jpg,Day_2102191625_N_Right_Back_Cut1,train,outdoor,d0-2,3,1,train
Day_2102191625_N_Right_Back_Cut1_00104_jpg__2.jpg,Day_2102191625_N_Right_Back_Cut1,train,outdoor,d0-2,3,3,train
01-08-2022__04-23-13PM_jpg.jpg,01-08-2022__04-23-13PM,train,indoor,d0-2,1,4,valid
SeieeDept-022_00310_jpg.jpg,SeieeDept-022,train,outdoor,d0-2,1,1,train
SeieeDept-022_00310_jpg__2.jpg,SeieeDept-022,train,outdoor,d0-2,1,2,valid
Day_202102191756_P_Right_Back_Cut1_00065_jpg.jpg,Day_202102191756_P_Right_Back_Cut1,val,outdoor,d6-10,6,3,valid
Day_202102191756_P_Right_Back_Cut1_00065_jpg__2.jpg,Day_202102191756_P_Right_Back_Cut1,val,outdoor,d6-10,6,4,train
Day_202102191756_P_Right_Back_Cut1_00655_jpg.jpg,Day_202102191756_P_Right_Back_Cut1,val,outdoor,d6-10,9,2,train
01-08-2022__03-30-13PM_jpg.jpg,01-08-2022__03-30-13PM,val,indoor,d3-5,3,5,train
opencv_frame_15455_png_jpg__2.jpg,opencv_frame,train,indoor,d0-2,1,6,train
01-08-2022__02-02-27PM_jpg.jpg,01-08-2022__02-02-27PM,test,indoor,d0-2,1,5,train
image_865_jpg.jpg,image,train,indoor,d3-5,3,1,train
image_865_jpg__2.jpg,image,train,indoor,d3-5,3,2,train
Day_07141436_Right_Back_Cut1_00678_jpg.jpg,Day_07141436_Right_Back_Cut1,train,outdoor,d6-10,6,6,train
image_172_jpg.jpg,image,train,indoor,d3-5,5,2,train
Day_2102191709_N_Right_Back_2_Cut1_00731_jpg.jpg,Day_2102191709_N_Right_Back_2_Cut1,test,outdoor,d6-10,6,2,train
Day_2102191709_N_Right_Back_2_Cut1_00731_jpg__2.jpg,Day_2102191709_N_Right_Back_2_Cut1,test,outdoor,d6-10,6,2,train
Day_2102191709_N_Right_Back_2_Cut2_00080_jpg.jpg,Day_2102191709_N_Right_Back_2_Cut2,train,outdoor,d6-10,6,3,train
Day_2102191709_N_Right_Back_2_Cut2_00080_jpg__2.jpg,Day_2102191709_N_Right_Back_2_Cut2,train,outdoor,d6-10,6,2,train
Day_02191732_Right_Back_Cut1_00121_jpg.jpg,Day_02191732_Right_Back_Cut1,train,outdoor,d6-10,6,3,train
opencv_frame_15455_png_jpg__3.jpg,opencv_frame,train,indoor,d0-2,1,1,train
Day_02191732_Right_Back_Cut1_00121_jpg__2.jpg,Day_02191732_Right_Back_Cut1,train,outdoor,d6-10,6,1,train
01-08-2022__09-15-52AM_jpg.jpg,01-08-2022__09-15-52AM,train,indoor,d0-2,1,2,train
Day_2102191709_N_Right_Back_2_Cut1_00661_jpg.jpg,Day_2102191709_N_Right_Back_2_Cut1,test,outdoor,d6-10,5,2,train
01-08-2022__12-33-59PM_jpg.jpg,01-08-2022__12-33-59PM,test,indoor,d0-2,2,4,train
040840_47_411927_jpg.jpg,040840_47,train,semi,d0-2,1,4,train
040840_47_411927_jpg__2.jpg,040840_47,train,semi,d0-2,1,1,train
Day_2102191709_N_Right_Back_2_Cut2_00360_jpg.jpg,Day_2102191709_N_Right_Back_2_Cut2,train,outdoor,d6-10,8,2,train
opencv_frame_15455_png_jpg__4.jpg,opencv_frame,train,indoor,d0-2,1,1,train
SeieeDept-036_00375_jpg.jpg,SeieeDept-036,train,outdoor,d0-2,1,2,train
SeieeDept-036_00375_jpg__2.jpg,SeieeDept-036,train,outdoor,d0-2,1,3,train
4320_jpg.jpg,4320,train,unknown,d10+,12,4,valid
4320_jpg__2.jpg,4320,train,unknown,d10+,12,1,test
Day_202102191756_P_Right_Back_Cut1_00345_jpg.jpg,Day_202102191756_P_Right_Back_Cut1,val,outdoor,d6-10,9,1,train
Day_202102191756_P_Right_Back_Cut1_00345_jpg__2.jpg,Day_202102191756_P_Right_Back_Cut1,val,outdoor,d6-10,9,1,train
Day_07141436_Right_Back_Cut1_00608_jpg.jpg,Day_07141436_Right_Back_Cut1,train,outdoor,d6-10,6,7,valid
img96579651253_jpg.jpg,img96579651253,train,unknown,d3-5,5,2,test
img96579651253_jpg__2.jpg,img96579651253,train,unknown,d3-5,5,1,train
image_885_jpg.jpg,image,train,indoor,d3-5,4,3,train
00594_jpg.jpg,00594,train,unknown,d0-2,1,2,train
SeieeDept-021_00549_jpg.jpg,SeieeDept-021,train,outdoor,d0-2,2,5,train
SeieeDept-028_00051_jpg.jpg,SeieeDept-028,train,outdoor,d0-2,1,2,train
SeieeDept-028_00051_jpg__2.jpg,SeieeDept-028,train,outdoor,d0-2,1,2,valid
CrossRoad-001_00125_jpg.jpg,CrossRoad-001,val,outdoor,d0-2,6,3,train
image_310_jpg.jpg,image,train,indoor,d3-5,6,2,train
image_310_jpg__2.jpg,image,train,indoor,d3-5,6,3,train
image_419_jpg.jpg,image,train,indoor,d3-5,7,1,train
01-08-2022__01-12-08PM_jpg.jpg,01-08-2022__01-12-08PM,test,indoor,d0-2,1,1,train
01-08-2022__01-12-08PM_jpg__2.jpg,01-08-2022__01-12-08PM,test,indoor,d0-2,1,2,train
images-1-_jpg.jpg,images-1-,train,unknown,d3-5,3,2,valid
00594_jpg__2.jpg,00594,train,unknown,d0-2,1,1,train
Day_02191732_Right_Back_Cut1_00281_jpg.jpg,Day_02191732_Right_Back_Cut1,train,outdoor,d6-10,7,2,train
Day_02191732_Right_Back_Cut1_00281_jpg__2.jpg,Day_02191732_Right_Back_Cut1,train,outdoor,d6-10,7,1,train
image_266_jpg.jpg,image,train,indoor,d3-5,4,4,train
Day_07141436_Right_Back_Cut1_00348_jpg.jpg,Day_07141436_Right_Back_Cut1,train,outdoor,d6-10,2,3,train
Day_07141436_Right_Back_Cut1_00348_jpg__2.jpg,Day_07141436_Right_Back_Cut1,train,outdoor,d6-10,2,3,test
opencv_frame_13765_png_jpg.jpg,opencv_frame,train,indoor,d0-2,1,10,train
opencv_frame_13765_png_jpg__2.jpg,opencv_frame,train,indoor,d0-2,1,2,train
opencv_frame_13765_png_jpg__3.jpg,opencv_frame,train,indoor,d0-2,1,2,train
opencv_frame_13765_png_jpg__4.jpg,opencv_frame,train,indoor,d0-2,1,1,train
opencv_frame_13765_png_jpg__5.jpg,opencv_frame,train,indoor,d0-2,1,5,valid
SJTU_SEIEE-182_330-02950_jpg.jpg,SJTU_SEIEE-182_330,train,unknown,d3-5,4,3,train
Day_06101541_Right_Back_2_Cut1_00500_jpg.jpg,Day_06101541_Right_Back_2_Cut1,train,outdoor,d6-10,7,3,train
Day_06101541_Right_Back_2_Cut1_00500_jpg__2.jpg,Day_06101541_Right_Back_2_Cut1,train,outdoor,d6-10,7,1,train
image_134_jpg.jpg,image,train,indoor,d3-5,4,1,train
image_783_jpg.jpg,image,train,indoor,d3-5,6,4,test
01587_jpg.jpg,01587,train,unknown,d0-2,1,2,train
Day_2102191625_N_Right_Back_Cut1_00564_jpg.jpg,Day_2102191625_N_Right_Back_Cut1,train,outdoor,d0-2,4,2,valid
Day_2102191625_N_Right_Back_Cut1_00564_jpg__2.jpg,Day_2102191625_N_Right_Back_Cut1,train,outdoor,d0-2,4,1,train
01-08-2022__09-49-56AM_jpg.jpg,01-08-2022__09-49-56AM,test,indoor,d3-5,3,2,valid
01-08-2022__09-49-56AM_jpg__2.jpg,01-08-2022__09-49-56AM,test,indoor,d3-5,3,1,train
image_771_jpg.jpg,image,train,indoor,d3-5,4,3,train
Day_2102191709_N_Right_Back_2_Cut2_00480_jpg__2.jpg,Day_2102191709_N_Right_Back_2_Cut2,train,outdoor,d6-10,5,2,train
image_462_jpg.jpg,image,train,indoor,d3-5,2,2,train
Day_07141436_Right_Back_Cut1_01528_jpg.jpg,Day_07141436_Right_Back_Cut1,train,outdoor,d6-10,12,3,train
Day_07141436_Right_Back_Cut1_01528_jpg__2.jpg,Day_07141436_Right_Back_Cut1,train,outdoor,d6-10,10,1,valid
image_329_jpg.jpg,image,train,indoor,d3-5,2,4,train
image_329_jpg__2.jpg,image,train,indoor,d3-5,2,2,train
Day_2102191726_P_Right_Back_Cut1_00316_jpg.jpg,Day_2102191726_P_Right_Back_Cut1,train,outdoor,d3-5,4,1,train
Day_2102191726_P_Right_Back_Cut1_00316_jpg__2.jpg,Day_2102191726_P_Right_Back_Cut1,train,outdoor,d3-5,4,4,valid
01-08-2022__04-12-28PM_jpg.jpg,01-08-2022__04-12-28PM,train,indoor,d0-2,2,2,train
img973602140830_jpg.jpg,img973602140830,train,unknown,d0-2,2,1,train
img973602140830_jpg__2.jpg,img973602140830,train,unknown,d0-2,2,3,test
01-08-2022__01-14-18PM_jpg.jpg,01-08-2022__01-14-18PM,val,indoor,d3-5,4,4,train
image_716_jpg.jpg,image,train,indoor,d3-5,7,4,train
01-08-2022__01-14-18PM_jpg__2.jpg,01-08-2022__01-14-18PM,val,indoor,d3-5,4,1,valid
Day_07141436_Right_Back_Cut1_01218_jpg.jpg,Day_07141436_Right_Back_Cut1,train,outdoor,d6-10,9,3,train
Day_07141436_Right_Back_Cut1_01218_jpg__2.jpg,Day_07141436_Right_Back_Cut1,train,outdoor,d6-10,9,1,valid
Road-005_00294_jpg.jpg,Road-005,train,outdoor,d3-5,3,5,train
Road-005_00294_jpg__2.jpg,Road-005,train,outdoor,d3-5,3,1,valid
01769_jpg.jpg,01769,train,unknown,d0-2,1,3,train
Day_2102191709_N_Right_Back_2_Cut1_00131_jpg.jpg,Day_2102191709_N_Right_Back_2_Cut1,test,outdoor,d6-10,6,5,train
Day_2102191709_N_Right_Back_2_Cut1_00131_jpg__2.jpg,Day_2102191709_N_Right_Back_2_Cut1,test,outdoor,d6-10,6,2,valid
image01000_jpg.jpg,image01000,train,indoor,d10+,27,3,valid
01-08-2022__10-03-52AM_jpg.jpg,01-08-2022__10-03-52AM,train,indoor,d0-2,2,1,train
Day_202102191756_P_Right_Back_Cut1_00355_jpg.jpg,Day_202102191756_P_Right_Back_Cut1,val,outdoor,d6-10,8,4,train
Day_07141436_Right_Back_Cut1_00008_jpg.jpg,Day_07141436_Right_Back_Cut1,train,outdoor,d6-10,2,1,train
Day_07141436_Right_Back_Cut1_00008_jpg__2.jpg,Day_07141436_Right_Back_Cut1,train,outdoor,d6-10,2,3,train
CAM19-21-08-2022__06-27-31PMgt_jpg.jpg,CAM19-21-08-2022__06-27-31PMgt,train,unknown,d0-2,1,4,test
01-08-2022__09-56-04AM_jpg.jpg,01-08-2022__09-56-04AM,test,indoor,d0-2,2,4,train
image_545_jpg.jpg,image,train,indoor,d3-5,6,2,train
01769_jpg__2.jpg,01769,train,unknown,d0-2,1,2,train
SeieeDept-029_00001_jpg.jpg,SeieeDept-029,train,outdoor,d0-2,1,1,train
SeieeDept-029_00001_jpg__2.jpg,SeieeDept-029,train,outdoor,d0-2,1,3,train
01962_jpg.jpg,01962,train,unknown,d0-2,1,8,train
02084_jpg.jpg,02084,train,unknown,d0-2,1,4,train
01-08-2022__09-11-15AM_jpg.jpg,01-08-2022__09-11-15AM,val,indoor,d3-5,4,5,train
output1_mp4-6_jpg.jpg,output1_mp4-6,train,unknown,d3-5,3,6,train
Day_07141436_Right_Back_Cut1_00548_jpg.jpg,Day_07141436_Right_Back_Cut1,train,outdoor,d6-10,5,3,valid
Day_07141436_Right_Back_Cut1_00548_jpg__2.jpg,Day_07141436_Right_Back_Cut1,train,outdoor,d6-10,5,2,train
Road-003_00049_jpg.jpg,Road-003,train,outdoor,d3-5,3,1,train
Road-003_00049_jpg__2.jpg,Road-003,train,outdoor,d3-5,3,1,test
image_64_jpg.jpg,image_64,train,indoor,d6-10,7,6,train
Day_07141436_Right_Back_Cut1_01618_jpg.jpg,Day_07141436_Right_Back_Cut1,train,outdoor,d6-10,11,2,valid
17280_jpg.jpg,17280,train,unknown,d10+,12,2,train
01-08-2022__10-16-24AM_jpg.jpg,01-08-2022__10-16-24AM,test,indoor,d3-5,4,3,train
01-08-2022__10-16-24AM_jpg__2.jpg,01-08-2022__10-16-24AM,test,indoor,d3-5,4,2,train
output1_mp4-6_jpg__2.jpg,output1_mp4-6,train,unknown,d3-5,3,2,train
Day_202102191756_P_Right_Back_Cut1_00695_jpg.jpg,Day_202102191756_P_Right_Back_Cut1,val,outdoor,d6-10,6,3,train
Day_202102191756_P_Right_Back_Cut1_00695_jpg__2.jpg,Day_202102191756_P_Right_Back_Cut1,val,outdoor,d6-10,6,2,train
27360_jpg.jpg,27360,train,unknown,d3-5,4,1,train
opencv_frame_20120_png_jpg.jpg,opencv_frame,train,indoor,d0-2,1,2,train
opencv_frame_20120_png_jpg__2.jpg,opencv_frame,train,indoor,d0-2,1,4,train
opencv_frame_20120_png_jpg__3.jpg,opencv_frame,train,indoor,d0-2,1,3,train
opencv_frame_20120_png_jpg__4.jpg,opencv_frame,train,indoor,d0-2,1,1,train
opencv_frame_20120_png_jpg__5.jpg,opencv_frame,train,indoor,d0-2,1,1,train
01-08-2022__01-11-03PM_jpg.jpg,01-08-2022__01-11-03PM,train,indoor,d6-10,7,2,train
01-08-2022__01-11-03PM_jpg__2.jpg,01-08-2022__01-11-03PM,train,indoor,d6-10,7,3,train
output1_mp4-20_jpg.jpg,output1_mp4-20,train,unknown,d0-2,2,3,train
CAM9-23-08-2022__05-27-02PMgt_jpg.jpg,CAM9-23-08-2022__05-27-02PMgt,train,unknown,d0-2,1,2,train
CAM9-23-08-2022__05-27-02PMgt_jpg__2.jpg,CAM9-23-08-2022__05-27-02PMgt,train,unknown,d0-2,1,3,valid
image_776_jpg.jpg,image,train,indoor,d3-5,9,3,train
image_776_jpg__2.jpg,image,train,indoor,d3-5,9,4,valid
Day_07141436_Right_Back_Cut1_00978_jpg.jpg,Day_07141436_Right_Back_Cut1,train,outdoor,d6-10,10,3,valid
Day_07141436_Right_Back_Cut1_00978_jpg__2.jpg,Day_07141436_Right_Back_Cut1,train,outdoor,d6-10,10,1,train
img96579642063_jpg.jpg,img96579642063,val,unknown,d6-10,6,1,train
img96579642063_jpg__2.jpg,img96579642063,val,unknown,d6-10,6,2,train
CAM36-23-08-2022__05-28-36PMgt_jpg.jpg,CAM36-23-08-2022__05-28-36PMgt,train,unknown,d0-2,1,1,train
CAM36-23-08-2022__05-28-36PMgt_jpg__2.jpg,CAM36-23-08-2022__05-28-36PMgt,train,unknown,d0-2,1,2,train
output1_mp4-20_jpg__2.jpg,output1_mp4-20,train,unknown,d0-2,2,2,train
01-08-2022__01-02-29PM_jpg.jpg,01-08-2022__01-02-29PM,test,indoor,d0-2,1,2,valid
01-08-2022__01-02-29PM_jpg__2.jpg,01-08-2022__01-02-29PM,test,indoor,d0-2,1,2,train
image_272_jpg.jpg,image,train,indoor,d3-5,3,2,train
img965796255566_jpg.jpg,img965796255566,train,unknown,d0-2,2,2,valid
img965796255566_jpg__2.jpg,img965796255566,train,unknown,d0-2,2,3,test
CAM37-24-08-2022__09-16-13PMgt_jpg.jpg,CAM37-24-08-2022__09-16-13PMgt,test,unknown,d0-2,1,1,train
CAM37-24-08-2022__09-16-13PMgt_jpg__2.jpg,CAM37-24-08-2022__09-16-13PMgt,test,unknown,d0-2,1,2,train
image_836_jpg.jpg,image,train,indoor,d3-5,6,2,train
image_836_jpg__2.jpg,image,train,indoor,d3-5,6,2,train
Day_06101541_Right_Back_2_Cut1_00460_jpg.jpg,Day_06101541_Right_Back_2_Cut1,train,outdoor,d6-10,7,7,train
output1_mp4-20_jpg__3.jpg,output1_mp4-20,train,unknown,d0-2,2,2,train
image_723_jpg.jpg,image,train,indoor,d3-5,2,1,train
image_723_jpg__2.jpg,image,train,indoor,d3-5,2,1,train
Day_2102191709_N_Right_Back_2_Cut2_00190_jpg.jpg,Day_2102191709_N_Right_Back_2_Cut2,train,outdoor,d6-10,5,1,train
Day_2102191709_N_Right_Back_2_Cut2_00190_jpg__2.jpg,Day_2102191709_N_Right_Back_2_Cut2,train,outdoor,d6-10,5,1,train
img97360210030_jpg.jpg,img97360210030,test,unknown,d3-5,4,1,train
img97360210030_jpg__2.jpg,img97360210030,test,unknown,d3-5,4,2,train
img97360210030_jpg__3.jpg,img97360210030,test,unknown,d3-5,4,2,valid
img96579644336_jpg.jpg,img96579644336,train,unknown,d3-5,4,4,train
040843_15_683505_jpg.jpg,040843_15,train,semi,d0-2,1,2,valid
040843_15_683505_jpg__2.jpg,040843_15,train,semi,d0-2,1,2,train
01-08-2022__02-05-06PM_jpg.jpg,01-08-2022__02-05-06PM,train,indoor,d0-2,1,3,test
image_537_jpg.jpg,image,train,indoor,d3-5,4,2,train
image_537_jpg__2.jpg,image,train,indoor,d3-5,4,3,valid
img970324110579_jpg.jpg,img970324110579,train,unknown,d0-2,2,2,train
img970324110579_jpg__2.jpg,img970324110579,train,unknown,d0-2,2,2,train
img970324110579_jpg__3.jpg,img970324110579,train,unknown,d0-2,2,1,valid
Day_202102191756_P_Right_Back_Cut1_00845_jpg.jpg,Day_202102191756_P_Right_Back_Cut1,val,outdoor,d6-10,4,3,train
Day_202102191756_P_Right_Back_Cut1_00845_jpg__2.jpg,Day_202102191756_P_Right_Back_Cut1,val,outdoor,d6-10,4,2,train
Day_06101541_Right_Back_2_Cut1_00360_jpg.jpg,Day_06101541_Right_Back_2_Cut1,train,outdoor,d6-10,6,4,valid
image_157_jpg.jpg,image,train,indoor,d3-5,3,1,train
image_157_jpg__2.jpg,image,train,indoor,d3-5,3,1,train
SeieeDept-023_00469_jpg__2.jpg,SeieeDept-023,val,outdoor,d3-5,4,2,train
img973602103131_jpg.jpg,img973602103131,train,unknown,d0-2,1,2,train
image_135_jpg.jpg,image,train,indoor,d3-5,3,2,train
image_875_jpg.jpg,image,train,indoor,d3-5,5,1,train
image_875_jpg__2.jpg,image,train,indoor,d3-5,5,2,test
output_mp4-71_jpg.jpg,output_mp4-71,val,indoor,d3-5,3,4,train
output_mp4-71_jpg__2.jpg,output_mp4-71,val,indoor,d3-5,3,1,train
output_mp4-71_jpg__3.jpg,output_mp4-71,val,indoor,d3-5,3,2,train
output_mp4-71_jpg__4.jpg,output_mp4-71,val,indoor,d3-5,3,2,test
output_mp4-71_jpg__5.jpg,output_mp4-71,val,indoor,d3-5,3,1,train
output_mp4-71_jpg__6.jpg,output_mp4-71,val,indoor,d3-5,3,1,valid
output_mp4-25_jpg.jpg,output_mp4-25,train,indoor,d3-5,3,4,train
img973602103131_jpg__2.jpg,img973602103131,train,unknown,d0-2,1,2,train
output_mp4-25_jpg__2.jpg,output_mp4-25,train,indoor,d3-5,3,2,test
Day_06101541_Right_Back_2_Cut1_00270_jpg.jpg,Day_06101541_Right_Back_2_Cut1,train,outdoor,d6-10,3,2,train
Day_06101541_Right_Back_2_Cut1_00270_jpg__2.jpg,Day_06101541_Right_Back_2_Cut1,train,outdoor,d6-10,2,1,train
Day_2102191709_N_Right_Back_2_Cut1_00601_jpg.jpg,Day_2102191709_N_Right_Back_2_Cut1,test,outdoor,d6-10,4,1,train
Day_2102191709_N_Right_Back_2_Cut1_00601_jpg__2.jpg,Day_2102191709_N_Right_Back_2_Cut1,test,outdoor,d6-10,4,2,train
image_442_jpg.jpg,image,train,indoor,d3-5,1,3,train
00937_jpg.jpg,00937,train,unknown,d0-2,1,2,train
00937_jpg__2.jpg,00937,train,unknown,d0-2,1,1,train
Day_2102191625_N_Right_Back_Cut1_00124_jpg.jpg,Day_2102191625_N_Right_Back_Cut1,train,outdoor,d0-2,2,2,train
image_881_jpg.jpg,image,train,indoor,d3-5,9,2,train
img9736021598_jpg.jpg,img9736021598,val,unknown,d0-2,1,1,train
image_881_jpg__2.jpg,image,train,indoor,d3-5,9,1,train
Day_2102191709_N_Right_Back_Cut1_00079_jpg.jpg,Day_2102191709_N_Right_Back_Cut1,train,outdoor,d6-10,6,2,train
01-08-2022__01-57-40PM_jpg.jpg,01-08-2022__01-57-40PM,train,indoor,d0-2,2,4,valid
opencv_frame_13735_png_jpg.jpg,opencv_frame,train,indoor,d0-2,1,6,valid
opencv_frame_13735_png_jpg__2.jpg,opencv_frame,train,indoor,d0-2,1,1,train
opencv_frame_13735_png_jpg__3.jpg,opencv_frame,train,indoor,d0-2,1,1,train
opencv_frame_13735_png_jpg__4.jpg,opencv_frame,train,indoor,d0-2,1,1,train
CAM17-21-08-2022__06-27-50PMgt_jpg.jpg,CAM17-21-08-2022__06-27-50PMgt,train,unknown,d0-2,1,3,train
CAM17-21-08-2022__06-27-50PMgt_jpg__2.jpg,CAM17-21-08-2022__06-27-50PMgt,train,unknown,d0-2,1,1,train
Road-004_00305_jpg.jpg,Road-004,train,outdoor,d0-2,5,2,train
Road-006_00500_jpg.jpg,Road-006,train,outdoor,d0-2,1,2,train
Road-004_00305_jpg__2.jpg,Road-004,train,outdoor,d0-2,5,1,valid
01316_jpg.jpg,01316,train,unknown,d0-2,1,4,train
CrossRoad-001_00147_jpg.jpg,CrossRoad-001,val,outdoor,d0-2,1,3,train
CrossRoad-001_00147_jpg__2.jpg,CrossRoad-001,val,outdoor,d0-2,1,1,train
01-08-2022__01-37-21PM_jpg.jpg,01-08-2022__01-37-21PM,test,indoor,d3-5,4,2,train
01-08-2022__01-37-21PM_jpg__2.jpg,01-08-2022__01-37-21PM,test,indoor,d3-5,4,1,train
image_632_jpg.jpg,image,train,indoor,d3-5,5,1,train
image_632_jpg__2.jpg,image,train,indoor,d3-5,5,1,train
01247_jpg.jpg,01247,train,unknown,d0-2,1,1,train
01247_jpg__2.jpg,01247,train,unknown,d0-2,1,1,train
Road-006_00500_jpg__2.jpg,Road-006,train,outdoor,d0-2,1,2,train
img97032425840_jpg.jpg,img97032425840,train,unknown,d0-2,1,5,test
040843_13_386790_jpg.jpg,040843_13,train,semi,d0-2,1,1,train
040843_13_386790_jpg__2.jpg,040843_13,train,semi,d0-2,1,1,valid
Day_2102191709_N_Right_Back_2_Cut2_00310_jpg.jpg,Day_2102191709_N_Right_Back_2_Cut2,train,outdoor,d6-10,5,1,train
Road-004_00028_jpg.jpg,Road-004,train,outdoor,d0-2,1,2,train
SJTU_SEIEE-182_330-02854_jpg.jpg,SJTU_SEIEE-182_330,train,unknown,d3-5,2,7,train
SeieeDept-025_01233_jpg.jpg,SeieeDept-025,train,outdoor,d0-2,2,3,train
Day_02191732_Right_Back_Cut1_00701_jpg.jpg,Day_02191732_Right_Back_Cut1,train,outdoor,d6-10,8,2,test
image_292_jpg.jpg,image,train,indoor,d3-5,3,3,train
01-08-2022__04-17-28PM_jpg.jpg,01-08-2022__04-17-28PM,train,indoor,d0-2,1,2,test
Day_2102191709_N_Right_Back_Cut1_00179_jpg.jpg,Day_2102191709_N_Right_Back_Cut1,train,outdoor,d6-10,6,2,train
01-08-2022__04-17-28PM_jpg__2.jpg,01-08-2022__04-17-28PM,train,indoor,d0-2,1,1,train
Day_202102191756_P_Right_Back_Cut1_01055_jpg.jpg,Day_202102191756_P_Right_Back_Cut1,val,outdoor,d6-10,2,3,valid
Day_202102191756_P_Right_Back_Cut1_01055_jpg__2.jpg,Day_202102191756_P_Right_Back_Cut1,val,outdoor,d6-10,2,2,valid
img97032424777_jpg.jpg,img97032424777,test,unknown,d0-2,2,3,train
image_562_jpg.jpg,image,train,indoor,d3-5,4,1,train
image_562_jpg__2.jpg,image,train,indoor,d3-5,4,2,train
SeieeDept-051_00536_jpg.jpg,SeieeDept-051,train,outdoor,d0-2,1,3,test
SeieeDept-051_00536_jpg__2.jpg,SeieeDept-051,train,outdoor,d0-2,1,1,test
opencv_frame_20055_png_jpg.jpg,opencv_frame,train,indoor,d0-2,1,4,train
opencv_frame_20055_png_jpg__2.jpg,opencv_frame,train,indoor,d0-2,1,3,train
Day_202102191756_P_Right_Back_Cut1_00895_jpg.jpg,Day_202102191756_P_Right_Back_Cut1,val,outdoor,d6-10,6,5,train
opencv_frame_20055_png_jpg__3.jpg,opencv_frame,train,indoor,d0-2,1,4,train
Day_02191732_Right_Back_Cut1_00651_jpg.jpg,Day_02191732_Right_Back_Cut1,train,outdoor,d6-10,7,3,train
Day_02191732_Right_Back_Cut1_00651_jpg__2.jpg,Day_02191732_Right_Back_Cut1,train,outdoor,d6-10,7,2,valid
Day_07141436_Right_Back_Cut1_01438_jpg.jpg,Day_07141436_Right_Back_Cut1,train,outdoor,d6-10,11,3,valid
Day_07141436_Right_Back_Cut1_01438_jpg__2.jpg,Day_07141436_Right_Back_Cut1,train,outdoor,d6-10,11,1,valid
Day_07141436_Right_Back_Cut1_00828_jpg.jpg,Day_07141436_Right_Back_Cut1,train,outdoor,d6-10,9,5,train
01009_jpg.jpg,01009,train,unknown,d0-2,2,2,train
01009_jpg__2.jpg,01009,train,unknown,d0-2,2,3,test
CrossRoad-001_00061_jpg.jpg,CrossRoad-001,val,outdoor,d0-2,1,2,train
CrossRoad-001_00061_jpg__2.jpg,CrossRoad-001,val,outdoor,d0-2,1,3,train
output_mp4-50_jpg__2.jpg,output_mp4-50,test,indoor,d0-2,2,4,train
output1_mp4-167_jpg.jpg,output1_mp4,train,unknown,d0-2,1,4,train
output1_mp4-167_jpg__2.jpg,output1_mp4,train,unknown,d0-2,1,2,train
output1_mp4-167_jpg__3.jpg,output1_mp4,train,unknown,d0-2,1,2,train
Day_07141436_Right_Back_Cut1_00848_jpg.jpg,Day_07141436_Right_Back_Cut1,train,outdoor,d6-10,9,1,train
Day_07141436_Right_Back_Cut1_00848_jpg__2.jpg,Day_07141436_Right_Back_Cut1,train,outdoor,d6-10,10,1,train
4_png_jpg__3.jpg,4,train,unknown,d0-2,1,7,train
4_png_jpg__4.jpg,4,train,unknown,d0-2,1,1,train
4_png_jpg__5.jpg,4,train,unknown,d0-2,1,1,train
4_png_jpg__6.jpg,4,train,unknown,d0-2,2,2,train
4_png_jpg__7.jpg,4,train,unknown,d0-2,2,1,train
output_mp4-50_jpg__3.jpg,output_mp4-50,test,indoor,d0-2,2,4,valid
4_png_jpg__8.jpg,4,train,unknown,d0-2,3,3,train
SeieeDept-013_00828_jpg.jpg,SeieeDept-013,train,outdoor,d0-2,1,4,train
01-08-2022__02-36-36PM_jpg.jpg,01-08-2022__02-36-36PM,train,indoor,d0-2,1,2,train
image_388_jpg.jpg,image,train,indoor,d3-5,6,1,train
Day_02191732_Right_Back_Cut1_00211_jpg.jpg,Day_02191732_Right_Back_Cut1,train,outdoor,d6-10,8,2,valid
Day_02191732_Right_Back_Cut1_00211_jpg__2.jpg,Day_02191732_Right_Back_Cut1,train,outdoor,d6-10,8,3,train
opencv_frame_13785_png_jpg.jpg,opencv_frame,train,indoor,d0-2,1,2,train
opencv_frame_13785_png_jpg__2.jpg,opencv_frame,train,indoor,d0-2,1,2,train
SJTU_SEIEE-182_330-01987_jpg.jpg,SJTU_SEIEE-182_330,train,unknown,d3-5,6,3,train
image_343_jpg.jpg,image,train,indoor,d3-5,4,3,train
output_mp4-50_jpg__4.jpg,output_mp4-50,test,indoor,d0-2,2,3,valid
image_343_jpg__2.jpg,image,train,indoor,d3-5,4,1,train
Day_202102191756_P_Right_Back_Cut1_00945_jpg.jpg,Day_202102191756_P_Right_Back_Cut1,val,outdoor,d6-10,7,2,train
Day_202102191756_P_Right_Back_Cut1_00945_jpg__2.jpg,Day_202102191756_P_Right_Back_Cut1,val,outdoor,d6-10,7,2,valid
image_339_jpg.jpg,image,train,indoor,d3-5,6,2,train
0_jpg.jpg,0,train,unknown,d10+,14,4,valid
0_jpg__2.jpg,0,train,unknown,d10+,14,2,train
output_mp4-84_jpg.jpg,output_mp4-84,train,indoor,d0-2,2,11,valid
Day_06101541_Right_Back_2_Cut1_00540_jpg.jpg,Day_06101541_Right_Back_2_Cut1,train,outdoor,d6-10,8,3,train
Day_06101541_Right_Back_2_Cut1_00540_jpg__2.jpg,Day_06101541_Right_Back_2_Cut1,train,outdoor,d6-10,8,1,valid
Day_202102191756_P_Right_Back_Cut1_00635_jpg__2.jpg,Day_202102191756_P_Right_Back_Cut1,val,outdoor,d6-10,5,2,train
